2026-04-19 12:39:16,075 - werkzeug - WARNING -  * Debugger is active!
2026-04-19 12:39:16,079 - werkzeug - INFO -  * Debugger PIN: 805-155-362
2026-04-19 12:39:23,227 - werkzeug - INFO -  * Detected change in '/Users/ebeneyeraggrey-mills/development/CareIT/CareIT_Vibe_Miniapp/routes/misc_api.py', reloading
2026-04-19 12:39:23,649 - werkzeug - WARNING -  * Debugger is active!
2026-04-19 12:39:23,653 - werkzeug - INFO -  * Debugger PIN: 805-155-362
2026-04-19 12:40:24,077 - werkzeug - INFO -  * Detected change in '/Users/ebeneyeraggrey-mills/development/CareIT/CareIT_Vibe_Miniapp/routes/misc_api.py', reloading
2026-04-19 12:40:24,592 - werkzeug - WARNING -  * Debugger is active!
2026-04-19 12:40:24,597 - werkzeug - INFO -  * Debugger PIN: 805-155-362
2026-04-19 12:40:25,632 - werkzeug - INFO -  * Detected change in '/Users/ebeneyeraggrey-mills/development/CareIT/CareIT_Vibe_Miniapp/routes/misc_api.py', reloading
2026-04-19 12:40:26,077 - werkzeug - WARNING -  * Debugger is active!
2026-04-19 12:40:26,080 - werkzeug - INFO -  * Debugger PIN: 805-155-362
2026-04-19 12:40:40,404 - werkzeug - INFO -  * Detected change in '/Users/ebeneyeraggrey-mills/development/CareIT/CareIT_Vibe_Miniapp/routes/misc_api.py', reloading
2026-04-19 12:40:40,889 - werkzeug - WARNING -  * Debugger is active!
2026-04-19 12:40:40,893 - werkzeug - INFO -  * Debugger PIN: 805-155-362
2026-04-19 12:40:41,943 - werkzeug - INFO -  * Detected change in '/Users/ebeneyeraggrey-mills/development/CareIT/CareIT_Vibe_Miniapp/routes/misc_api.py', reloading
2026-04-19 12:40:42,387 - werkzeug - WARNING -  * Debugger is active!
2026-04-19 12:40:42,390 - werkzeug - INFO -  * Debugger PIN: 805-155-362
2026-04-19 12:40:51,607 - werkzeug - INFO -  * Detected change in '/Users/ebeneyeraggrey-mills/development/CareIT/CareIT_Vibe_Miniapp/routes/misc_api.py', reloading
2026-04-19 12:40:52,013 - werkzeug - WARNING -  * Debugger is active!
2026-04-19 12:40:52,016 - werkzeug - INFO -  * Debugger PIN: 805-155-362
2026-04-19 12:41:29,941 - werkzeug - INFO -  * Detected change in '/Users/ebeneyeraggrey-mills/development/CareIT/CareIT_Vibe_Miniapp/routes/misc_api.py', reloading
2026-04-19 12:41:30,444 - werkzeug - WARNING -  * Debugger is active!
2026-04-19 12:41:30,448 - werkzeug - INFO -  * Debugger PIN: 805-155-362

============================================================
[INDEX] POST request to / from 192.168.0.239
[INDEX] Cookies: []
============================================================
[INDEX] POST request - checking Flutter headers
[INDEX] Headers: auth=True, patient_id=all, fhir_base=http://38.careit.one:8200
[INDEX] All headers present, processing Flutter integration
2026-04-19 12:41:44,818 - direct_fhir - INFO - Fetching all patients
2026-04-19 12:41:45,178 - direct_fhir - INFO - Found 100 patients
2026-04-19 12:41:46,005 - direct_fhir - INFO -   Account: 0 so far...
[ALL-PATIENTS] Account: fetched 0 records
2026-04-19 12:41:46,114 - direct_fhir - INFO -   AdverseEvent: 0 so far...
[ALL-PATIENTS] AdverseEvent: fetched 0 records
2026-04-19 12:41:46,289 - direct_fhir - INFO -   AllergyIntolerance: 50 so far...
2026-04-19 12:41:47,002 - direct_fhir - INFO -   AllergyIntolerance: 87 so far...
[ALL-PATIENTS] AllergyIntolerance: fetched 87 records
2026-04-19 12:41:47,319 - direct_fhir - INFO -   Appointment: 0 so far...
[ALL-PATIENTS] Appointment: fetched 0 records
2026-04-19 12:41:47,430 - direct_fhir - INFO -   AppointmentResponse: 0 so far...
[ALL-PATIENTS] AppointmentResponse: fetched 0 records
2026-04-19 12:41:47,627 - direct_fhir - INFO -   AuditEvent: 50 so far...
2026-04-19 12:41:48,329 - direct_fhir - INFO -   AuditEvent: 96 so far...
[ALL-PATIENTS] AuditEvent: fetched 96 records
2026-04-19 12:41:48,456 - direct_fhir - INFO -   Basic: 0 so far...
[ALL-PATIENTS] Basic: fetched 0 records
2026-04-19 12:41:48,548 - direct_fhir - INFO -   BodyStructure: 0 so far...
[ALL-PATIENTS] BodyStructure: fetched 0 records
2026-04-19 12:41:48,754 - direct_fhir - INFO -   CarePlan: 50 so far...
2026-04-19 12:41:49,600 - direct_fhir - INFO -   CarePlan: 100 so far...
2026-04-19 12:41:49,812 - direct_fhir - INFO -   CarePlan: 150 so far...
2026-04-19 12:41:50,042 - direct_fhir - INFO -   CarePlan: 200 so far...
2026-04-19 12:41:50,286 - direct_fhir - INFO -   CarePlan: 250 so far...
2026-04-19 12:41:50,553 - direct_fhir - INFO -   CarePlan: 300 so far...
2026-04-19 12:41:50,682 - direct_fhir - INFO -   CarePlan: 304 so far...
[ALL-PATIENTS] CarePlan: fetched 304 records
2026-04-19 12:41:50,809 - direct_fhir - INFO -   CareTeam: 0 so far...
[ALL-PATIENTS] CareTeam: fetched 0 records
2026-04-19 12:41:50,935 - direct_fhir - INFO -   ChargeItem: 0 so far...
[ALL-PATIENTS] ChargeItem: fetched 0 records
2026-04-19 12:41:51,095 - direct_fhir - INFO -   Claim: 0 so far...
[ALL-PATIENTS] Claim: fetched 0 records
2026-04-19 12:41:51,202 - direct_fhir - INFO -   ClaimResponse: 0 so far...
[ALL-PATIENTS] ClaimResponse: fetched 0 records
2026-04-19 12:41:51,359 - direct_fhir - INFO -   ClinicalImpression: 0 so far...
[ALL-PATIENTS] ClinicalImpression: fetched 0 records
2026-04-19 12:41:51,558 - direct_fhir - INFO -   Communication: 50 so far...
2026-04-19 12:41:52,317 - direct_fhir - INFO -   Communication: 100 so far...
2026-04-19 12:41:52,499 - direct_fhir - INFO -   Communication: 150 so far...
2026-04-19 12:41:52,637 - direct_fhir - INFO -   Communication: 200 so far...
2026-04-19 12:41:52,798 - direct_fhir - INFO -   Communication: 250 so far...
2026-04-19 12:41:52,973 - direct_fhir - INFO -   Communication: 300 so far...
2026-04-19 12:41:53,163 - direct_fhir - INFO -   Communication: 350 so far...
2026-04-19 12:41:53,344 - direct_fhir - INFO -   Communication: 400 so far...
2026-04-19 12:41:53,519 - direct_fhir - INFO -   Communication: 450 so far...
2026-04-19 12:41:53,680 - direct_fhir - INFO -   Communication: 500 so far...
2026-04-19 12:41:54,388 - direct_fhir - INFO -   Communication: 550 so far...
2026-04-19 12:41:54,770 - direct_fhir - INFO -   Communication: 600 so far...
2026-04-19 12:41:54,958 - direct_fhir - INFO -   Communication: 650 so far...
2026-04-19 12:41:55,119 - direct_fhir - INFO -   Communication: 655 so far...
[ALL-PATIENTS] Communication: fetched 655 records
2026-04-19 12:41:55,277 - direct_fhir - INFO -   CommunicationRequest: 0 so far...
[ALL-PATIENTS] CommunicationRequest: fetched 0 records
2026-04-19 12:41:55,408 - direct_fhir - INFO -   Composition: 0 so far...
[ALL-PATIENTS] Composition: fetched 0 records
2026-04-19 12:41:55,558 - direct_fhir - INFO -   Condition: 50 so far...
2026-04-19 12:41:56,341 - direct_fhir - INFO -   Condition: 100 so far...
2026-04-19 12:41:56,496 - direct_fhir - INFO -   Condition: 150 so far...
2026-04-19 12:41:56,649 - direct_fhir - INFO -   Condition: 200 so far...
2026-04-19 12:41:56,842 - direct_fhir - INFO -   Condition: 250 so far...
2026-04-19 12:41:57,038 - direct_fhir - INFO -   Condition: 300 so far...
2026-04-19 12:41:57,233 - direct_fhir - INFO -   Condition: 350 so far...
2026-04-19 12:41:57,384 - direct_fhir - INFO -   Condition: 400 so far...
2026-04-19 12:41:57,538 - direct_fhir - INFO -   Condition: 450 so far...
2026-04-19 12:41:57,683 - direct_fhir - INFO -   Condition: 500 so far...
2026-04-19 12:41:58,557 - direct_fhir - INFO -   Condition: 550 so far...
2026-04-19 12:41:58,742 - direct_fhir - INFO -   Condition: 600 so far...
2026-04-19 12:41:58,906 - direct_fhir - INFO -   Condition: 650 so far...
2026-04-19 12:41:59,140 - direct_fhir - INFO -   Condition: 700 so far...
2026-04-19 12:41:59,321 - direct_fhir - INFO -   Condition: 750 so far...
2026-04-19 12:41:59,519 - direct_fhir - INFO -   Condition: 800 so far...
2026-04-19 12:41:59,734 - direct_fhir - INFO -   Condition: 850 so far...
2026-04-19 12:41:59,901 - direct_fhir - INFO -   Condition: 900 so far...
2026-04-19 12:42:00,112 - direct_fhir - INFO -   Condition: 950 so far...
2026-04-19 12:42:00,288 - direct_fhir - INFO -   Condition: 1000 so far...
2026-04-19 12:42:00,488 - direct_fhir - INFO -   Condition: 1050 so far...
2026-04-19 12:42:00,680 - direct_fhir - INFO -   Condition: 1100 so far...
2026-04-19 12:42:00,826 - direct_fhir - INFO -   Condition: 1150 so far...
2026-04-19 12:42:01,050 - direct_fhir - INFO -   Condition: 1200 so far...
2026-04-19 12:42:01,234 - direct_fhir - INFO -   Condition: 1250 so far...
2026-04-19 12:42:01,389 - direct_fhir - INFO -   Condition: 1300 so far...
2026-04-19 12:42:01,575 - direct_fhir - INFO -   Condition: 1350 so far...
2026-04-19 12:42:01,798 - direct_fhir - INFO -   Condition: 1400 so far...
2026-04-19 12:42:01,950 - direct_fhir - INFO -   Condition: 1450 so far...
2026-04-19 12:42:02,139 - direct_fhir - INFO -   Condition: 1500 so far...
2026-04-19 12:42:02,336 - direct_fhir - INFO -   Condition: 1550 so far...
2026-04-19 12:42:02,489 - direct_fhir - INFO -   Condition: 1600 so far...
2026-04-19 12:42:02,644 - direct_fhir - INFO -   Condition: 1650 so far...
2026-04-19 12:42:02,826 - direct_fhir - INFO -   Condition: 1700 so far...
2026-04-19 12:42:03,010 - direct_fhir - INFO -   Condition: 1750 so far...
2026-04-19 12:42:03,180 - direct_fhir - INFO -   Condition: 1800 so far...
2026-04-19 12:42:03,336 - direct_fhir - INFO -   Condition: 1850 so far...
2026-04-19 12:42:03,509 - direct_fhir - INFO -   Condition: 1900 so far...
2026-04-19 12:42:03,662 - direct_fhir - INFO -   Condition: 1950 so far...
2026-04-19 12:42:03,809 - direct_fhir - INFO -   Condition: 2000 so far...
2026-04-19 12:42:05,966 - direct_fhir - INFO -   Condition: 2050 so far...
2026-04-19 12:42:06,175 - direct_fhir - INFO -   Condition: 2100 so far...
2026-04-19 12:42:06,364 - direct_fhir - INFO -   Condition: 2150 so far...
2026-04-19 12:42:06,558 - direct_fhir - INFO -   Condition: 2200 so far...
2026-04-19 12:42:06,738 - direct_fhir - INFO -   Condition: 2250 so far...
2026-04-19 12:42:06,904 - direct_fhir - INFO -   Condition: 2300 so far...
2026-04-19 12:42:07,095 - direct_fhir - INFO -   Condition: 2350 so far...
2026-04-19 12:42:07,278 - direct_fhir - INFO -   Condition: 2400 so far...
2026-04-19 12:42:07,459 - direct_fhir - INFO -   Condition: 2450 so far...
2026-04-19 12:42:07,646 - direct_fhir - INFO -   Condition: 2500 so far...
2026-04-19 12:42:07,902 - direct_fhir - INFO -   Condition: 2550 so far...
2026-04-19 12:42:08,129 - direct_fhir - INFO -   Condition: 2600 so far...
2026-04-19 12:42:08,298 - direct_fhir - INFO -   Condition: 2650 so far...
2026-04-19 12:42:08,456 - direct_fhir - INFO -   Condition: 2700 so far...
2026-04-19 12:42:08,624 - direct_fhir - INFO -   Condition: 2750 so far...
2026-04-19 12:42:08,807 - direct_fhir - INFO -   Condition: 2800 so far...
2026-04-19 12:42:08,999 - direct_fhir - INFO -   Condition: 2850 so far...
2026-04-19 12:42:09,224 - direct_fhir - INFO -   Condition: 2900 so far...
2026-04-19 12:42:09,431 - direct_fhir - INFO -   Condition: 2950 so far...
2026-04-19 12:42:09,641 - direct_fhir - INFO -   Condition: 3000 so far...
2026-04-19 12:42:09,857 - direct_fhir - INFO -   Condition: 3050 so far...
2026-04-19 12:42:10,043 - direct_fhir - INFO -   Condition: 3100 so far...
2026-04-19 12:42:10,221 - direct_fhir - INFO -   Condition: 3150 so far...
2026-04-19 12:42:10,405 - direct_fhir - INFO -   Condition: 3200 so far...
2026-04-19 12:42:10,591 - direct_fhir - INFO -   Condition: 3250 so far...
2026-04-19 12:42:10,760 - direct_fhir - INFO -   Condition: 3300 so far...
2026-04-19 12:42:10,911 - direct_fhir - INFO -   Condition: 3350 so far...
2026-04-19 12:42:11,118 - direct_fhir - INFO -   Condition: 3400 so far...
2026-04-19 12:42:11,287 - direct_fhir - INFO -   Condition: 3450 so far...
2026-04-19 12:42:11,452 - direct_fhir - INFO -   Condition: 3500 so far...
2026-04-19 12:42:11,681 - direct_fhir - INFO -   Condition: 3550 so far...
2026-04-19 12:42:11,856 - direct_fhir - INFO -   Condition: 3600 so far...
2026-04-19 12:42:12,015 - direct_fhir - INFO -   Condition: 3650 so far...
2026-04-19 12:42:12,230 - direct_fhir - INFO -   Condition: 3700 so far...
2026-04-19 12:42:12,379 - direct_fhir - INFO -   Condition: 3750 so far...
2026-04-19 12:42:12,535 - direct_fhir - INFO -   Condition: 3800 so far...
2026-04-19 12:42:12,692 - direct_fhir - INFO -   Condition: 3850 so far...
2026-04-19 12:42:12,907 - direct_fhir - INFO -   Condition: 3900 so far...
2026-04-19 12:42:13,069 - direct_fhir - INFO -   Condition: 3950 so far...
2026-04-19 12:42:13,215 - direct_fhir - INFO -   Condition: 4000 so far...
2026-04-19 12:42:13,425 - direct_fhir - INFO -   Condition: 4050 so far...
2026-04-19 12:42:13,605 - direct_fhir - INFO -   Condition: 4100 so far...
2026-04-19 12:42:13,786 - direct_fhir - INFO -   Condition: 4150 so far...
2026-04-19 12:42:13,955 - direct_fhir - INFO -   Condition: 4200 so far...
2026-04-19 12:42:14,103 - direct_fhir - INFO -   Condition: 4250 so far...
2026-04-19 12:42:14,261 - direct_fhir - INFO -   Condition: 4300 so far...
2026-04-19 12:42:14,462 - direct_fhir - INFO -   Condition: 4350 so far...
2026-04-19 12:42:14,651 - direct_fhir - INFO -   Condition: 4400 so far...
2026-04-19 12:42:14,877 - direct_fhir - INFO -   Condition: 4450 so far...
2026-04-19 12:42:15,089 - direct_fhir - INFO -   Condition: 4500 so far...
2026-04-19 12:42:15,375 - direct_fhir - INFO -   Condition: 4550 so far...
2026-04-19 12:42:15,559 - direct_fhir - INFO -   Condition: 4600 so far...
2026-04-19 12:42:15,761 - direct_fhir - INFO -   Condition: 4650 so far...
2026-04-19 12:42:15,935 - direct_fhir - INFO -   Condition: 4700 so far...
2026-04-19 12:42:16,103 - direct_fhir - INFO -   Condition: 4750 so far...
2026-04-19 12:42:16,273 - direct_fhir - INFO -   Condition: 4800 so far...
2026-04-19 12:42:16,428 - direct_fhir - INFO -   Condition: 4850 so far...
2026-04-19 12:42:16,609 - direct_fhir - INFO -   Condition: 4900 so far...
2026-04-19 12:42:16,799 - direct_fhir - INFO -   Condition: 4950 so far...
2026-04-19 12:42:16,950 - direct_fhir - INFO -   Condition: 5000 so far...
2026-04-19 12:42:17,144 - direct_fhir - INFO -   Condition: 5050 so far...
2026-04-19 12:42:17,317 - direct_fhir - INFO -   Condition: 5100 so far...
2026-04-19 12:42:17,485 - direct_fhir - INFO -   Condition: 5150 so far...
2026-04-19 12:42:17,641 - direct_fhir - INFO -   Condition: 5200 so far...
2026-04-19 12:42:17,837 - direct_fhir - INFO -   Condition: 5250 so far...
2026-04-19 12:42:18,025 - direct_fhir - INFO -   Condition: 5300 so far...
2026-04-19 12:42:18,209 - direct_fhir - INFO -   Condition: 5350 so far...
2026-04-19 12:42:18,405 - direct_fhir - INFO -   Condition: 5400 so far...
2026-04-19 12:42:18,590 - direct_fhir - INFO -   Condition: 5450 so far...
2026-04-19 12:42:18,801 - direct_fhir - INFO -   Condition: 5500 so far...
2026-04-19 12:42:18,971 - direct_fhir - INFO -   Condition: 5550 so far...
2026-04-19 12:42:19,136 - direct_fhir - INFO -   Condition: 5600 so far...
2026-04-19 12:42:19,339 - direct_fhir - INFO -   Condition: 5650 so far...
2026-04-19 12:42:19,492 - direct_fhir - INFO -   Condition: 5700 so far...
2026-04-19 12:42:19,758 - direct_fhir - INFO -   Condition: 5750 so far...
2026-04-19 12:42:19,948 - direct_fhir - INFO -   Condition: 5800 so far...
2026-04-19 12:42:20,125 - direct_fhir - INFO -   Condition: 5850 so far...
2026-04-19 12:42:20,289 - direct_fhir - INFO -   Condition: 5900 so far...
2026-04-19 12:42:20,479 - direct_fhir - INFO -   Condition: 5950 so far...
2026-04-19 12:42:20,564 - werkzeug - INFO - 192.168.0.211 - - [19/Apr/2026 12:42:20] "[31m[1mGET / HTTP/1.1[0m" 403 -
2026-04-19 12:42:20,676 - direct_fhir - INFO -   Condition: 6000 so far...
2026-04-19 12:42:20,812 - werkzeug - INFO - 192.168.0.211 - - [19/Apr/2026 12:42:20] "[33mGET /favicon.ico HTTP/1.1[0m" 404 -
2026-04-19 12:42:20,934 - direct_fhir - INFO -   Condition: 6050 so far...
2026-04-19 12:42:21,095 - direct_fhir - INFO -   Condition: 6100 so far...
2026-04-19 12:42:21,497 - direct_fhir - INFO -   Condition: 6150 so far...
2026-04-19 12:42:22,241 - direct_fhir - INFO -   Condition: 6200 so far...
2026-04-19 12:42:22,701 - direct_fhir - INFO -   Condition: 6250 so far...
2026-04-19 12:42:22,910 - direct_fhir - INFO -   Condition: 6300 so far...
2026-04-19 12:42:23,067 - direct_fhir - INFO -   Condition: 6350 so far...
2026-04-19 12:42:23,230 - direct_fhir - INFO -   Condition: 6400 so far...
2026-04-19 12:42:23,382 - direct_fhir - INFO -   Condition: 6450 so far...
2026-04-19 12:42:23,597 - direct_fhir - INFO -   Condition: 6500 so far...
2026-04-19 12:42:23,775 - direct_fhir - INFO -   Condition: 6550 so far...
2026-04-19 12:42:23,989 - direct_fhir - INFO -   Condition: 6600 so far...
2026-04-19 12:42:24,168 - direct_fhir - INFO -   Condition: 6650 so far...
2026-04-19 12:42:24,342 - direct_fhir - INFO -   Condition: 6700 so far...
2026-04-19 12:42:24,493 - direct_fhir - INFO -   Condition: 6750 so far...
2026-04-19 12:42:24,662 - direct_fhir - INFO -   Condition: 6800 so far...
2026-04-19 12:42:24,850 - direct_fhir - INFO -   Condition: 6850 so far...
2026-04-19 12:42:25,082 - direct_fhir - INFO -   Condition: 6900 so far...
2026-04-19 12:42:25,293 - direct_fhir - INFO -   Condition: 6950 so far...
2026-04-19 12:42:25,656 - direct_fhir - INFO -   Condition: 7000 so far...
2026-04-19 12:42:25,836 - direct_fhir - INFO -   Condition: 7050 so far...
2026-04-19 12:42:26,032 - direct_fhir - INFO -   Condition: 7100 so far...
2026-04-19 12:42:26,206 - direct_fhir - INFO -   Condition: 7150 so far...
2026-04-19 12:42:26,382 - direct_fhir - INFO -   Condition: 7200 so far...
2026-04-19 12:42:26,532 - direct_fhir - INFO -   Condition: 7250 so far...
2026-04-19 12:42:26,682 - direct_fhir - INFO -   Condition: 7300 so far...
2026-04-19 12:42:26,918 - direct_fhir - INFO -   Condition: 7350 so far...
2026-04-19 12:42:27,086 - direct_fhir - INFO -   Condition: 7400 so far...
2026-04-19 12:42:27,102 - werkzeug - INFO - 192.168.0.211 - - [19/Apr/2026 12:42:27] "GET /api/debug/console-logs HTTP/1.1" 200 -
2026-04-19 12:42:27,293 - direct_fhir - INFO -   Condition: 7450 so far...
2026-04-19 12:42:27,459 - direct_fhir - INFO -   Condition: 7500 so far...
2026-04-19 12:42:27,627 - direct_fhir - INFO -   Condition: 7550 so far...
2026-04-19 12:42:27,769 - direct_fhir - INFO -   Condition: 7600 so far...
2026-04-19 12:42:27,920 - direct_fhir - INFO -   Condition: 7650 so far...
2026-04-19 12:42:28,137 - direct_fhir - INFO -   Condition: 7700 so far...
2026-04-19 12:42:28,433 - direct_fhir - INFO -   Condition: 7750 so far...
2026-04-19 12:42:28,596 - direct_fhir - INFO -   Condition: 7800 so far...
2026-04-19 12:42:28,747 - direct_fhir - INFO -   Condition: 7850 so far...
2026-04-19 12:42:28,898 - direct_fhir - INFO -   Condition: 7900 so far...
2026-04-19 12:42:29,061 - direct_fhir - INFO -   Condition: 7950 so far...
2026-04-19 12:42:29,221 - direct_fhir - INFO -   Condition: 8000 so far...
2026-04-19 12:42:29,399 - direct_fhir - INFO -   Condition: 8050 so far...
2026-04-19 12:42:29,557 - direct_fhir - INFO -   Condition: 8100 so far...
2026-04-19 12:42:29,722 - direct_fhir - INFO -   Condition: 8150 so far...
2026-04-19 12:42:29,970 - direct_fhir - INFO -   Condition: 8200 so far...
2026-04-19 12:42:30,123 - direct_fhir - INFO -   Condition: 8250 so far...
2026-04-19 12:42:30,257 - direct_fhir - INFO -   Condition: 8300 so far...
2026-04-19 12:42:30,500 - direct_fhir - INFO -   Condition: 8350 so far...
2026-04-19 12:42:30,675 - direct_fhir - INFO -   Condition: 8400 so far...
2026-04-19 12:42:30,897 - direct_fhir - INFO -   Condition: 8450 so far...
2026-04-19 12:42:31,077 - direct_fhir - INFO -   Condition: 8500 so far...
2026-04-19 12:42:31,241 - direct_fhir - INFO -   Condition: 8550 so far...
2026-04-19 12:42:31,474 - direct_fhir - INFO -   Condition: 8600 so far...
2026-04-19 12:42:31,627 - direct_fhir - INFO -   Condition: 8650 so far...
2026-04-19 12:42:31,714 - werkzeug - INFO - 192.168.0.211 - - [19/Apr/2026 12:42:31] "GET /api/debug/console-logs HTTP/1.1" 200 -
2026-04-19 12:42:31,816 - direct_fhir - INFO -   Condition: 8700 so far...
2026-04-19 12:42:31,981 - direct_fhir - INFO -   Condition: 8750 so far...
2026-04-19 12:42:32,128 - direct_fhir - INFO -   Condition: 8800 so far...
2026-04-19 12:42:32,273 - direct_fhir - INFO -   Condition: 8850 so far...
2026-04-19 12:42:32,421 - direct_fhir - INFO -   Condition: 8900 so far...
2026-04-19 12:42:32,605 - direct_fhir - INFO -   Condition: 8950 so far...
2026-04-19 12:42:32,776 - direct_fhir - INFO -   Condition: 9000 so far...
2026-04-19 12:42:32,945 - direct_fhir - INFO -   Condition: 9050 so far...
2026-04-19 12:42:33,104 - direct_fhir - INFO -   Condition: 9100 so far...
2026-04-19 12:42:33,271 - direct_fhir - INFO -   Condition: 9150 so far...
2026-04-19 12:42:33,441 - direct_fhir - INFO -   Condition: 9200 so far...
2026-04-19 12:42:33,604 - direct_fhir - INFO -   Condition: 9250 so far...
2026-04-19 12:42:33,771 - direct_fhir - INFO -   Condition: 9300 so far...
2026-04-19 12:42:33,920 - direct_fhir - INFO -   Condition: 9350 so far...
2026-04-19 12:42:34,082 - direct_fhir - INFO -   Condition: 9400 so far...
2026-04-19 12:42:34,229 - direct_fhir - INFO -   Condition: 9450 so far...
2026-04-19 12:42:34,365 - direct_fhir - INFO -   Condition: 9500 so far...
2026-04-19 12:42:34,523 - direct_fhir - INFO -   Condition: 9550 so far...
2026-04-19 12:42:34,682 - direct_fhir - INFO -   Condition: 9600 so far...
2026-04-19 12:42:34,830 - direct_fhir - INFO -   Condition: 9650 so far...
2026-04-19 12:42:35,008 - direct_fhir - INFO -   Condition: 9700 so far...
2026-04-19 12:42:35,275 - direct_fhir - INFO -   Condition: 9750 so far...
2026-04-19 12:42:35,750 - direct_fhir - INFO -   Condition: 9800 so far...
2026-04-19 12:42:36,000 - direct_fhir - INFO -   Condition: 9850 so far...
2026-04-19 12:42:36,149 - direct_fhir - INFO -   Condition: 9900 so far...
2026-04-19 12:42:36,299 - direct_fhir - INFO -   Condition: 9950 so far...
2026-04-19 12:42:36,511 - direct_fhir - INFO -   Condition: 10000 so far...
2026-04-19 12:42:36,672 - direct_fhir - INFO -   Condition: 10050 so far...
2026-04-19 12:42:36,864 - direct_fhir - INFO -   Condition: 10100 so far...
2026-04-19 12:42:37,020 - direct_fhir - INFO -   Condition: 10150 so far...
2026-04-19 12:42:37,198 - direct_fhir - INFO -   Condition: 10200 so far...
2026-04-19 12:42:37,368 - direct_fhir - INFO -   Condition: 10250 so far...
2026-04-19 12:42:37,513 - direct_fhir - INFO -   Condition: 10300 so far...
2026-04-19 12:42:37,670 - direct_fhir - INFO -   Condition: 10350 so far...
2026-04-19 12:42:37,855 - direct_fhir - INFO -   Condition: 10400 so far...
2026-04-19 12:42:38,005 - direct_fhir - INFO -   Condition: 10450 so far...
2026-04-19 12:42:38,149 - direct_fhir - INFO -   Condition: 10500 so far...
2026-04-19 12:42:38,301 - direct_fhir - INFO -   Condition: 10550 so far...
2026-04-19 12:42:38,437 - direct_fhir - INFO -   Condition: 10600 so far...
2026-04-19 12:42:38,586 - direct_fhir - INFO -   Condition: 10650 so far...
2026-04-19 12:42:38,796 - direct_fhir - INFO -   Condition: 10700 so far...
2026-04-19 12:42:38,939 - direct_fhir - INFO -   Condition: 10750 so far...
2026-04-19 12:42:39,102 - direct_fhir - INFO -   Condition: 10800 so far...
2026-04-19 12:42:39,228 - direct_fhir - INFO -   Condition: 10850 so far...
2026-04-19 12:42:39,377 - direct_fhir - INFO -   Condition: 10900 so far...
2026-04-19 12:42:39,511 - direct_fhir - INFO -   Condition: 10950 so far...
2026-04-19 12:42:39,667 - direct_fhir - INFO -   Condition: 11000 so far...
2026-04-19 12:42:39,849 - direct_fhir - INFO -   Condition: 11050 so far...
2026-04-19 12:42:40,048 - direct_fhir - INFO -   Condition: 11100 so far...
2026-04-19 12:42:40,261 - direct_fhir - INFO -   Condition: 11150 so far...
2026-04-19 12:42:40,500 - direct_fhir - INFO -   Condition: 11200 so far...
2026-04-19 12:42:40,679 - direct_fhir - INFO -   Condition: 11250 so far...
2026-04-19 12:42:40,857 - direct_fhir - INFO -   Condition: 11300 so far...
2026-04-19 12:42:41,035 - direct_fhir - INFO -   Condition: 11350 so far...
2026-04-19 12:42:41,202 - direct_fhir - INFO -   Condition: 11400 so far...
2026-04-19 12:42:41,345 - direct_fhir - INFO -   Condition: 11450 so far...
2026-04-19 12:42:41,542 - direct_fhir - INFO -   Condition: 11500 so far...
2026-04-19 12:42:41,704 - direct_fhir - INFO -   Condition: 11550 so far...
2026-04-19 12:42:41,874 - direct_fhir - INFO -   Condition: 11600 so far...
2026-04-19 12:42:42,021 - direct_fhir - INFO -   Condition: 11650 so far...
2026-04-19 12:42:42,188 - direct_fhir - INFO -   Condition: 11700 so far...
2026-04-19 12:42:42,339 - direct_fhir - INFO -   Condition: 11750 so far...
2026-04-19 12:42:42,522 - direct_fhir - INFO -   Condition: 11800 so far...
2026-04-19 12:42:42,712 - direct_fhir - INFO -   Condition: 11850 so far...
2026-04-19 12:42:42,898 - direct_fhir - INFO -   Condition: 11900 so far...
2026-04-19 12:42:43,082 - direct_fhir - INFO -   Condition: 11950 so far...
2026-04-19 12:42:43,291 - direct_fhir - INFO -   Condition: 12000 so far...
2026-04-19 12:42:43,464 - direct_fhir - INFO -   Condition: 12050 so far...
2026-04-19 12:42:43,654 - direct_fhir - INFO -   Condition: 12100 so far...
2026-04-19 12:42:43,824 - direct_fhir - INFO -   Condition: 12150 so far...
2026-04-19 12:42:43,955 - direct_fhir - INFO -   Condition: 12200 so far...
2026-04-19 12:42:44,123 - direct_fhir - INFO -   Condition: 12250 so far...
2026-04-19 12:42:44,284 - direct_fhir - INFO -   Condition: 12300 so far...
2026-04-19 12:42:44,449 - direct_fhir - INFO -   Condition: 12350 so far...
2026-04-19 12:42:44,617 - direct_fhir - INFO -   Condition: 12400 so far...
2026-04-19 12:42:44,807 - direct_fhir - INFO -   Condition: 12450 so far...
2026-04-19 12:42:44,963 - direct_fhir - INFO -   Condition: 12500 so far...
2026-04-19 12:42:45,134 - direct_fhir - INFO -   Condition: 12550 so far...
2026-04-19 12:42:45,328 - direct_fhir - INFO -   Condition: 12600 so far...
2026-04-19 12:42:45,475 - direct_fhir - INFO -   Condition: 12650 so far...
2026-04-19 12:42:45,663 - direct_fhir - INFO -   Condition: 12700 so far...
2026-04-19 12:42:45,829 - direct_fhir - INFO -   Condition: 12750 so far...
2026-04-19 12:42:46,030 - direct_fhir - INFO -   Condition: 12800 so far...
2026-04-19 12:42:46,191 - direct_fhir - INFO -   Condition: 12850 so far...
2026-04-19 12:42:46,385 - direct_fhir - INFO -   Condition: 12900 so far...
2026-04-19 12:42:46,567 - direct_fhir - INFO -   Condition: 12950 so far...
2026-04-19 12:42:46,711 - direct_fhir - INFO -   Condition: 13000 so far...
2026-04-19 12:42:46,873 - direct_fhir - INFO -   Condition: 13050 so far...
2026-04-19 12:42:47,078 - direct_fhir - INFO -   Condition: 13089 so far...
[ALL-PATIENTS] Condition: fetched 13089 records
2026-04-19 12:42:47,247 - direct_fhir - INFO -   Consent: 0 so far...
[ALL-PATIENTS] Consent: fetched 0 records
2026-04-19 12:42:47,376 - direct_fhir - INFO -   Contract: 0 so far...
[ALL-PATIENTS] Contract: fetched 0 records
2026-04-19 12:42:47,468 - direct_fhir - INFO -   Coverage: 0 so far...
[ALL-PATIENTS] Coverage: fetched 0 records
2026-04-19 12:42:47,574 - direct_fhir - INFO -   CoverageEligibilityRequest: 0 so far...
[ALL-PATIENTS] CoverageEligibilityRequest: fetched 0 records
2026-04-19 12:42:47,697 - direct_fhir - INFO -   CoverageEligibilityResponse: 0 so far...
[ALL-PATIENTS] CoverageEligibilityResponse: fetched 0 records
2026-04-19 12:42:47,813 - direct_fhir - INFO -   DetectedIssue: 0 so far...
[ALL-PATIENTS] DetectedIssue: fetched 0 records
2026-04-19 12:42:47,931 - direct_fhir - INFO -   Device: 0 so far...
[ALL-PATIENTS] Device: fetched 0 records
2026-04-19 12:42:48,051 - direct_fhir - INFO -   DeviceRequest: 0 so far...
[ALL-PATIENTS] DeviceRequest: fetched 0 records
2026-04-19 12:42:48,185 - direct_fhir - INFO -   DeviceUseStatement: 0 so far...
[ALL-PATIENTS] DeviceUseStatement: fetched 0 records
2026-04-19 12:42:48,223 - werkzeug - INFO -  * Detected change in '/Users/ebeneyeraggrey-mills/development/CareIT/CareIT_Vibe_Miniapp/routes/misc_api.py', reloading
2026-04-19 12:42:48,740 - werkzeug - WARNING -  * Debugger is active!
2026-04-19 12:42:48,745 - werkzeug - INFO -  * Debugger PIN: 805-155-362
2026-04-19 12:42:49,264 - werkzeug - INFO - 192.168.0.211 - - [19/Apr/2026 12:42:49] "GET /api/debug/console-logs HTTP/1.1" 200 -
2026-04-19 12:43:04,558 - werkzeug - INFO - 192.168.0.211 - - [19/Apr/2026 12:43:04] "GET /api/debug/console-logs HTTP/1.1" 200 -
2026-04-19 12:43:05,730 - werkzeug - INFO - 192.168.0.211 - - [19/Apr/2026 12:43:05] "GET /api/debug/console-logs HTTP/1.1" 200 -
2026-04-19 12:43:06,380 - werkzeug - INFO - 192.168.0.211 - - [19/Apr/2026 12:43:06] "GET /api/debug/console-logs HTTP/1.1" 200 -
2026-04-19 12:43:06,625 - werkzeug - INFO - 192.168.0.211 - - [19/Apr/2026 12:43:06] "GET /api/debug/console-logs HTTP/1.1" 200 -
2026-04-19 12:43:06,827 - werkzeug - INFO - 192.168.0.211 - - [19/Apr/2026 12:43:06] "GET /api/debug/console-logs HTTP/1.1" 200 -
2026-04-19 12:43:07,004 - werkzeug - INFO - 192.168.0.211 - - [19/Apr/2026 12:43:07] "GET /api/debug/console-logs HTTP/1.1" 200 -
2026-04-19 12:43:07,174 - werkzeug - INFO - 192.168.0.211 - - [19/Apr/2026 12:43:07] "GET /api/debug/console-logs HTTP/1.1" 200 -
2026-04-19 12:43:07,343 - werkzeug - INFO - 192.168.0.211 - - [19/Apr/2026 12:43:07] "GET /api/debug/console-logs HTTP/1.1" 200 -
2026-04-19 12:43:08,090 - werkzeug - INFO - 192.168.0.211 - - [19/Apr/2026 12:43:08] "GET /api/debug/console-logs HTTP/1.1" 200 -
2026-04-19 12:43:12,347 - werkzeug - INFO -  * Detected change in '/Users/ebeneyeraggrey-mills/development/CareIT/CareIT_Vibe_Miniapp/routes/misc_api.py', reloading
2026-04-19 12:43:12,841 - werkzeug - WARNING -  * Debugger is active!
2026-04-19 12:43:12,844 - werkzeug - INFO -  * Debugger PIN: 805-155-362
2026-04-19 12:43:14,883 - werkzeug - INFO -  * Detected change in '/Users/ebeneyeraggrey-mills/development/CareIT/CareIT_Vibe_Miniapp/routes/misc_api.py', reloading
2026-04-19 12:43:15,286 - werkzeug - WARNING -  * Debugger is active!
2026-04-19 12:43:15,290 - werkzeug - INFO -  * Debugger PIN: 805-155-362

============================================================
[INDEX] POST request to / from 192.168.0.239
[INDEX] Cookies: []
============================================================
[INDEX] POST request - checking Flutter headers
[INDEX] Headers: auth=True, patient_id=all, fhir_base=http://38.careit.one:8200
[INDEX] All headers present, processing Flutter integration
2026-04-19 12:47:58,142 - direct_fhir - INFO - Fetching all patients
2026-04-19 12:47:58,565 - direct_fhir - INFO - Found 100 patients
2026-04-19 12:47:59,393 - direct_fhir - INFO -   Account: 0 so far...
[ALL-PATIENTS] Account: fetched 0 records
2026-04-19 12:47:59,556 - direct_fhir - INFO -   AdverseEvent: 0 so far...
[ALL-PATIENTS] AdverseEvent: fetched 0 records
2026-04-19 12:47:59,767 - direct_fhir - INFO -   AllergyIntolerance: 50 so far...
2026-04-19 12:48:00,506 - direct_fhir - INFO -   AllergyIntolerance: 87 so far...
[ALL-PATIENTS] AllergyIntolerance: fetched 87 records
2026-04-19 12:48:00,635 - direct_fhir - INFO -   Appointment: 0 so far...
[ALL-PATIENTS] Appointment: fetched 0 records
2026-04-19 12:48:00,762 - direct_fhir - INFO -   AppointmentResponse: 0 so far...
[ALL-PATIENTS] AppointmentResponse: fetched 0 records
2026-04-19 12:48:00,971 - direct_fhir - INFO -   AuditEvent: 50 so far...
2026-04-19 12:48:01,676 - direct_fhir - INFO -   AuditEvent: 96 so far...
[ALL-PATIENTS] AuditEvent: fetched 96 records
2026-04-19 12:48:01,814 - direct_fhir - INFO -   Basic: 0 so far...
[ALL-PATIENTS] Basic: fetched 0 records
2026-04-19 12:48:01,944 - direct_fhir - INFO -   BodyStructure: 0 so far...
[ALL-PATIENTS] BodyStructure: fetched 0 records
2026-04-19 12:48:02,386 - direct_fhir - INFO -   CarePlan: 50 so far...
2026-04-19 12:48:03,169 - direct_fhir - INFO -   CarePlan: 100 so far...
2026-04-19 12:48:03,395 - direct_fhir - INFO -   CarePlan: 150 so far...
2026-04-19 12:48:03,707 - direct_fhir - INFO -   CarePlan: 200 so far...
2026-04-19 12:48:03,958 - direct_fhir - INFO -   CarePlan: 250 so far...
2026-04-19 12:48:04,301 - direct_fhir - INFO -   CarePlan: 300 so far...
2026-04-19 12:48:04,465 - direct_fhir - INFO -   CarePlan: 304 so far...
[ALL-PATIENTS] CarePlan: fetched 304 records
2026-04-19 12:48:04,575 - direct_fhir - INFO -   CareTeam: 0 so far...
[ALL-PATIENTS] CareTeam: fetched 0 records
2026-04-19 12:48:04,690 - direct_fhir - INFO -   ChargeItem: 0 so far...
[ALL-PATIENTS] ChargeItem: fetched 0 records
2026-04-19 12:48:04,838 - direct_fhir - INFO -   Claim: 0 so far...
[ALL-PATIENTS] Claim: fetched 0 records
2026-04-19 12:48:04,977 - direct_fhir - INFO -   ClaimResponse: 0 so far...
[ALL-PATIENTS] ClaimResponse: fetched 0 records
2026-04-19 12:48:05,100 - direct_fhir - INFO -   ClinicalImpression: 0 so far...
[ALL-PATIENTS] ClinicalImpression: fetched 0 records
2026-04-19 12:48:05,263 - direct_fhir - INFO -   Communication: 50 so far...
2026-04-19 12:48:06,023 - direct_fhir - INFO -   Communication: 100 so far...
2026-04-19 12:48:06,238 - direct_fhir - INFO -   Communication: 150 so far...
2026-04-19 12:48:06,482 - direct_fhir - INFO -   Communication: 200 so far...
2026-04-19 12:48:06,683 - direct_fhir - INFO -   Communication: 250 so far...
2026-04-19 12:48:06,885 - direct_fhir - INFO -   Communication: 300 so far...
2026-04-19 12:48:07,086 - direct_fhir - INFO -   Communication: 350 so far...
2026-04-19 12:48:07,248 - direct_fhir - INFO -   Communication: 400 so far...
2026-04-19 12:48:07,457 - direct_fhir - INFO -   Communication: 450 so far...
2026-04-19 12:48:07,646 - direct_fhir - INFO -   Communication: 500 so far...
2026-04-19 12:48:08,340 - direct_fhir - INFO -   Communication: 550 so far...
2026-04-19 12:48:08,526 - direct_fhir - INFO -   Communication: 600 so far...
2026-04-19 12:48:08,770 - direct_fhir - INFO -   Communication: 650 so far...
2026-04-19 12:48:08,967 - direct_fhir - INFO -   Communication: 655 so far...
[ALL-PATIENTS] Communication: fetched 655 records
2026-04-19 12:48:09,090 - direct_fhir - INFO -   CommunicationRequest: 0 so far...
[ALL-PATIENTS] CommunicationRequest: fetched 0 records
2026-04-19 12:48:09,209 - direct_fhir - INFO -   Composition: 0 so far...
[ALL-PATIENTS] Composition: fetched 0 records
2026-04-19 12:48:09,365 - direct_fhir - INFO -   Condition: 50 so far...
2026-04-19 12:48:10,137 - direct_fhir - INFO -   Condition: 100 so far...
2026-04-19 12:48:10,321 - direct_fhir - INFO -   Condition: 150 so far...
2026-04-19 12:48:10,544 - direct_fhir - INFO -   Condition: 200 so far...
2026-04-19 12:48:10,756 - direct_fhir - INFO -   Condition: 250 so far...
2026-04-19 12:48:10,960 - direct_fhir - INFO -   Condition: 300 so far...
2026-04-19 12:48:11,142 - direct_fhir - INFO -   Condition: 350 so far...
2026-04-19 12:48:11,332 - direct_fhir - INFO -   Condition: 400 so far...
2026-04-19 12:48:11,521 - direct_fhir - INFO -   Condition: 450 so far...
2026-04-19 12:48:11,760 - direct_fhir - INFO -   Condition: 500 so far...
2026-04-19 12:48:12,602 - direct_fhir - INFO -   Condition: 550 so far...
2026-04-19 12:48:12,775 - direct_fhir - INFO -   Condition: 600 so far...
2026-04-19 12:48:12,971 - direct_fhir - INFO -   Condition: 650 so far...
2026-04-19 12:48:13,158 - direct_fhir - INFO -   Condition: 700 so far...
2026-04-19 12:48:13,390 - direct_fhir - INFO -   Condition: 750 so far...
2026-04-19 12:48:13,615 - direct_fhir - INFO -   Condition: 800 so far...
2026-04-19 12:48:13,920 - direct_fhir - INFO -   Condition: 850 so far...
2026-04-19 12:48:14,173 - direct_fhir - INFO -   Condition: 900 so far...
2026-04-19 12:48:14,337 - direct_fhir - INFO -   Condition: 950 so far...
2026-04-19 12:48:14,524 - direct_fhir - INFO -   Condition: 1000 so far...
2026-04-19 12:48:14,696 - direct_fhir - INFO -   Condition: 1050 so far...
2026-04-19 12:48:14,892 - direct_fhir - INFO -   Condition: 1100 so far...
2026-04-19 12:48:15,042 - direct_fhir - INFO -   Condition: 1150 so far...
2026-04-19 12:48:15,240 - direct_fhir - INFO -   Condition: 1200 so far...
2026-04-19 12:48:15,443 - direct_fhir - INFO -   Condition: 1250 so far...
2026-04-19 12:48:15,660 - direct_fhir - INFO -   Condition: 1300 so far...
2026-04-19 12:48:15,855 - direct_fhir - INFO -   Condition: 1350 so far...
2026-04-19 12:48:16,041 - direct_fhir - INFO -   Condition: 1400 so far...
2026-04-19 12:48:16,223 - direct_fhir - INFO -   Condition: 1450 so far...
2026-04-19 12:48:16,429 - direct_fhir - INFO -   Condition: 1500 so far...
2026-04-19 12:48:16,581 - direct_fhir - INFO -   Condition: 1550 so far...
2026-04-19 12:48:16,790 - direct_fhir - INFO -   Condition: 1600 so far...
2026-04-19 12:48:16,963 - direct_fhir - INFO -   Condition: 1650 so far...
2026-04-19 12:48:17,164 - direct_fhir - INFO -   Condition: 1700 so far...
2026-04-19 12:48:17,347 - direct_fhir - INFO -   Condition: 1750 so far...
2026-04-19 12:48:17,602 - direct_fhir - INFO -   Condition: 1800 so far...
2026-04-19 12:48:17,783 - direct_fhir - INFO -   Condition: 1850 so far...
2026-04-19 12:48:18,047 - direct_fhir - INFO -   Condition: 1900 so far...
2026-04-19 12:48:18,240 - direct_fhir - INFO -   Condition: 1950 so far...
2026-04-19 12:48:18,401 - direct_fhir - INFO -   Condition: 2000 so far...
2026-04-19 12:48:20,248 - direct_fhir - INFO -   Condition: 2050 so far...
2026-04-19 12:48:20,426 - direct_fhir - INFO -   Condition: 2100 so far...
2026-04-19 12:48:20,603 - direct_fhir - INFO -   Condition: 2150 so far...
2026-04-19 12:48:20,785 - direct_fhir - INFO -   Condition: 2200 so far...
2026-04-19 12:48:21,002 - direct_fhir - INFO -   Condition: 2250 so far...
2026-04-19 12:48:21,227 - direct_fhir - INFO -   Condition: 2300 so far...
2026-04-19 12:48:21,411 - direct_fhir - INFO -   Condition: 2350 so far...
2026-04-19 12:48:21,603 - direct_fhir - INFO -   Condition: 2400 so far...
2026-04-19 12:48:21,791 - direct_fhir - INFO -   Condition: 2450 so far...
2026-04-19 12:48:22,005 - direct_fhir - INFO -   Condition: 2500 so far...
2026-04-19 12:48:22,175 - direct_fhir - INFO -   Condition: 2550 so far...
2026-04-19 12:48:22,327 - direct_fhir - INFO -   Condition: 2600 so far...
2026-04-19 12:48:22,563 - direct_fhir - INFO -   Condition: 2650 so far...
2026-04-19 12:48:22,724 - direct_fhir - INFO -   Condition: 2700 so far...
2026-04-19 12:48:22,927 - direct_fhir - INFO -   Condition: 2750 so far...
2026-04-19 12:48:23,148 - direct_fhir - INFO -   Condition: 2800 so far...
2026-04-19 12:48:23,425 - direct_fhir - INFO -   Condition: 2850 so far...
2026-04-19 12:48:23,823 - direct_fhir - INFO -   Condition: 2900 so far...
2026-04-19 12:48:24,345 - direct_fhir - INFO -   Condition: 2950 so far...
2026-04-19 12:48:24,524 - direct_fhir - INFO -   Condition: 3000 so far...
2026-04-19 12:48:25,026 - direct_fhir - INFO -   Condition: 3050 so far...
2026-04-19 12:48:25,330 - direct_fhir - INFO -   Condition: 3100 so far...
2026-04-19 12:48:25,499 - direct_fhir - INFO -   Condition: 3150 so far...
2026-04-19 12:48:25,771 - direct_fhir - INFO -   Condition: 3200 so far...
2026-04-19 12:48:25,966 - direct_fhir - INFO -   Condition: 3250 so far...
2026-04-19 12:48:26,127 - direct_fhir - INFO -   Condition: 3300 so far...
2026-04-19 12:48:26,376 - direct_fhir - INFO -   Condition: 3350 so far...
2026-04-19 12:48:26,653 - direct_fhir - INFO -   Condition: 3400 so far...
2026-04-19 12:48:26,867 - direct_fhir - INFO -   Condition: 3450 so far...
2026-04-19 12:48:27,140 - direct_fhir - INFO -   Condition: 3500 so far...
2026-04-19 12:48:27,350 - direct_fhir - INFO -   Condition: 3550 so far...
2026-04-19 12:48:27,538 - direct_fhir - INFO -   Condition: 3600 so far...
2026-04-19 12:48:28,119 - direct_fhir - INFO -   Condition: 3650 so far...
2026-04-19 12:48:28,609 - direct_fhir - INFO -   Condition: 3700 so far...
2026-04-19 12:48:28,905 - direct_fhir - INFO -   Condition: 3750 so far...
2026-04-19 12:48:29,085 - direct_fhir - INFO -   Condition: 3800 so far...
2026-04-19 12:48:29,364 - direct_fhir - INFO -   Condition: 3850 so far...
2026-04-19 12:48:29,665 - direct_fhir - INFO -   Condition: 3900 so far...
2026-04-19 12:48:29,842 - direct_fhir - INFO -   Condition: 3950 so far...
2026-04-19 12:48:30,039 - direct_fhir - INFO -   Condition: 4000 so far...
2026-04-19 12:48:30,214 - direct_fhir - INFO -   Condition: 4050 so far...
2026-04-19 12:48:30,439 - direct_fhir - INFO -   Condition: 4100 so far...
2026-04-19 12:48:30,681 - direct_fhir - INFO -   Condition: 4150 so far...
2026-04-19 12:48:30,896 - direct_fhir - INFO -   Condition: 4200 so far...
2026-04-19 12:48:31,090 - direct_fhir - INFO -   Condition: 4250 so far...
2026-04-19 12:48:31,488 - direct_fhir - INFO -   Condition: 4300 so far...
2026-04-19 12:48:31,968 - direct_fhir - INFO -   Condition: 4350 so far...
2026-04-19 12:48:32,360 - direct_fhir - INFO -   Condition: 4400 so far...
2026-04-19 12:48:32,686 - direct_fhir - INFO -   Condition: 4450 so far...
2026-04-19 12:48:32,856 - direct_fhir - INFO -   Condition: 4500 so far...
2026-04-19 12:48:33,022 - direct_fhir - INFO -   Condition: 4550 so far...
2026-04-19 12:48:33,249 - direct_fhir - INFO -   Condition: 4600 so far...
2026-04-19 12:48:33,453 - direct_fhir - INFO -   Condition: 4650 so far...
2026-04-19 12:48:33,939 - direct_fhir - INFO -   Condition: 4700 so far...
2026-04-19 12:48:34,688 - direct_fhir - INFO -   Condition: 4750 so far...
2026-04-19 12:48:34,900 - direct_fhir - INFO -   Condition: 4800 so far...
2026-04-19 12:48:35,069 - direct_fhir - INFO -   Condition: 4850 so far...
2026-04-19 12:48:35,282 - direct_fhir - INFO -   Condition: 4900 so far...
2026-04-19 12:48:35,477 - direct_fhir - INFO -   Condition: 4950 so far...
2026-04-19 12:48:35,697 - direct_fhir - INFO -   Condition: 5000 so far...
2026-04-19 12:48:35,884 - direct_fhir - INFO -   Condition: 5050 so far...
2026-04-19 12:48:36,126 - direct_fhir - INFO -   Condition: 5100 so far...
2026-04-19 12:48:36,293 - direct_fhir - INFO -   Condition: 5150 so far...
2026-04-19 12:48:36,500 - direct_fhir - INFO -   Condition: 5200 so far...
2026-04-19 12:48:36,679 - direct_fhir - INFO -   Condition: 5250 so far...
2026-04-19 12:48:36,831 - direct_fhir - INFO -   Condition: 5300 so far...
2026-04-19 12:48:37,010 - direct_fhir - INFO -   Condition: 5350 so far...
2026-04-19 12:48:37,201 - direct_fhir - INFO -   Condition: 5400 so far...
2026-04-19 12:48:37,554 - direct_fhir - INFO -   Condition: 5450 so far...
2026-04-19 12:48:37,822 - direct_fhir - INFO -   Condition: 5500 so far...
2026-04-19 12:48:38,005 - direct_fhir - INFO -   Condition: 5550 so far...
2026-04-19 12:48:38,176 - direct_fhir - INFO -   Condition: 5600 so far...
2026-04-19 12:48:38,374 - direct_fhir - INFO -   Condition: 5650 so far...
2026-04-19 12:48:38,574 - direct_fhir - INFO -   Condition: 5700 so far...
2026-04-19 12:48:38,752 - direct_fhir - INFO -   Condition: 5750 so far...
2026-04-19 12:48:38,915 - direct_fhir - INFO -   Condition: 5800 so far...
2026-04-19 12:48:39,095 - direct_fhir - INFO -   Condition: 5850 so far...
2026-04-19 12:48:39,252 - direct_fhir - INFO -   Condition: 5900 so far...
2026-04-19 12:48:39,505 - direct_fhir - INFO -   Condition: 5950 so far...
2026-04-19 12:48:39,744 - direct_fhir - INFO -   Condition: 6000 so far...
2026-04-19 12:48:39,899 - direct_fhir - INFO -   Condition: 6050 so far...
2026-04-19 12:48:40,051 - direct_fhir - INFO -   Condition: 6100 so far...
2026-04-19 12:48:40,252 - direct_fhir - INFO -   Condition: 6150 so far...
2026-04-19 12:48:40,441 - direct_fhir - INFO -   Condition: 6200 so far...
2026-04-19 12:48:40,586 - direct_fhir - INFO -   Condition: 6250 so far...
2026-04-19 12:48:40,748 - direct_fhir - INFO -   Condition: 6300 so far...
2026-04-19 12:48:40,907 - direct_fhir - INFO -   Condition: 6350 so far...
2026-04-19 12:48:41,062 - direct_fhir - INFO -   Condition: 6400 so far...
2026-04-19 12:48:41,285 - direct_fhir - INFO -   Condition: 6450 so far...
2026-04-19 12:48:41,434 - direct_fhir - INFO -   Condition: 6500 so far...
2026-04-19 12:48:41,581 - direct_fhir - INFO -   Condition: 6550 so far...
2026-04-19 12:48:41,809 - direct_fhir - INFO -   Condition: 6600 so far...
2026-04-19 12:48:41,971 - direct_fhir - INFO -   Condition: 6650 so far...
2026-04-19 12:48:42,137 - direct_fhir - INFO -   Condition: 6700 so far...
2026-04-19 12:48:42,293 - direct_fhir - INFO -   Condition: 6750 so far...
2026-04-19 12:48:42,510 - direct_fhir - INFO -   Condition: 6800 so far...
2026-04-19 12:48:42,681 - direct_fhir - INFO -   Condition: 6850 so far...
2026-04-19 12:48:42,852 - direct_fhir - INFO -   Condition: 6900 so far...
2026-04-19 12:48:43,023 - direct_fhir - INFO -   Condition: 6950 so far...
2026-04-19 12:48:43,214 - direct_fhir - INFO -   Condition: 7000 so far...
2026-04-19 12:48:43,385 - direct_fhir - INFO -   Condition: 7050 so far...
2026-04-19 12:48:43,535 - direct_fhir - INFO -   Condition: 7100 so far...
2026-04-19 12:48:43,746 - direct_fhir - INFO -   Condition: 7150 so far...
2026-04-19 12:48:44,058 - direct_fhir - INFO -   Condition: 7200 so far...
2026-04-19 12:48:44,344 - direct_fhir - INFO -   Condition: 7250 so far...
2026-04-19 12:48:44,617 - direct_fhir - INFO -   Condition: 7300 so far...
2026-04-19 12:48:44,804 - direct_fhir - INFO -   Condition: 7350 so far...
2026-04-19 12:48:44,965 - direct_fhir - INFO -   Condition: 7400 so far...
2026-04-19 12:48:45,126 - direct_fhir - INFO -   Condition: 7450 so far...
2026-04-19 12:48:45,300 - direct_fhir - INFO -   Condition: 7500 so far...
2026-04-19 12:48:45,456 - direct_fhir - INFO -   Condition: 7550 so far...
2026-04-19 12:48:45,615 - direct_fhir - INFO -   Condition: 7600 so far...
2026-04-19 12:48:45,828 - direct_fhir - INFO -   Condition: 7650 so far...
2026-04-19 12:48:46,116 - direct_fhir - INFO -   Condition: 7700 so far...
2026-04-19 12:48:46,266 - direct_fhir - INFO -   Condition: 7750 so far...
2026-04-19 12:48:46,454 - direct_fhir - INFO -   Condition: 7800 so far...
2026-04-19 12:48:46,654 - direct_fhir - INFO -   Condition: 7850 so far...
2026-04-19 12:48:46,830 - direct_fhir - INFO -   Condition: 7900 so far...
2026-04-19 12:48:46,973 - direct_fhir - INFO -   Condition: 7950 so far...
2026-04-19 12:48:47,160 - direct_fhir - INFO -   Condition: 8000 so far...
2026-04-19 12:48:47,325 - direct_fhir - INFO -   Condition: 8050 so far...
2026-04-19 12:48:47,475 - direct_fhir - INFO -   Condition: 8100 so far...
2026-04-19 12:48:47,617 - direct_fhir - INFO -   Condition: 8150 so far...
2026-04-19 12:48:47,775 - direct_fhir - INFO -   Condition: 8200 so far...
2026-04-19 12:48:47,916 - direct_fhir - INFO -   Condition: 8250 so far...
2026-04-19 12:48:48,095 - direct_fhir - INFO -   Condition: 8300 so far...
2026-04-19 12:48:48,265 - direct_fhir - INFO -   Condition: 8350 so far...
2026-04-19 12:48:48,441 - direct_fhir - INFO -   Condition: 8400 so far...
2026-04-19 12:48:48,609 - direct_fhir - INFO -   Condition: 8450 so far...
2026-04-19 12:48:48,771 - direct_fhir - INFO -   Condition: 8500 so far...
2026-04-19 12:48:48,943 - direct_fhir - INFO -   Condition: 8550 so far...
2026-04-19 12:48:49,162 - direct_fhir - INFO -   Condition: 8600 so far...
2026-04-19 12:48:49,298 - direct_fhir - INFO -   Condition: 8650 so far...
2026-04-19 12:48:49,458 - direct_fhir - INFO -   Condition: 8700 so far...
2026-04-19 12:48:49,648 - direct_fhir - INFO -   Condition: 8750 so far...
2026-04-19 12:48:49,828 - direct_fhir - INFO -   Condition: 8800 so far...
2026-04-19 12:48:49,993 - direct_fhir - INFO -   Condition: 8850 so far...
2026-04-19 12:48:50,139 - direct_fhir - INFO -   Condition: 8900 so far...
2026-04-19 12:48:50,379 - direct_fhir - INFO -   Condition: 8950 so far...
2026-04-19 12:48:50,541 - direct_fhir - INFO -   Condition: 9000 so far...
2026-04-19 12:48:50,699 - direct_fhir - INFO -   Condition: 9050 so far...
2026-04-19 12:48:50,910 - direct_fhir - INFO -   Condition: 9100 so far...
2026-04-19 12:48:51,070 - direct_fhir - INFO -   Condition: 9150 so far...
2026-04-19 12:48:51,259 - direct_fhir - INFO -   Condition: 9200 so far...
2026-04-19 12:48:51,455 - direct_fhir - INFO -   Condition: 9250 so far...
2026-04-19 12:48:51,652 - direct_fhir - INFO -   Condition: 9300 so far...
2026-04-19 12:48:51,831 - direct_fhir - INFO -   Condition: 9350 so far...
2026-04-19 12:48:51,997 - direct_fhir - INFO -   Condition: 9400 so far...
2026-04-19 12:48:52,218 - direct_fhir - INFO -   Condition: 9450 so far...
2026-04-19 12:48:52,383 - direct_fhir - INFO -   Condition: 9500 so far...
2026-04-19 12:48:52,537 - direct_fhir - INFO -   Condition: 9550 so far...
2026-04-19 12:48:52,721 - direct_fhir - INFO -   Condition: 9600 so far...
2026-04-19 12:48:52,883 - direct_fhir - INFO -   Condition: 9650 so far...
2026-04-19 12:48:53,043 - direct_fhir - INFO -   Condition: 9700 so far...
2026-04-19 12:48:53,280 - direct_fhir - INFO -   Condition: 9750 so far...
2026-04-19 12:48:53,440 - direct_fhir - INFO -   Condition: 9800 so far...
2026-04-19 12:48:53,612 - direct_fhir - INFO -   Condition: 9850 so far...
2026-04-19 12:48:53,803 - direct_fhir - INFO -   Condition: 9900 so far...
2026-04-19 12:48:54,004 - direct_fhir - INFO -   Condition: 9950 so far...
2026-04-19 12:48:54,275 - direct_fhir - INFO -   Condition: 10000 so far...
2026-04-19 12:48:54,510 - direct_fhir - INFO -   Condition: 10050 so far...
2026-04-19 12:48:54,688 - direct_fhir - INFO -   Condition: 10100 so far...
2026-04-19 12:48:54,885 - direct_fhir - INFO -   Condition: 10150 so far...
2026-04-19 12:48:55,068 - direct_fhir - INFO -   Condition: 10200 so far...
2026-04-19 12:48:55,251 - direct_fhir - INFO -   Condition: 10250 so far...
2026-04-19 12:48:55,399 - direct_fhir - INFO -   Condition: 10300 so far...
2026-04-19 12:48:55,601 - direct_fhir - INFO -   Condition: 10350 so far...
2026-04-19 12:48:55,787 - direct_fhir - INFO -   Condition: 10400 so far...
2026-04-19 12:48:55,952 - direct_fhir - INFO -   Condition: 10450 so far...
2026-04-19 12:48:56,132 - direct_fhir - INFO -   Condition: 10500 so far...
2026-04-19 12:48:56,269 - direct_fhir - INFO -   Condition: 10550 so far...
2026-04-19 12:48:56,436 - direct_fhir - INFO -   Condition: 10600 so far...
2026-04-19 12:48:56,596 - direct_fhir - INFO -   Condition: 10650 so far...
2026-04-19 12:48:56,838 - direct_fhir - INFO -   Condition: 10700 so far...
2026-04-19 12:48:57,038 - direct_fhir - INFO -   Condition: 10750 so far...
2026-04-19 12:48:57,258 - direct_fhir - INFO -   Condition: 10800 so far...
2026-04-19 12:48:57,482 - direct_fhir - INFO -   Condition: 10850 so far...
2026-04-19 12:48:57,629 - direct_fhir - INFO -   Condition: 10900 so far...
2026-04-19 12:48:57,777 - direct_fhir - INFO -   Condition: 10950 so far...
2026-04-19 12:48:57,948 - direct_fhir - INFO -   Condition: 11000 so far...
2026-04-19 12:48:58,107 - direct_fhir - INFO -   Condition: 11050 so far...
2026-04-19 12:48:58,294 - direct_fhir - INFO -   Condition: 11100 so far...
2026-04-19 12:48:58,448 - direct_fhir - INFO -   Condition: 11150 so far...
2026-04-19 12:48:58,597 - direct_fhir - INFO -   Condition: 11200 so far...
2026-04-19 12:48:58,750 - direct_fhir - INFO -   Condition: 11250 so far...
2026-04-19 12:48:58,898 - direct_fhir - INFO -   Condition: 11300 so far...
2026-04-19 12:48:59,045 - direct_fhir - INFO -   Condition: 11350 so far...
2026-04-19 12:48:59,217 - direct_fhir - INFO -   Condition: 11400 so far...
2026-04-19 12:48:59,388 - direct_fhir - INFO -   Condition: 11450 so far...
2026-04-19 12:48:59,556 - direct_fhir - INFO -   Condition: 11500 so far...
2026-04-19 12:48:59,762 - direct_fhir - INFO -   Condition: 11550 so far...
2026-04-19 12:48:59,979 - direct_fhir - INFO -   Condition: 11600 so far...
2026-04-19 12:49:00,185 - direct_fhir - INFO -   Condition: 11650 so far...
2026-04-19 12:49:00,385 - direct_fhir - INFO -   Condition: 11700 so far...
2026-04-19 12:49:00,555 - direct_fhir - INFO -   Condition: 11750 so far...
2026-04-19 12:49:00,747 - direct_fhir - INFO -   Condition: 11800 so far...
2026-04-19 12:49:00,923 - direct_fhir - INFO -   Condition: 11850 so far...
2026-04-19 12:49:01,104 - direct_fhir - INFO -   Condition: 11900 so far...
2026-04-19 12:49:01,322 - direct_fhir - INFO -   Condition: 11950 so far...
2026-04-19 12:49:01,460 - direct_fhir - INFO -   Condition: 12000 so far...
2026-04-19 12:49:01,619 - direct_fhir - INFO -   Condition: 12050 so far...
2026-04-19 12:49:01,827 - direct_fhir - INFO -   Condition: 12100 so far...
2026-04-19 12:49:02,025 - direct_fhir - INFO -   Condition: 12150 so far...
2026-04-19 12:49:02,235 - direct_fhir - INFO -   Condition: 12200 so far...
2026-04-19 12:49:02,415 - direct_fhir - INFO -   Condition: 12250 so far...
2026-04-19 12:49:02,612 - direct_fhir - INFO -   Condition: 12300 so far...
2026-04-19 12:49:02,802 - direct_fhir - INFO -   Condition: 12350 so far...
2026-04-19 12:49:02,962 - direct_fhir - INFO -   Condition: 12400 so far...
2026-04-19 12:49:03,162 - direct_fhir - INFO -   Condition: 12450 so far...
2026-04-19 12:49:03,303 - direct_fhir - INFO -   Condition: 12500 so far...
2026-04-19 12:49:03,483 - direct_fhir - INFO -   Condition: 12550 so far...
2026-04-19 12:49:03,721 - direct_fhir - INFO -   Condition: 12600 so far...
2026-04-19 12:49:03,878 - direct_fhir - INFO -   Condition: 12650 so far...
2026-04-19 12:49:04,084 - direct_fhir - INFO -   Condition: 12700 so far...
2026-04-19 12:49:04,305 - direct_fhir - INFO -   Condition: 12750 so far...
2026-04-19 12:49:04,555 - direct_fhir - INFO -   Condition: 12800 so far...
2026-04-19 12:49:04,848 - direct_fhir - INFO -   Condition: 12850 so far...
2026-04-19 12:49:05,205 - direct_fhir - INFO -   Condition: 12900 so far...
2026-04-19 12:49:05,389 - direct_fhir - INFO -   Condition: 12950 so far...
2026-04-19 12:49:05,580 - direct_fhir - INFO -   Condition: 13000 so far...
2026-04-19 12:49:05,778 - direct_fhir - INFO -   Condition: 13050 so far...
2026-04-19 12:49:05,965 - direct_fhir - INFO -   Condition: 13089 so far...
[ALL-PATIENTS] Condition: fetched 13089 records
2026-04-19 12:49:06,144 - direct_fhir - INFO -   Consent: 0 so far...
[ALL-PATIENTS] Consent: fetched 0 records
2026-04-19 12:49:06,261 - direct_fhir - INFO -   Contract: 0 so far...
[ALL-PATIENTS] Contract: fetched 0 records
2026-04-19 12:49:06,408 - direct_fhir - INFO -   Coverage: 0 so far...
[ALL-PATIENTS] Coverage: fetched 0 records
2026-04-19 12:49:06,574 - direct_fhir - INFO -   CoverageEligibilityRequest: 0 so far...
[ALL-PATIENTS] CoverageEligibilityRequest: fetched 0 records
2026-04-19 12:49:06,686 - direct_fhir - INFO -   CoverageEligibilityResponse: 0 so far...
[ALL-PATIENTS] CoverageEligibilityResponse: fetched 0 records
2026-04-19 12:49:06,830 - direct_fhir - INFO -   DetectedIssue: 0 so far...
[ALL-PATIENTS] DetectedIssue: fetched 0 records
2026-04-19 12:49:06,941 - direct_fhir - INFO -   Device: 0 so far...
[ALL-PATIENTS] Device: fetched 0 records
2026-04-19 12:49:07,050 - direct_fhir - INFO -   DeviceRequest: 0 so far...
[ALL-PATIENTS] DeviceRequest: fetched 0 records
2026-04-19 12:49:07,193 - direct_fhir - INFO -   DeviceUseStatement: 0 so far...
[ALL-PATIENTS] DeviceUseStatement: fetched 0 records
2026-04-19 12:49:07,393 - direct_fhir - INFO -   DiagnosticReport: 0 so far...
[ALL-PATIENTS] DiagnosticReport: fetched 0 records
2026-04-19 12:49:07,550 - direct_fhir - INFO -   DocumentManifest: 0 so far...
[ALL-PATIENTS] DocumentManifest: fetched 0 records
2026-04-19 12:49:07,684 - direct_fhir - INFO -   DocumentReference: 0 so far...
[ALL-PATIENTS] DocumentReference: fetched 0 records
2026-04-19 12:49:07,844 - direct_fhir - INFO -   Encounter: 50 so far...
2026-04-19 12:49:08,545 - direct_fhir - INFO -   Encounter: 100 so far...
2026-04-19 12:49:08,682 - direct_fhir - INFO -   Encounter: 150 so far...
2026-04-19 12:49:08,838 - direct_fhir - INFO -   Encounter: 200 so far...
2026-04-19 12:49:09,000 - direct_fhir - INFO -   Encounter: 250 so far...
2026-04-19 12:49:09,179 - direct_fhir - INFO -   Encounter: 300 so far...
2026-04-19 12:49:09,338 - direct_fhir - INFO -   Encounter: 350 so far...
2026-04-19 12:49:09,511 - direct_fhir - INFO -   Encounter: 359 so far...
[ALL-PATIENTS] Encounter: fetched 359 records
2026-04-19 12:49:09,624 - direct_fhir - INFO -   EnrollmentRequest: 0 so far...
[ALL-PATIENTS] EnrollmentRequest: fetched 0 records
2026-04-19 12:49:09,777 - direct_fhir - INFO -   EpisodeOfCare: 0 so far...
[ALL-PATIENTS] EpisodeOfCare: fetched 0 records
2026-04-19 12:49:09,936 - direct_fhir - INFO -   ExplanationOfBenefit: 0 so far...
[ALL-PATIENTS] ExplanationOfBenefit: fetched 0 records
2026-04-19 12:49:10,048 - direct_fhir - INFO -   FamilyMemberHistory: 0 so far...
[ALL-PATIENTS] FamilyMemberHistory: fetched 0 records
2026-04-19 12:49:10,251 - direct_fhir - INFO -   Flag: 50 so far...
2026-04-19 12:49:11,022 - direct_fhir - INFO -   Flag: 100 so far...
2026-04-19 12:49:11,273 - direct_fhir - INFO -   Flag: 150 so far...
2026-04-19 12:49:11,462 - direct_fhir - INFO -   Flag: 200 so far...
2026-04-19 12:49:11,647 - direct_fhir - INFO -   Flag: 250 so far...
2026-04-19 12:49:11,867 - direct_fhir - INFO -   Flag: 300 so far...
2026-04-19 12:49:12,038 - direct_fhir - INFO -   Flag: 350 so far...
2026-04-19 12:49:12,230 - direct_fhir - INFO -   Flag: 400 so far...
2026-04-19 12:49:12,483 - direct_fhir - INFO -   Flag: 450 so far...
2026-04-19 12:49:12,709 - direct_fhir - INFO -   Flag: 500 so far...
2026-04-19 12:49:13,410 - direct_fhir - INFO -   Flag: 533 so far...
[ALL-PATIENTS] Flag: fetched 533 records
2026-04-19 12:49:13,603 - direct_fhir - INFO -   Goal: 42 so far...
[ALL-PATIENTS] Goal: fetched 42 records
2026-04-19 12:49:13,729 - direct_fhir - INFO -   GuidanceResponse: 0 so far...
[ALL-PATIENTS] GuidanceResponse: fetched 0 records
2026-04-19 12:49:13,857 - direct_fhir - INFO -   ImagingStudy: 0 so far...
[ALL-PATIENTS] ImagingStudy: fetched 0 records
2026-04-19 12:49:13,982 - direct_fhir - INFO -   Immunization: 0 so far...
[ALL-PATIENTS] Immunization: fetched 0 records
2026-04-19 12:49:14,099 - direct_fhir - INFO -   ImmunizationEvaluation: 0 so far...
[ALL-PATIENTS] ImmunizationEvaluation: fetched 0 records
2026-04-19 12:49:14,233 - direct_fhir - INFO -   ImmunizationRecommendation: 0 so far...
[ALL-PATIENTS] ImmunizationRecommendation: fetched 0 records
2026-04-19 12:49:14,384 - direct_fhir - INFO -   Invoice: 0 so far...
[ALL-PATIENTS] Invoice: fetched 0 records
2026-04-19 12:49:14,798 - direct_fhir - INFO -   List: 50 so far...
2026-04-19 12:49:15,857 - direct_fhir - INFO -   List: 100 so far...
2026-04-19 12:49:16,198 - direct_fhir - INFO -   List: 150 so far...
2026-04-19 12:49:16,408 - direct_fhir - INFO -   List: 200 so far...
2026-04-19 12:49:16,622 - direct_fhir - INFO -   List: 250 so far...
2026-04-19 12:49:16,793 - direct_fhir - INFO -   List: 282 so far...
[ALL-PATIENTS] List: fetched 282 records
2026-04-19 12:49:16,925 - direct_fhir - INFO -   MeasureReport: 0 so far...
[ALL-PATIENTS] MeasureReport: fetched 0 records
2026-04-19 12:49:19,134 - direct_fhir - INFO -   Media: 50 so far...
2026-04-19 12:49:22,127 - direct_fhir - INFO -   Media: 100 so far...
2026-04-19 12:49:24,732 - direct_fhir - INFO -   Media: 150 so far...
2026-04-19 12:49:26,501 - direct_fhir - INFO -   Media: 200 so far...
2026-04-19 12:49:27,979 - direct_fhir - INFO -   Media: 250 so far...
2026-04-19 12:49:29,559 - direct_fhir - INFO -   Media: 300 so far...
2026-04-19 12:49:31,552 - direct_fhir - INFO -   Media: 350 so far...
2026-04-19 12:49:33,485 - direct_fhir - INFO -   Media: 400 so far...
2026-04-19 12:49:35,713 - direct_fhir - INFO -   Media: 450 so far...
2026-04-19 12:49:36,905 - direct_fhir - INFO -   Media: 482 so far...
[ALL-PATIENTS] Media: fetched 482 records
2026-04-19 12:49:37,072 - direct_fhir - INFO -   MedicationAdministration: 50 so far...
2026-04-19 12:49:37,798 - direct_fhir - INFO -   MedicationAdministration: 100 so far...
2026-04-19 12:49:38,001 - direct_fhir - INFO -   MedicationAdministration: 117 so far...
[ALL-PATIENTS] MedicationAdministration: fetched 117 records
2026-04-19 12:49:38,169 - direct_fhir - INFO -   MedicationDispense: 0 so far...
[ALL-PATIENTS] MedicationDispense: fetched 0 records
2026-04-19 12:49:38,412 - direct_fhir - INFO -   MedicationRequest: 50 so far...
2026-04-19 12:49:39,163 - direct_fhir - INFO -   MedicationRequest: 100 so far...
2026-04-19 12:49:39,391 - direct_fhir - INFO -   MedicationRequest: 130 so far...
[ALL-PATIENTS] MedicationRequest: fetched 130 records
2026-04-19 12:49:39,545 - direct_fhir - INFO -   MedicationStatement: 0 so far...
[ALL-PATIENTS] MedicationStatement: fetched 0 records
2026-04-19 12:49:39,691 - direct_fhir - INFO -   MedicinalProductAuthorization: 0 so far...
[ALL-PATIENTS] MedicinalProductAuthorization: fetched 0 records
2026-04-19 12:49:39,863 - direct_fhir - INFO -   MedicinalProductContraindication: 0 so far...
[ALL-PATIENTS] MedicinalProductContraindication: fetched 0 records
2026-04-19 12:49:40,001 - direct_fhir - INFO -   MedicinalProductIndication: 0 so far...
[ALL-PATIENTS] MedicinalProductIndication: fetched 0 records
2026-04-19 12:49:40,130 - direct_fhir - INFO -   MedicinalProductInteraction: 0 so far...
[ALL-PATIENTS] MedicinalProductInteraction: fetched 0 records
2026-04-19 12:49:40,272 - direct_fhir - INFO -   MedicinalProductPackaged: 0 so far...
[ALL-PATIENTS] MedicinalProductPackaged: fetched 0 records
2026-04-19 12:49:40,529 - direct_fhir - INFO -   MedicinalProductUndesirableEffect: 0 so far...
[ALL-PATIENTS] MedicinalProductUndesirableEffect: fetched 0 records
2026-04-19 12:49:40,641 - direct_fhir - INFO -   MolecularSequence: 0 so far...
[ALL-PATIENTS] MolecularSequence: fetched 0 records
2026-04-19 12:49:40,737 - direct_fhir - INFO -   NutritionOrder: 0 so far...
[ALL-PATIENTS] NutritionOrder: fetched 0 records
2026-04-19 12:49:40,943 - direct_fhir - INFO -   Observation: 50 so far...
2026-04-19 12:49:41,794 - direct_fhir - INFO -   Observation: 100 so far...
2026-04-19 12:49:42,047 - direct_fhir - INFO -   Observation: 150 so far...
2026-04-19 12:49:42,304 - direct_fhir - INFO -   Observation: 200 so far...
2026-04-19 12:49:42,539 - direct_fhir - INFO -   Observation: 250 so far...
2026-04-19 12:49:42,773 - direct_fhir - INFO -   Observation: 300 so far...
2026-04-19 12:49:42,981 - direct_fhir - INFO -   Observation: 350 so far...
2026-04-19 12:49:43,182 - direct_fhir - INFO -   Observation: 400 so far...
2026-04-19 12:49:43,380 - direct_fhir - INFO -   Observation: 450 so far...
2026-04-19 12:49:43,589 - direct_fhir - INFO -   Observation: 500 so far...
2026-04-19 12:49:44,507 - direct_fhir - INFO -   Observation: 550 so far...
2026-04-19 12:49:44,721 - direct_fhir - INFO -   Observation: 600 so far...
2026-04-19 12:49:44,920 - direct_fhir - INFO -   Observation: 650 so far...
2026-04-19 12:49:45,127 - direct_fhir - INFO -   Observation: 700 so far...
2026-04-19 12:49:45,363 - direct_fhir - INFO -   Observation: 750 so far...
2026-04-19 12:49:45,602 - direct_fhir - INFO -   Observation: 800 so far...
2026-04-19 12:49:45,847 - direct_fhir - INFO -   Observation: 850 so far...
2026-04-19 12:49:46,176 - direct_fhir - INFO -   Observation: 900 so far...
2026-04-19 12:49:46,393 - direct_fhir - INFO -   Observation: 950 so far...
2026-04-19 12:49:46,614 - direct_fhir - INFO -   Observation: 1000 so far...
2026-04-19 12:49:46,846 - direct_fhir - INFO -   Observation: 1050 so far...
2026-04-19 12:49:47,053 - direct_fhir - INFO -   Observation: 1100 so far...
2026-04-19 12:49:47,283 - direct_fhir - INFO -   Observation: 1150 so far...
2026-04-19 12:49:47,488 - direct_fhir - INFO -   Observation: 1200 so far...
2026-04-19 12:49:47,684 - direct_fhir - INFO -   Observation: 1250 so far...
2026-04-19 12:49:47,895 - direct_fhir - INFO -   Observation: 1300 so far...
2026-04-19 12:49:48,098 - direct_fhir - INFO -   Observation: 1350 so far...
2026-04-19 12:49:48,304 - direct_fhir - INFO -   Observation: 1400 so far...
2026-04-19 12:49:48,495 - direct_fhir - INFO -   Observation: 1450 so far...
2026-04-19 12:49:48,707 - direct_fhir - INFO -   Observation: 1500 so far...
2026-04-19 12:49:48,918 - direct_fhir - INFO -   Observation: 1550 so far...
2026-04-19 12:49:49,112 - direct_fhir - INFO -   Observation: 1600 so far...
2026-04-19 12:49:49,295 - direct_fhir - INFO -   Observation: 1650 so far...
2026-04-19 12:49:49,471 - direct_fhir - INFO -   Observation: 1700 so far...
2026-04-19 12:49:49,711 - direct_fhir - INFO -   Observation: 1750 so far...
2026-04-19 12:49:49,960 - direct_fhir - INFO -   Observation: 1800 so far...
2026-04-19 12:49:50,206 - direct_fhir - INFO -   Observation: 1850 so far...
2026-04-19 12:49:50,377 - direct_fhir - INFO -   Observation: 1900 so far...
2026-04-19 12:49:50,641 - direct_fhir - INFO -   Observation: 1950 so far...
2026-04-19 12:49:50,812 - direct_fhir - INFO -   Observation: 2000 so far...
2026-04-19 12:49:52,204 - direct_fhir - INFO -   Observation: 2050 so far...
2026-04-19 12:49:52,481 - direct_fhir - INFO -   Observation: 2100 so far...
2026-04-19 12:49:52,699 - direct_fhir - INFO -   Observation: 2150 so far...
2026-04-19 12:49:52,878 - direct_fhir - INFO -   Observation: 2200 so far...
2026-04-19 12:49:53,121 - direct_fhir - INFO -   Observation: 2250 so far...
2026-04-19 12:49:53,297 - direct_fhir - INFO -   Observation: 2300 so far...
2026-04-19 12:49:53,475 - direct_fhir - INFO -   Observation: 2350 so far...
2026-04-19 12:49:53,589 - werkzeug - INFO -  * Detected change in '/Users/ebeneyeraggrey-mills/development/CareIT/CareIT_Vibe_Miniapp/services/patient_context_service.py', reloading
2026-04-19 12:49:54,140 - werkzeug - WARNING -  * Debugger is active!
2026-04-19 12:49:54,145 - werkzeug - INFO -  * Debugger PIN: 805-155-362

============================================================
[INDEX] POST request to / from 192.168.0.239
[INDEX] Cookies: []
============================================================
[INDEX] POST request - checking Flutter headers
[INDEX] Headers: auth=True, patient_id=all, fhir_base=http://38.careit.one:8200
[INDEX] All headers present, processing Flutter integration
[INDEX] Patient data ready from cached session 8b17c67c-e4a8-410c-89f6-12ffdfcc8aa0
[INDEX] Tasks loaded: pending=0, running=0, completed=132
[INDEX] Response prepared
============================================================

2026-04-19 12:51:26,012 - werkzeug - INFO - 192.168.0.239 - - [19/Apr/2026 12:51:26] "POST / HTTP/1.1" 200 -
2026-04-19 12:51:26,344 - werkzeug - INFO - 192.168.0.239 - - [19/Apr/2026 12:51:26] "[36mGET /static/css/main.css HTTP/1.1[0m" 304 -
2026-04-19 12:51:26,354 - werkzeug - INFO - 192.168.0.239 - - [19/Apr/2026 12:51:26] "[36mGET /static/js/store.js HTTP/1.1[0m" 304 -
2026-04-19 12:51:26,354 - werkzeug - INFO - 192.168.0.239 - - [19/Apr/2026 12:51:26] "[36mGET /static/js/api.js HTTP/1.1[0m" 304 -
2026-04-19 12:51:26,354 - werkzeug - INFO - 192.168.0.239 - - [19/Apr/2026 12:51:26] "[36mGET /static/js/components.js HTTP/1.1[0m" 304 -
2026-04-19 12:51:26,355 - werkzeug - INFO - 192.168.0.239 - - [19/Apr/2026 12:51:26] "[36mGET /static/js/app.js HTTP/1.1[0m" 304 -
2026-04-19 12:51:26,407 - werkzeug - INFO - 192.168.0.239 - - [19/Apr/2026 12:51:26] "[36mGET /static/css/variables.css HTTP/1.1[0m" 304 -
2026-04-19 12:51:26,407 - werkzeug - INFO - 192.168.0.239 - - [19/Apr/2026 12:51:26] "[36mGET /static/css/components.css HTTP/1.1[0m" 304 -
2026-04-19 12:51:26,493 - werkzeug - INFO - 192.168.0.239 - - [19/Apr/2026 12:51:26] "OPTIONS /api/backend/session-status HTTP/1.1" 200 -
2026-04-19 12:51:27,009 - werkzeug - INFO - 192.168.0.239 - - [19/Apr/2026 12:51:27] "GET /api/backend/session-status HTTP/1.1" 200 -
2026-04-19 12:53:33,762 - httpx - INFO - HTTP Request: POST https://api.anthropic.com/v1/messages "HTTP/1.1 200 OK"
Extracted data:=============================== {'vitals': [], 'medications': [], 'interventions': [], 'observations': []}
Extracted data: {'vitals': [], 'medications': [], 'interventions': [], 'observations': []}
extract response payload: {'status': 'ok', 'extracted': {'vitals': [], 'medications': [], 'interventions': [], 'observations': []}, 'empty': True, 'transcript': 'Show me the high risk patient in a dashboard'}
2026-04-19 12:53:33,769 - werkzeug - INFO - 192.168.0.239 - - [19/Apr/2026 12:53:33] "POST /api/quick/extract HTTP/1.1" 200 -
2026-04-19 12:54:58,326 - quick_generate_api - INFO - [QUICK-GENERATE] Patient context loaded from cache session 8b17c67c-e4a8-410c-89f6-12ffdfcc8aa0
2026-04-19 12:54:58,374 - werkzeug - INFO - 192.168.0.239 - - [19/Apr/2026 12:54:58] "[35m[1mPOST /api/quick/generate HTTP/1.1[0m" 202 -
2026-04-19 12:54:59,523 - werkzeug - INFO - 192.168.0.239 - - [19/Apr/2026 12:54:59] "GET /api/quick/status/46f2907c-ccd4-4eb9-9128-8441b6ac4dff HTTP/1.1" 200 -
2026-04-19 12:55:01,520 - werkzeug - INFO - 192.168.0.239 - - [19/Apr/2026 12:55:01] "GET /api/quick/status/46f2907c-ccd4-4eb9-9128-8441b6ac4dff HTTP/1.1" 200 -
2026-04-19 12:55:03,563 - werkzeug - INFO - 192.168.0.239 - - [19/Apr/2026 12:55:03] "GET /api/quick/status/46f2907c-ccd4-4eb9-9128-8441b6ac4dff HTTP/1.1" 200 -
2026-04-19 12:55:06,058 - werkzeug - INFO - 192.168.0.239 - - [19/Apr/2026 12:55:06] "GET /api/quick/status/46f2907c-ccd4-4eb9-9128-8441b6ac4dff HTTP/1.1" 200 -
2026-04-19 12:55:07,523 - werkzeug - INFO - 192.168.0.239 - - [19/Apr/2026 12:55:07] "GET /api/quick/status/46f2907c-ccd4-4eb9-9128-8441b6ac4dff HTTP/1.1" 200 -
2026-04-19 12:55:09,483 - werkzeug - INFO - 192.168.0.239 - - [19/Apr/2026 12:55:09] "GET /api/quick/status/46f2907c-ccd4-4eb9-9128-8441b6ac4dff HTTP/1.1" 200 -
2026-04-19 12:55:11,522 - werkzeug - INFO - 192.168.0.239 - - [19/Apr/2026 12:55:11] "GET /api/quick/status/46f2907c-ccd4-4eb9-9128-8441b6ac4dff HTTP/1.1" 200 -
2026-04-19 12:55:13,982 - werkzeug - INFO - 192.168.0.239 - - [19/Apr/2026 12:55:13] "GET /api/quick/status/46f2907c-ccd4-4eb9-9128-8441b6ac4dff HTTP/1.1" 200 -
2026-04-19 12:55:15,516 - werkzeug - INFO - 192.168.0.239 - - [19/Apr/2026 12:55:15] "GET /api/quick/status/46f2907c-ccd4-4eb9-9128-8441b6ac4dff HTTP/1.1" 200 -
2026-04-19 12:55:17,543 - werkzeug - INFO - 192.168.0.239 - - [19/Apr/2026 12:55:17] "GET /api/quick/status/46f2907c-ccd4-4eb9-9128-8441b6ac4dff HTTP/1.1" 200 -
2026-04-19 12:55:19,509 - werkzeug - INFO - 192.168.0.239 - - [19/Apr/2026 12:55:19] "GET /api/quick/status/46f2907c-ccd4-4eb9-9128-8441b6ac4dff HTTP/1.1" 200 -
2026-04-19 12:55:21,868 - werkzeug - INFO - 192.168.0.239 - - [19/Apr/2026 12:55:21] "GET /api/quick/status/46f2907c-ccd4-4eb9-9128-8441b6ac4dff HTTP/1.1" 200 -
2026-04-19 12:55:23,565 - werkzeug - INFO - 192.168.0.239 - - [19/Apr/2026 12:55:23] "GET /api/quick/status/46f2907c-ccd4-4eb9-9128-8441b6ac4dff HTTP/1.1" 200 -
2026-04-19 12:55:25,589 - werkzeug - INFO - 192.168.0.239 - - [19/Apr/2026 12:55:25] "GET /api/quick/status/46f2907c-ccd4-4eb9-9128-8441b6ac4dff HTTP/1.1" 200 -
2026-04-19 12:55:27,575 - werkzeug - INFO - 192.168.0.239 - - [19/Apr/2026 12:55:27] "GET /api/quick/status/46f2907c-ccd4-4eb9-9128-8441b6ac4dff HTTP/1.1" 200 -
2026-04-19 12:55:29,554 - werkzeug - INFO - 192.168.0.239 - - [19/Apr/2026 12:55:29] "GET /api/quick/status/46f2907c-ccd4-4eb9-9128-8441b6ac4dff HTTP/1.1" 200 -
2026-04-19 12:55:31,603 - werkzeug - INFO - 192.168.0.239 - - [19/Apr/2026 12:55:31] "GET /api/quick/status/46f2907c-ccd4-4eb9-9128-8441b6ac4dff HTTP/1.1" 200 -
2026-04-19 12:55:33,558 - werkzeug - INFO - 192.168.0.239 - - [19/Apr/2026 12:55:33] "GET /api/quick/status/46f2907c-ccd4-4eb9-9128-8441b6ac4dff HTTP/1.1" 200 -
2026-04-19 12:55:35,557 - werkzeug - INFO - 192.168.0.239 - - [19/Apr/2026 12:55:35] "GET /api/quick/status/46f2907c-ccd4-4eb9-9128-8441b6ac4dff HTTP/1.1" 200 -
2026-04-19 12:55:37,537 - werkzeug - INFO - 192.168.0.239 - - [19/Apr/2026 12:55:37] "GET /api/quick/status/46f2907c-ccd4-4eb9-9128-8441b6ac4dff HTTP/1.1" 200 -
2026-04-19 12:55:39,582 - werkzeug - INFO - 192.168.0.239 - - [19/Apr/2026 12:55:39] "GET /api/quick/status/46f2907c-ccd4-4eb9-9128-8441b6ac4dff HTTP/1.1" 200 -
2026-04-19 12:55:41,635 - werkzeug - INFO - 192.168.0.239 - - [19/Apr/2026 12:55:41] "GET /api/quick/status/46f2907c-ccd4-4eb9-9128-8441b6ac4dff HTTP/1.1" 200 -
2026-04-19 12:55:43,794 - werkzeug - INFO - 192.168.0.239 - - [19/Apr/2026 12:55:43] "GET /api/quick/status/46f2907c-ccd4-4eb9-9128-8441b6ac4dff HTTP/1.1" 200 -
2026-04-19 12:55:45,801 - werkzeug - INFO - 192.168.0.239 - - [19/Apr/2026 12:55:45] "GET /api/quick/status/46f2907c-ccd4-4eb9-9128-8441b6ac4dff HTTP/1.1" 200 -
2026-04-19 12:55:47,599 - werkzeug - INFO - 192.168.0.239 - - [19/Apr/2026 12:55:47] "GET /api/quick/status/46f2907c-ccd4-4eb9-9128-8441b6ac4dff HTTP/1.1" 200 -
2026-04-19 12:55:49,485 - werkzeug - INFO - 192.168.0.239 - - [19/Apr/2026 12:55:49] "GET /api/quick/status/46f2907c-ccd4-4eb9-9128-8441b6ac4dff HTTP/1.1" 200 -
2026-04-19 12:55:51,570 - werkzeug - INFO - 192.168.0.239 - - [19/Apr/2026 12:55:51] "GET /api/quick/status/46f2907c-ccd4-4eb9-9128-8441b6ac4dff HTTP/1.1" 200 -
2026-04-19 12:55:53,517 - werkzeug - INFO - 192.168.0.239 - - [19/Apr/2026 12:55:53] "GET /api/quick/status/46f2907c-ccd4-4eb9-9128-8441b6ac4dff HTTP/1.1" 200 -
2026-04-19 12:55:55,519 - werkzeug - INFO - 192.168.0.239 - - [19/Apr/2026 12:55:55] "GET /api/quick/status/46f2907c-ccd4-4eb9-9128-8441b6ac4dff HTTP/1.1" 200 -
2026-04-19 12:55:57,513 - werkzeug - INFO - 192.168.0.239 - - [19/Apr/2026 12:55:57] "GET /api/quick/status/46f2907c-ccd4-4eb9-9128-8441b6ac4dff HTTP/1.1" 200 -
2026-04-19 12:55:59,528 - werkzeug - INFO - 192.168.0.239 - - [19/Apr/2026 12:55:59] "GET /api/quick/status/46f2907c-ccd4-4eb9-9128-8441b6ac4dff HTTP/1.1" 200 -
2026-04-19 12:56:01,562 - werkzeug - INFO - 192.168.0.239 - - [19/Apr/2026 12:56:01] "GET /api/quick/status/46f2907c-ccd4-4eb9-9128-8441b6ac4dff HTTP/1.1" 200 -
2026-04-19 12:56:03,670 - werkzeug - INFO - 192.168.0.239 - - [19/Apr/2026 12:56:03] "GET /api/quick/status/46f2907c-ccd4-4eb9-9128-8441b6ac4dff HTTP/1.1" 200 -
2026-04-19 12:56:05,567 - werkzeug - INFO - 192.168.0.239 - - [19/Apr/2026 12:56:05] "GET /api/quick/status/46f2907c-ccd4-4eb9-9128-8441b6ac4dff HTTP/1.1" 200 -
2026-04-19 12:56:07,571 - werkzeug - INFO - 192.168.0.239 - - [19/Apr/2026 12:56:07] "GET /api/quick/status/46f2907c-ccd4-4eb9-9128-8441b6ac4dff HTTP/1.1" 200 -
2026-04-19 12:56:09,527 - werkzeug - INFO - 192.168.0.239 - - [19/Apr/2026 12:56:09] "GET /api/quick/status/46f2907c-ccd4-4eb9-9128-8441b6ac4dff HTTP/1.1" 200 -
2026-04-19 12:56:11,559 - werkzeug - INFO - 192.168.0.239 - - [19/Apr/2026 12:56:11] "GET /api/quick/status/46f2907c-ccd4-4eb9-9128-8441b6ac4dff HTTP/1.1" 200 -
2026-04-19 12:56:13,458 - werkzeug - INFO - 192.168.0.239 - - [19/Apr/2026 12:56:13] "GET /api/quick/status/46f2907c-ccd4-4eb9-9128-8441b6ac4dff HTTP/1.1" 200 -
2026-04-19 12:56:15,588 - werkzeug - INFO - 192.168.0.239 - - [19/Apr/2026 12:56:15] "GET /api/quick/status/46f2907c-ccd4-4eb9-9128-8441b6ac4dff HTTP/1.1" 200 -
2026-04-19 12:56:17,512 - werkzeug - INFO - 192.168.0.239 - - [19/Apr/2026 12:56:17] "GET /api/quick/status/46f2907c-ccd4-4eb9-9128-8441b6ac4dff HTTP/1.1" 200 -
2026-04-19 12:56:19,442 - werkzeug - INFO - 192.168.0.239 - - [19/Apr/2026 12:56:19] "GET /api/quick/status/46f2907c-ccd4-4eb9-9128-8441b6ac4dff HTTP/1.1" 200 -
2026-04-19 12:56:21,579 - werkzeug - INFO - 192.168.0.239 - - [19/Apr/2026 12:56:21] "GET /api/quick/status/46f2907c-ccd4-4eb9-9128-8441b6ac4dff HTTP/1.1" 200 -
2026-04-19 12:56:23,612 - werkzeug - INFO - 192.168.0.239 - - [19/Apr/2026 12:56:23] "GET /api/quick/status/46f2907c-ccd4-4eb9-9128-8441b6ac4dff HTTP/1.1" 200 -
2026-04-19 12:56:25,554 - werkzeug - INFO - 192.168.0.239 - - [19/Apr/2026 12:56:25] "GET /api/quick/status/46f2907c-ccd4-4eb9-9128-8441b6ac4dff HTTP/1.1" 200 -
2026-04-19 12:56:27,579 - werkzeug - INFO - 192.168.0.239 - - [19/Apr/2026 12:56:27] "GET /api/quick/status/46f2907c-ccd4-4eb9-9128-8441b6ac4dff HTTP/1.1" 200 -
2026-04-19 12:56:29,533 - werkzeug - INFO - 192.168.0.239 - - [19/Apr/2026 12:56:29] "GET /api/quick/status/46f2907c-ccd4-4eb9-9128-8441b6ac4dff HTTP/1.1" 200 -
2026-04-19 12:56:31,650 - werkzeug - INFO - 192.168.0.239 - - [19/Apr/2026 12:56:31] "GET /api/quick/status/46f2907c-ccd4-4eb9-9128-8441b6ac4dff HTTP/1.1" 200 -
2026-04-19 12:56:33,532 - werkzeug - INFO - 192.168.0.239 - - [19/Apr/2026 12:56:33] "GET /api/quick/status/46f2907c-ccd4-4eb9-9128-8441b6ac4dff HTTP/1.1" 200 -
2026-04-19 12:56:35,603 - werkzeug - INFO - 192.168.0.239 - - [19/Apr/2026 12:56:35] "GET /api/quick/status/46f2907c-ccd4-4eb9-9128-8441b6ac4dff HTTP/1.1" 200 -
2026-04-19 12:56:37,498 - werkzeug - INFO - 192.168.0.239 - - [19/Apr/2026 12:56:37] "GET /api/quick/status/46f2907c-ccd4-4eb9-9128-8441b6ac4dff HTTP/1.1" 200 -
2026-04-19 12:56:39,594 - werkzeug - INFO - 192.168.0.239 - - [19/Apr/2026 12:56:39] "GET /api/quick/status/46f2907c-ccd4-4eb9-9128-8441b6ac4dff HTTP/1.1" 200 -
2026-04-19 12:56:41,541 - werkzeug - INFO - 192.168.0.239 - - [19/Apr/2026 12:56:41] "GET /api/quick/status/46f2907c-ccd4-4eb9-9128-8441b6ac4dff HTTP/1.1" 200 -
2026-04-19 12:56:43,633 - werkzeug - INFO - 192.168.0.239 - - [19/Apr/2026 12:56:43] "GET /api/quick/status/46f2907c-ccd4-4eb9-9128-8441b6ac4dff HTTP/1.1" 200 -
2026-04-19 12:56:45,529 - werkzeug - INFO - 192.168.0.239 - - [19/Apr/2026 12:56:45] "GET /api/quick/status/46f2907c-ccd4-4eb9-9128-8441b6ac4dff HTTP/1.1" 200 -
2026-04-19 12:56:47,556 - werkzeug - INFO - 192.168.0.239 - - [19/Apr/2026 12:56:47] "GET /api/quick/status/46f2907c-ccd4-4eb9-9128-8441b6ac4dff HTTP/1.1" 200 -
2026-04-19 12:56:50,279 - werkzeug - INFO - 192.168.0.239 - - [19/Apr/2026 12:56:50] "GET /api/quick/status/46f2907c-ccd4-4eb9-9128-8441b6ac4dff HTTP/1.1" 200 -
2026-04-19 12:56:54,156 - werkzeug - INFO - 192.168.0.239 - - [19/Apr/2026 12:56:54] "GET /api/quick/status/46f2907c-ccd4-4eb9-9128-8441b6ac4dff HTTP/1.1" 200 -
2026-04-19 12:56:55,066 - werkzeug - INFO - 192.168.0.239 - - [19/Apr/2026 12:56:55] "GET /api/quick/status/46f2907c-ccd4-4eb9-9128-8441b6ac4dff HTTP/1.1" 200 -
2026-04-19 12:56:55,540 - werkzeug - INFO - 192.168.0.239 - - [19/Apr/2026 12:56:55] "GET /api/quick/status/46f2907c-ccd4-4eb9-9128-8441b6ac4dff HTTP/1.1" 200 -
2026-04-19 12:56:57,592 - werkzeug - INFO - 192.168.0.239 - - [19/Apr/2026 12:56:57] "GET /api/quick/status/46f2907c-ccd4-4eb9-9128-8441b6ac4dff HTTP/1.1" 200 -
2026-04-19 12:56:59,571 - werkzeug - INFO - 192.168.0.239 - - [19/Apr/2026 12:56:59] "GET /api/quick/status/46f2907c-ccd4-4eb9-9128-8441b6ac4dff HTTP/1.1" 200 -
2026-04-19 12:57:01,510 - werkzeug - INFO - 192.168.0.239 - - [19/Apr/2026 12:57:01] "GET /api/quick/status/46f2907c-ccd4-4eb9-9128-8441b6ac4dff HTTP/1.1" 200 -
2026-04-19 12:57:03,552 - werkzeug - INFO - 192.168.0.239 - - [19/Apr/2026 12:57:03] "GET /api/quick/status/46f2907c-ccd4-4eb9-9128-8441b6ac4dff HTTP/1.1" 200 -
2026-04-19 12:57:05,577 - werkzeug - INFO - 192.168.0.239 - - [19/Apr/2026 12:57:05] "GET /api/quick/status/46f2907c-ccd4-4eb9-9128-8441b6ac4dff HTTP/1.1" 200 -
2026-04-19 12:57:07,461 - werkzeug - INFO - 192.168.0.239 - - [19/Apr/2026 12:57:07] "GET /api/quick/status/46f2907c-ccd4-4eb9-9128-8441b6ac4dff HTTP/1.1" 200 -
2026-04-19 12:57:09,498 - werkzeug - INFO - 192.168.0.239 - - [19/Apr/2026 12:57:09] "GET /api/quick/status/46f2907c-ccd4-4eb9-9128-8441b6ac4dff HTTP/1.1" 200 -
2026-04-19 12:57:11,485 - werkzeug - INFO - 192.168.0.239 - - [19/Apr/2026 12:57:11] "GET /api/quick/status/46f2907c-ccd4-4eb9-9128-8441b6ac4dff HTTP/1.1" 200 -
2026-04-19 12:57:13,542 - werkzeug - INFO - 192.168.0.239 - - [19/Apr/2026 12:57:13] "GET /api/quick/status/46f2907c-ccd4-4eb9-9128-8441b6ac4dff HTTP/1.1" 200 -
2026-04-19 12:57:15,489 - werkzeug - INFO - 192.168.0.239 - - [19/Apr/2026 12:57:15] "GET /api/quick/status/46f2907c-ccd4-4eb9-9128-8441b6ac4dff HTTP/1.1" 200 -
2026-04-19 12:57:17,591 - werkzeug - INFO - 192.168.0.239 - - [19/Apr/2026 12:57:17] "GET /api/quick/status/46f2907c-ccd4-4eb9-9128-8441b6ac4dff HTTP/1.1" 200 -
2026-04-19 12:57:19,517 - werkzeug - INFO - 192.168.0.239 - - [19/Apr/2026 12:57:19] "GET /api/quick/status/46f2907c-ccd4-4eb9-9128-8441b6ac4dff HTTP/1.1" 200 -
2026-04-19 12:57:21,682 - werkzeug - INFO - 192.168.0.239 - - [19/Apr/2026 12:57:21] "GET /api/quick/status/46f2907c-ccd4-4eb9-9128-8441b6ac4dff HTTP/1.1" 200 -
2026-04-19 12:57:23,516 - werkzeug - INFO - 192.168.0.239 - - [19/Apr/2026 12:57:23] "GET /api/quick/status/46f2907c-ccd4-4eb9-9128-8441b6ac4dff HTTP/1.1" 200 -
2026-04-19 12:57:25,526 - werkzeug - INFO - 192.168.0.239 - - [19/Apr/2026 12:57:25] "GET /api/quick/status/46f2907c-ccd4-4eb9-9128-8441b6ac4dff HTTP/1.1" 200 -
2026-04-19 12:57:27,631 - werkzeug - INFO - 192.168.0.239 - - [19/Apr/2026 12:57:27] "GET /api/quick/status/46f2907c-ccd4-4eb9-9128-8441b6ac4dff HTTP/1.1" 200 -
2026-04-19 12:57:29,624 - werkzeug - INFO - 192.168.0.239 - - [19/Apr/2026 12:57:29] "GET /api/quick/status/46f2907c-ccd4-4eb9-9128-8441b6ac4dff HTTP/1.1" 200 -
2026-04-19 12:57:31,563 - werkzeug - INFO - 192.168.0.239 - - [19/Apr/2026 12:57:31] "GET /api/quick/status/46f2907c-ccd4-4eb9-9128-8441b6ac4dff HTTP/1.1" 200 -
2026-04-19 12:57:31,870 - httpx - INFO - HTTP Request: POST https://api.anthropic.com/v1/messages "HTTP/1.1 200 OK"
2026-04-19 12:57:33,801 - werkzeug - INFO - 192.168.0.239 - - [19/Apr/2026 12:57:33] "GET /api/quick/status/46f2907c-ccd4-4eb9-9128-8441b6ac4dff HTTP/1.1" 200 -
2026-04-19 12:57:35,477 - werkzeug - INFO - 192.168.0.239 - - [19/Apr/2026 12:57:35] "GET /api/quick/status/46f2907c-ccd4-4eb9-9128-8441b6ac4dff HTTP/1.1" 200 -
2026-04-19 12:57:37,633 - werkzeug - INFO - 192.168.0.239 - - [19/Apr/2026 12:57:37] "GET /api/quick/status/46f2907c-ccd4-4eb9-9128-8441b6ac4dff HTTP/1.1" 200 -
2026-04-19 12:57:39,635 - werkzeug - INFO - 192.168.0.239 - - [19/Apr/2026 12:57:39] "GET /api/quick/status/46f2907c-ccd4-4eb9-9128-8441b6ac4dff HTTP/1.1" 200 -
2026-04-19 12:57:41,301 - httpx - INFO - HTTP Request: POST https://api.anthropic.com/v1/messages "HTTP/1.1 200 OK"
2026-04-19 12:57:41,531 - werkzeug - INFO - 192.168.0.239 - - [19/Apr/2026 12:57:41] "GET /api/quick/status/46f2907c-ccd4-4eb9-9128-8441b6ac4dff HTTP/1.1" 200 -
2026-04-19 12:57:43,533 - werkzeug - INFO - 192.168.0.239 - - [19/Apr/2026 12:57:43] "GET /api/quick/status/46f2907c-ccd4-4eb9-9128-8441b6ac4dff HTTP/1.1" 200 -
[MINI-APP-PREVIEW] Loading preview for task 46f2907c-ccd4-4eb9-9128-8441b6ac4dff
[MINI-APP-PREVIEW] Rendering preview for task 46f2907c-ccd4-4eb9-9128-8441b6ac4dff
2026-04-19 12:59:46,838 - werkzeug - INFO - 192.168.0.239 - - [19/Apr/2026 12:59:46] "GET /mini-apps/46f2907c-ccd4-4eb9-9128-8441b6ac4dff HTTP/1.1" 200 -
2026-04-19 13:19:23,228 - werkzeug - INFO - 192.168.0.211 - - [19/Apr/2026 13:19:23] "GET /api/debug/console-logs HTTP/1.1" 200 -
2026-04-19 14:17:10,873 - werkzeug - INFO - 192.168.0.211 - - [19/Apr/2026 14:17:10] "GET /api/debug/console-logs HTTP/1.1" 200 -
2026-04-19 14:17:15,212 - werkzeug - INFO - 192.168.0.211 - - [19/Apr/2026 14:17:15] "GET /api/debug/console-logs HTTP/1.1" 200 -
2026-04-19 14:17:16,008 - werkzeug - INFO - 192.168.0.211 - - [19/Apr/2026 14:17:16] "GET /api/debug/console-logs HTTP/1.1" 200 -
2026-04-19 14:17:16,517 - werkzeug - INFO - 192.168.0.211 - - [19/Apr/2026 14:17:16] "GET /api/debug/console-logs HTTP/1.1" 200 -
2026-04-19 14:17:16,627 - werkzeug - INFO - 192.168.0.211 - - [19/Apr/2026 14:17:16] "GET /api/debug/console-logs HTTP/1.1" 200 -
2026-04-19 14:17:16,725 - werkzeug - INFO - 192.168.0.211 - - [19/Apr/2026 14:17:16] "GET /api/debug/console-logs HTTP/1.1" 200 -
2026-04-19 14:17:16,790 - werkzeug - INFO - 192.168.0.211 - - [19/Apr/2026 14:17:16] "GET /api/debug/console-logs HTTP/1.1" 200 -
2026-04-19 14:17:16,891 - werkzeug - INFO - 192.168.0.211 - - [19/Apr/2026 14:17:16] "GET /api/debug/console-logs HTTP/1.1" 200 -
2026-04-19 14:17:16,955 - werkzeug - INFO - 192.168.0.211 - - [19/Apr/2026 14:17:16] "GET /api/debug/console-logs HTTP/1.1" 200 -
2026-04-19 14:17:17,053 - werkzeug - INFO - 192.168.0.211 - - [19/Apr/2026 14:17:17] "GET /api/debug/console-logs HTTP/1.1" 200 -
2026-04-19 14:17:17,129 - werkzeug - INFO - 192.168.0.211 - - [19/Apr/2026 14:17:17] "GET /api/debug/console-logs HTTP/1.1" 200 -
2026-04-19 14:17:18,129 - werkzeug - INFO - 192.168.0.211 - - [19/Apr/2026 14:17:18] "GET /api/debug/console-logs HTTP/1.1" 200 -
2026-04-19 14:17:18,709 - werkzeug - INFO - 192.168.0.211 - - [19/Apr/2026 14:17:18] "GET /api/debug/console-logs HTTP/1.1" 200 -
2026-04-19 14:17:19,872 - werkzeug - INFO - 192.168.0.211 - - [19/Apr/2026 14:17:19] "GET /api/debug/console-logs HTTP/1.1" 200 -
2026-04-19 14:17:20,059 - werkzeug - INFO - 192.168.0.211 - - [19/Apr/2026 14:17:20] "GET /api/debug/console-logs HTTP/1.1" 200 -
2026-04-19 14:17:20,383 - werkzeug - INFO - 192.168.0.211 - - [19/Apr/2026 14:17:20] "GET /api/debug/console-logs HTTP/1.1" 200 -
2026-04-19 14:17:20,695 - werkzeug - INFO - 192.168.0.211 - - [19/Apr/2026 14:17:20] "GET /api/debug/console-logs HTTP/1.1" 200 -
2026-04-19 14:17:20,886 - werkzeug - INFO - 192.168.0.211 - - [19/Apr/2026 14:17:20] "GET /api/debug/console-logs HTTP/1.1" 200 -
2026-04-19 14:17:21,063 - werkzeug - INFO - 192.168.0.211 - - [19/Apr/2026 14:17:21] "GET /api/debug/console-logs HTTP/1.1" 200 -
2026-04-19 14:17:21,230 - werkzeug - INFO - 192.168.0.211 - - [19/Apr/2026 14:17:21] "GET /api/debug/console-logs HTTP/1.1" 200 -
2026-04-19 14:17:21,382 - werkzeug - INFO - 192.168.0.211 - - [19/Apr/2026 14:17:21] "GET /api/debug/console-logs HTTP/1.1" 200 -
2026-04-19 14:17:21,547 - werkzeug - INFO - 192.168.0.211 - - [19/Apr/2026 14:17:21] "GET /api/debug/console-logs HTTP/1.1" 200 -
2026-04-19 14:17:21,713 - werkzeug - INFO - 192.168.0.211 - - [19/Apr/2026 14:17:21] "GET /api/debug/console-logs HTTP/1.1" 200 -
2026-04-19 14:17:28,415 - werkzeug - INFO - 192.168.0.211 - - [19/Apr/2026 14:17:28] "GET /api/debug/console-logs HTTP/1.1" 200 -
2026-04-19 14:17:28,573 - werkzeug - INFO - 192.168.0.211 - - [19/Apr/2026 14:17:28] "GET /api/debug/console-logs HTTP/1.1" 200 -
2026-04-19 14:17:28,879 - werkzeug - INFO - 192.168.0.211 - - [19/Apr/2026 14:17:28] "GET /api/debug/console-logs HTTP/1.1" 200 -
2026-04-19 14:17:29,538 - werkzeug - INFO - 192.168.0.211 - - [19/Apr/2026 14:17:29] "GET /api/debug/console-logs HTTP/1.1" 200 -
2026-04-19 14:17:29,697 - werkzeug - INFO - 192.168.0.211 - - [19/Apr/2026 14:17:29] "GET /api/debug/console-logs HTTP/1.1" 200 -
2026-04-19 14:17:29,865 - werkzeug - INFO - 192.168.0.211 - - [19/Apr/2026 14:17:29] "GET /api/debug/console-logs HTTP/1.1" 200 -
2026-04-19 14:17:29,985 - werkzeug - INFO - 192.168.0.211 - - [19/Apr/2026 14:17:29] "GET /api/debug/console-logs HTTP/1.1" 200 -
2026-04-19 14:17:30,186 - werkzeug - INFO - 192.168.0.211 - - [19/Apr/2026 14:17:30] "GET /api/debug/console-logs HTTP/1.1" 200 -
2026-04-19 14:17:30,388 - werkzeug - INFO - 192.168.0.211 - - [19/Apr/2026 14:17:30] "GET /api/debug/console-logs HTTP/1.1" 200 -
2026-04-19 14:17:30,593 - werkzeug - INFO - 192.168.0.211 - - [19/Apr/2026 14:17:30] "GET /api/debug/console-logs HTTP/1.1" 200 -
2026-04-19 14:17:30,770 - werkzeug - INFO - 192.168.0.211 - - [19/Apr/2026 14:17:30] "GET /api/debug/console-logs HTTP/1.1" 200 -
2026-04-19 14:17:30,949 - werkzeug - INFO - 192.168.0.211 - - [19/Apr/2026 14:17:30] "GET /api/debug/console-logs HTTP/1.1" 200 -
2026-04-19 14:17:31,293 - werkzeug - INFO - 192.168.0.211 - - [19/Apr/2026 14:17:31] "GET /api/debug/console-logs HTTP/1.1" 200 -
2026-04-19 14:17:31,443 - werkzeug - INFO - 192.168.0.211 - - [19/Apr/2026 14:17:31] "GET /api/debug/console-logs HTTP/1.1" 200 -
2026-04-19 14:17:31,625 - werkzeug - INFO - 192.168.0.211 - - [19/Apr/2026 14:17:31] "GET /api/debug/console-logs HTTP/1.1" 200 -
2026-04-19 14:17:31,805 - werkzeug - INFO - 192.168.0.211 - - [19/Apr/2026 14:17:31] "GET /api/debug/console-logs HTTP/1.1" 200 -
2026-04-19 14:17:31,983 - werkzeug - INFO - 192.168.0.211 - - [19/Apr/2026 14:17:31] "GET /api/debug/console-logs HTTP/1.1" 200 -
2026-04-19 14:17:32,166 - werkzeug - INFO - 192.168.0.211 - - [19/Apr/2026 14:17:32] "GET /api/debug/console-logs HTTP/1.1" 200 -
2026-04-19 14:17:32,358 - werkzeug - INFO - 192.168.0.211 - - [19/Apr/2026 14:17:32] "GET /api/debug/console-logs HTTP/1.1" 200 -
2026-04-19 14:17:32,560 - werkzeug - INFO - 192.168.0.211 - - [19/Apr/2026 14:17:32] "GET /api/debug/console-logs HTTP/1.1" 200 -
2026-04-19 14:17:32,776 - werkzeug - INFO - 192.168.0.211 - - [19/Apr/2026 14:17:32] "GET /api/debug/console-logs HTTP/1.1" 200 -
2026-04-19 14:17:32,978 - werkzeug - INFO - 192.168.0.211 - - [19/Apr/2026 14:17:32] "GET /api/debug/console-logs HTTP/1.1" 200 -
2026-04-19 14:17:33,168 - werkzeug - INFO - 192.168.0.211 - - [19/Apr/2026 14:17:33] "GET /api/debug/console-logs HTTP/1.1" 200 -
2026-04-19 14:17:33,360 - werkzeug - INFO - 192.168.0.211 - - [19/Apr/2026 14:17:33] "GET /api/debug/console-logs HTTP/1.1" 200 -
2026-04-19 14:17:33,561 - werkzeug - INFO - 192.168.0.211 - - [19/Apr/2026 14:17:33] "GET /api/debug/console-logs HTTP/1.1" 200 -
2026-04-19 14:17:33,775 - werkzeug - INFO - 192.168.0.211 - - [19/Apr/2026 14:17:33] "GET /api/debug/console-logs HTTP/1.1" 200 -
2026-04-19 14:17:33,992 - werkzeug - INFO - 192.168.0.211 - - [19/Apr/2026 14:17:33] "GET /api/debug/console-logs HTTP/1.1" 200 -
2026-04-19 14:17:34,191 - werkzeug - INFO - 192.168.0.211 - - [19/Apr/2026 14:17:34] "GET /api/debug/console-logs HTTP/1.1" 200 -
2026-04-19 14:17:34,395 - werkzeug - INFO - 192.168.0.211 - - [19/Apr/2026 14:17:34] "GET /api/debug/console-logs HTTP/1.1" 200 -
2026-04-19 14:17:34,595 - werkzeug - INFO - 192.168.0.211 - - [19/Apr/2026 14:17:34] "GET /api/debug/console-logs HTTP/1.1" 200 -
2026-04-19 14:17:34,796 - werkzeug - INFO - 192.168.0.211 - - [19/Apr/2026 14:17:34] "GET /api/debug/console-logs HTTP/1.1" 200 -
2026-04-19 14:17:39,307 - werkzeug - INFO - 192.168.0.211 - - [19/Apr/2026 14:17:39] "GET /api/debug/console-logs HTTP/1.1" 200 -
2026-04-19 14:17:39,801 - werkzeug - INFO - 192.168.0.211 - - [19/Apr/2026 14:17:39] "GET /api/debug/console-logs HTTP/1.1" 200 -
2026-04-19 14:17:39,906 - werkzeug - INFO - 192.168.0.211 - - [19/Apr/2026 14:17:39] "GET /api/debug/console-logs HTTP/1.1" 200 -
2026-04-19 14:17:40,003 - werkzeug - INFO - 192.168.0.211 - - [19/Apr/2026 14:17:40] "GET /api/debug/console-logs HTTP/1.1" 200 -
2026-04-19 14:17:40,077 - werkzeug - INFO - 192.168.0.211 - - [19/Apr/2026 14:17:40] "GET /api/debug/console-logs HTTP/1.1" 200 -
2026-04-19 14:17:40,176 - werkzeug - INFO - 192.168.0.211 - - [19/Apr/2026 14:17:40] "GET /api/debug/console-logs HTTP/1.1" 200 -
2026-04-19 14:17:40,242 - werkzeug - INFO - 192.168.0.211 - - [19/Apr/2026 14:17:40] "GET /api/debug/console-logs HTTP/1.1" 200 -
2026-04-19 14:17:40,338 - werkzeug - INFO - 192.168.0.211 - - [19/Apr/2026 14:17:40] "GET /api/debug/console-logs HTTP/1.1" 200 -
2026-04-19 14:17:40,412 - werkzeug - INFO - 192.168.0.211 - - [19/Apr/2026 14:17:40] "GET /api/debug/console-logs HTTP/1.1" 200 -
2026-04-19 14:17:40,507 - werkzeug - INFO - 192.168.0.211 - - [19/Apr/2026 14:17:40] "GET /api/debug/console-logs HTTP/1.1" 200 -
2026-04-19 14:17:40,582 - werkzeug - INFO - 192.168.0.211 - - [19/Apr/2026 14:17:40] "GET /api/debug/console-logs HTTP/1.1" 200 -
2026-04-19 14:17:40,683 - werkzeug - INFO - 192.168.0.211 - - [19/Apr/2026 14:17:40] "GET /api/debug/console-logs HTTP/1.1" 200 -
2026-04-19 14:17:40,748 - werkzeug - INFO - 192.168.0.211 - - [19/Apr/2026 14:17:40] "GET /api/debug/console-logs HTTP/1.1" 200 -
2026-04-19 14:17:40,829 - werkzeug - INFO - 192.168.0.211 - - [19/Apr/2026 14:17:40] "GET /api/debug/console-logs HTTP/1.1" 200 -
2026-04-19 14:17:40,924 - werkzeug - INFO - 192.168.0.211 - - [19/Apr/2026 14:17:40] "GET /api/debug/console-logs HTTP/1.1" 200 -
2026-04-19 14:17:40,998 - werkzeug - INFO - 192.168.0.211 - - [19/Apr/2026 14:17:40] "GET /api/debug/console-logs HTTP/1.1" 200 -
2026-04-19 14:17:41,093 - werkzeug - INFO - 192.168.0.211 - - [19/Apr/2026 14:17:41] "GET /api/debug/console-logs HTTP/1.1" 200 -
2026-04-19 14:17:41,166 - werkzeug - INFO - 192.168.0.211 - - [19/Apr/2026 14:17:41] "GET /api/debug/console-logs HTTP/1.1" 200 -
2026-04-19 14:17:41,261 - werkzeug - INFO - 192.168.0.211 - - [19/Apr/2026 14:17:41] "GET /api/debug/console-logs HTTP/1.1" 200 -
2026-04-19 14:17:41,338 - werkzeug - INFO - 192.168.0.211 - - [19/Apr/2026 14:17:41] "GET /api/debug/console-logs HTTP/1.1" 200 -
2026-04-19 14:17:41,434 - werkzeug - INFO - 192.168.0.211 - - [19/Apr/2026 14:17:41] "GET /api/debug/console-logs HTTP/1.1" 200 -
2026-04-19 14:17:41,499 - werkzeug - INFO - 192.168.0.211 - - [19/Apr/2026 14:17:41] "GET /api/debug/console-logs HTTP/1.1" 200 -
2026-04-19 14:17:41,594 - werkzeug - INFO - 192.168.0.211 - - [19/Apr/2026 14:17:41] "GET /api/debug/console-logs HTTP/1.1" 200 -
2026-04-19 14:17:41,670 - werkzeug - INFO - 192.168.0.211 - - [19/Apr/2026 14:17:41] "GET /api/debug/console-logs HTTP/1.1" 200 -
2026-04-19 14:17:41,767 - werkzeug - INFO - 192.168.0.211 - - [19/Apr/2026 14:17:41] "GET /api/debug/console-logs HTTP/1.1" 200 -
2026-04-19 14:17:41,832 - werkzeug - INFO - 192.168.0.211 - - [19/Apr/2026 14:17:41] "GET /api/debug/console-logs HTTP/1.1" 200 -
2026-04-19 14:17:41,938 - werkzeug - INFO - 192.168.0.211 - - [19/Apr/2026 14:17:41] "GET /api/debug/console-logs HTTP/1.1" 200 -
2026-04-19 14:17:42,000 - werkzeug - INFO - 192.168.0.211 - - [19/Apr/2026 14:17:42] "GET /api/debug/console-logs HTTP/1.1" 200 -
2026-04-19 14:17:42,096 - werkzeug - INFO - 192.168.0.211 - - [19/Apr/2026 14:17:42] "GET /api/debug/console-logs HTTP/1.1" 200 -
2026-04-19 14:17:42,170 - werkzeug - INFO - 192.168.0.211 - - [19/Apr/2026 14:17:42] "GET /api/debug/console-logs HTTP/1.1" 200 -
2026-04-19 14:17:42,265 - werkzeug - INFO - 192.168.0.211 - - [19/Apr/2026 14:17:42] "GET /api/debug/console-logs HTTP/1.1" 200 -
2026-04-19 14:17:42,339 - werkzeug - INFO - 192.168.0.211 - - [19/Apr/2026 14:17:42] "GET /api/debug/console-logs HTTP/1.1" 200 -
2026-04-19 14:17:42,443 - werkzeug - INFO - 192.168.0.211 - - [19/Apr/2026 14:17:42] "GET /api/debug/console-logs HTTP/1.1" 200 -
2026-04-19 14:17:42,502 - werkzeug - INFO - 192.168.0.211 - - [19/Apr/2026 14:17:42] "GET /api/debug/console-logs HTTP/1.1" 200 -
2026-04-19 14:17:42,588 - werkzeug - INFO - 192.168.0.211 - - [19/Apr/2026 14:17:42] "GET /api/debug/console-logs HTTP/1.1" 200 -
2026-04-19 14:17:42,681 - werkzeug - INFO - 192.168.0.211 - - [19/Apr/2026 14:17:42] "GET /api/debug/console-logs HTTP/1.1" 200 -
2026-04-19 14:17:42,758 - werkzeug - INFO - 192.168.0.211 - - [19/Apr/2026 14:17:42] "GET /api/debug/console-logs HTTP/1.1" 200 -
2026-04-19 14:17:42,854 - werkzeug - INFO - 192.168.0.211 - - [19/Apr/2026 14:17:42] "GET /api/debug/console-logs HTTP/1.1" 200 -
2026-04-19 14:17:42,919 - werkzeug - INFO - 192.168.0.211 - - [19/Apr/2026 14:17:42] "GET /api/debug/console-logs HTTP/1.1" 200 -
2026-04-19 14:17:43,004 - werkzeug - INFO - 192.168.0.211 - - [19/Apr/2026 14:17:43] "GET /api/debug/console-logs HTTP/1.1" 200 -
2026-04-19 14:17:43,101 - werkzeug - INFO - 192.168.0.211 - - [19/Apr/2026 14:17:43] "GET /api/debug/console-logs HTTP/1.1" 200 -
2026-04-19 14:17:43,172 - werkzeug - INFO - 192.168.0.211 - - [19/Apr/2026 14:17:43] "GET /api/debug/console-logs HTTP/1.1" 200 -
2026-04-19 14:17:43,258 - werkzeug - INFO - 192.168.0.211 - - [19/Apr/2026 14:17:43] "GET /api/debug/console-logs HTTP/1.1" 200 -
2026-04-19 14:17:43,355 - werkzeug - INFO - 192.168.0.211 - - [19/Apr/2026 14:17:43] "GET /api/debug/console-logs HTTP/1.1" 200 -
2026-04-19 14:17:43,420 - werkzeug - INFO - 192.168.0.211 - - [19/Apr/2026 14:17:43] "GET /api/debug/console-logs HTTP/1.1" 200 -
2026-04-19 14:17:43,523 - werkzeug - INFO - 192.168.0.211 - - [19/Apr/2026 14:17:43] "GET /api/debug/console-logs HTTP/1.1" 200 -
2026-04-19 14:17:43,589 - werkzeug - INFO - 192.168.0.211 - - [19/Apr/2026 14:17:43] "GET /api/debug/console-logs HTTP/1.1" 200 -
2026-04-19 14:17:43,686 - werkzeug - INFO - 192.168.0.211 - - [19/Apr/2026 14:17:43] "GET /api/debug/console-logs HTTP/1.1" 200 -
2026-04-19 14:17:43,761 - werkzeug - INFO - 192.168.0.211 - - [19/Apr/2026 14:17:43] "GET /api/debug/console-logs HTTP/1.1" 200 -
2026-04-19 14:17:43,856 - werkzeug - INFO - 192.168.0.211 - - [19/Apr/2026 14:17:43] "GET /api/debug/console-logs HTTP/1.1" 200 -
2026-04-19 14:17:43,922 - werkzeug - INFO - 192.168.0.211 - - [19/Apr/2026 14:17:43] "GET /api/debug/console-logs HTTP/1.1" 200 -
2026-04-19 14:17:44,019 - werkzeug - INFO - 192.168.0.211 - - [19/Apr/2026 14:17:44] "GET /api/debug/console-logs HTTP/1.1" 200 -
2026-04-19 14:17:44,094 - werkzeug - INFO - 192.168.0.211 - - [19/Apr/2026 14:17:44] "GET /api/debug/console-logs HTTP/1.1" 200 -
2026-04-19 14:17:44,190 - werkzeug - INFO - 192.168.0.211 - - [19/Apr/2026 14:17:44] "GET /api/debug/console-logs HTTP/1.1" 200 -
2026-04-19 14:17:44,260 - werkzeug - INFO - 192.168.0.211 - - [19/Apr/2026 14:17:44] "GET /api/debug/console-logs HTTP/1.1" 200 -
2026-04-19 14:17:44,358 - werkzeug - INFO - 192.168.0.211 - - [19/Apr/2026 14:17:44] "GET /api/debug/console-logs HTTP/1.1" 200 -
2026-04-19 14:17:44,430 - werkzeug - INFO - 192.168.0.211 - - [19/Apr/2026 14:17:44] "GET /api/debug/console-logs HTTP/1.1" 200 -
2026-04-19 14:17:44,526 - werkzeug - INFO - 192.168.0.211 - - [19/Apr/2026 14:17:44] "GET /api/debug/console-logs HTTP/1.1" 200 -
2026-04-19 14:17:44,593 - werkzeug - INFO - 192.168.0.211 - - [19/Apr/2026 14:17:44] "GET /api/debug/console-logs HTTP/1.1" 200 -
2026-04-19 14:17:44,684 - werkzeug - INFO - 192.168.0.211 - - [19/Apr/2026 14:17:44] "GET /api/debug/console-logs HTTP/1.1" 200 -
2026-04-19 14:17:44,781 - werkzeug - INFO - 192.168.0.211 - - [19/Apr/2026 14:17:44] "GET /api/debug/console-logs HTTP/1.1" 200 -
2026-04-19 14:17:44,850 - werkzeug - INFO - 192.168.0.211 - - [19/Apr/2026 14:17:44] "GET /api/debug/console-logs HTTP/1.1" 200 -
2026-04-19 14:17:44,948 - werkzeug - INFO - 192.168.0.211 - - [19/Apr/2026 14:17:44] "GET /api/debug/console-logs HTTP/1.1" 200 -
2026-04-19 14:17:45,012 - werkzeug - INFO - 192.168.0.211 - - [19/Apr/2026 14:17:45] "GET /api/debug/console-logs HTTP/1.1" 200 -
2026-04-19 14:17:45,109 - werkzeug - INFO - 192.168.0.211 - - [19/Apr/2026 14:17:45] "GET /api/debug/console-logs HTTP/1.1" 200 -
2026-04-19 14:17:45,186 - werkzeug - INFO - 192.168.0.211 - - [19/Apr/2026 14:17:45] "GET /api/debug/console-logs HTTP/1.1" 200 -
2026-04-19 14:17:45,269 - werkzeug - INFO - 192.168.0.211 - - [19/Apr/2026 14:17:45] "GET /api/debug/console-logs HTTP/1.1" 200 -
2026-04-19 14:17:45,362 - werkzeug - INFO - 192.168.0.211 - - [19/Apr/2026 14:17:45] "GET /api/debug/console-logs HTTP/1.1" 200 -
2026-04-19 14:17:45,431 - werkzeug - INFO - 192.168.0.211 - - [19/Apr/2026 14:17:45] "GET /api/debug/console-logs HTTP/1.1" 200 -
2026-04-19 14:17:45,528 - werkzeug - INFO - 192.168.0.211 - - [19/Apr/2026 14:17:45] "GET /api/debug/console-logs HTTP/1.1" 200 -
2026-04-19 14:17:45,602 - werkzeug - INFO - 192.168.0.211 - - [19/Apr/2026 14:17:45] "GET /api/debug/console-logs HTTP/1.1" 200 -
2026-04-19 14:17:45,686 - werkzeug - INFO - 192.168.0.211 - - [19/Apr/2026 14:17:45] "GET /api/debug/console-logs HTTP/1.1" 200 -
2026-04-19 14:17:45,767 - werkzeug - INFO - 192.168.0.211 - - [19/Apr/2026 14:17:45] "GET /api/debug/console-logs HTTP/1.1" 200 -
2026-04-19 14:17:45,870 - werkzeug - INFO - 192.168.0.211 - - [19/Apr/2026 14:17:45] "GET /api/debug/console-logs HTTP/1.1" 200 -
2026-04-19 14:17:45,932 - werkzeug - INFO - 192.168.0.211 - - [19/Apr/2026 14:17:45] "GET /api/debug/console-logs HTTP/1.1" 200 -
2026-04-19 14:17:46,030 - werkzeug - INFO - 192.168.0.211 - - [19/Apr/2026 14:17:46] "GET /api/debug/console-logs HTTP/1.1" 200 -
2026-04-19 14:17:46,102 - werkzeug - INFO - 192.168.0.211 - - [19/Apr/2026 14:17:46] "GET /api/debug/console-logs HTTP/1.1" 200 -
2026-04-19 14:17:46,188 - werkzeug - INFO - 192.168.0.211 - - [19/Apr/2026 14:17:46] "GET /api/debug/console-logs HTTP/1.1" 200 -
2026-04-19 14:17:46,287 - werkzeug - INFO - 192.168.0.211 - - [19/Apr/2026 14:17:46] "GET /api/debug/console-logs HTTP/1.1" 200 -
2026-04-19 14:17:46,352 - werkzeug - INFO - 192.168.0.211 - - [19/Apr/2026 14:17:46] "GET /api/debug/console-logs HTTP/1.1" 200 -
2026-04-19 14:17:46,455 - werkzeug - INFO - 192.168.0.211 - - [19/Apr/2026 14:17:46] "GET /api/debug/console-logs HTTP/1.1" 200 -
2026-04-19 14:17:46,521 - werkzeug - INFO - 192.168.0.211 - - [19/Apr/2026 14:17:46] "GET /api/debug/console-logs HTTP/1.1" 200 -
2026-04-19 14:17:46,614 - werkzeug - INFO - 192.168.0.211 - - [19/Apr/2026 14:17:46] "GET /api/debug/console-logs HTTP/1.1" 200 -
2026-04-19 14:17:46,691 - werkzeug - INFO - 192.168.0.211 - - [19/Apr/2026 14:17:46] "GET /api/debug/console-logs HTTP/1.1" 200 -
2026-04-19 14:17:46,772 - werkzeug - INFO - 192.168.0.211 - - [19/Apr/2026 14:17:46] "GET /api/debug/console-logs HTTP/1.1" 200 -
2026-04-19 14:17:46,852 - werkzeug - INFO - 192.168.0.211 - - [19/Apr/2026 14:17:46] "GET /api/debug/console-logs HTTP/1.1" 200 -
2026-04-19 14:17:46,943 - werkzeug - INFO - 192.168.0.211 - - [19/Apr/2026 14:17:46] "GET /api/debug/console-logs HTTP/1.1" 200 -
2026-04-19 14:17:47,020 - werkzeug - INFO - 192.168.0.211 - - [19/Apr/2026 14:17:47] "GET /api/debug/console-logs HTTP/1.1" 200 -
2026-04-19 14:17:47,121 - werkzeug - INFO - 192.168.0.211 - - [19/Apr/2026 14:17:47] "GET /api/debug/console-logs HTTP/1.1" 200 -
2026-04-19 14:17:47,189 - werkzeug - INFO - 192.168.0.211 - - [19/Apr/2026 14:17:47] "GET /api/debug/console-logs HTTP/1.1" 200 -
2026-04-19 14:17:47,285 - werkzeug - INFO - 192.168.0.211 - - [19/Apr/2026 14:17:47] "GET /api/debug/console-logs HTTP/1.1" 200 -
2026-04-19 14:17:47,355 - werkzeug - INFO - 192.168.0.211 - - [19/Apr/2026 14:17:47] "GET /api/debug/console-logs HTTP/1.1" 200 -
2026-04-19 14:17:47,441 - werkzeug - INFO - 192.168.0.211 - - [19/Apr/2026 14:17:47] "GET /api/debug/console-logs HTTP/1.1" 200 -
2026-04-19 14:17:47,527 - werkzeug - INFO - 192.168.0.211 - - [19/Apr/2026 14:17:47] "GET /api/debug/console-logs HTTP/1.1" 200 -
2026-04-19 14:17:47,623 - werkzeug - INFO - 192.168.0.211 - - [19/Apr/2026 14:17:47] "GET /api/debug/console-logs HTTP/1.1" 200 -
2026-04-19 14:17:47,690 - werkzeug - INFO - 192.168.0.211 - - [19/Apr/2026 14:17:47] "GET /api/debug/console-logs HTTP/1.1" 200 -
2026-04-19 14:17:47,784 - werkzeug - INFO - 192.168.0.211 - - [19/Apr/2026 14:17:47] "GET /api/debug/console-logs HTTP/1.1" 200 -
2026-04-19 14:17:47,860 - werkzeug - INFO - 192.168.0.211 - - [19/Apr/2026 14:17:47] "GET /api/debug/console-logs HTTP/1.1" 200 -
2026-04-19 14:17:47,958 - werkzeug - INFO - 192.168.0.211 - - [19/Apr/2026 14:17:47] "GET /api/debug/console-logs HTTP/1.1" 200 -
2026-04-19 14:17:48,024 - werkzeug - INFO - 192.168.0.211 - - [19/Apr/2026 14:17:48] "GET /api/debug/console-logs HTTP/1.1" 200 -
2026-04-19 14:17:48,113 - werkzeug - INFO - 192.168.0.211 - - [19/Apr/2026 14:17:48] "GET /api/debug/console-logs HTTP/1.1" 200 -
2026-04-19 14:17:48,191 - werkzeug - INFO - 192.168.0.211 - - [19/Apr/2026 14:17:48] "GET /api/debug/console-logs HTTP/1.1" 200 -
2026-04-19 14:17:48,290 - werkzeug - INFO - 192.168.0.211 - - [19/Apr/2026 14:17:48] "GET /api/debug/console-logs HTTP/1.1" 200 -
2026-04-19 14:17:48,358 - werkzeug - INFO - 192.168.0.211 - - [19/Apr/2026 14:17:48] "GET /api/debug/console-logs HTTP/1.1" 200 -
2026-04-19 14:17:48,455 - werkzeug - INFO - 192.168.0.211 - - [19/Apr/2026 14:17:48] "GET /api/debug/console-logs HTTP/1.1" 200 -
2026-04-19 14:17:48,526 - werkzeug - INFO - 192.168.0.211 - - [19/Apr/2026 14:17:48] "GET /api/debug/console-logs HTTP/1.1" 200 -
2026-04-19 14:17:48,613 - werkzeug - INFO - 192.168.0.211 - - [19/Apr/2026 14:17:48] "GET /api/debug/console-logs HTTP/1.1" 200 -
2026-04-19 14:17:48,694 - werkzeug - INFO - 192.168.0.211 - - [19/Apr/2026 14:17:48] "GET /api/debug/console-logs HTTP/1.1" 200 -
2026-04-19 14:17:48,793 - werkzeug - INFO - 192.168.0.211 - - [19/Apr/2026 14:17:48] "GET /api/debug/console-logs HTTP/1.1" 200 -
2026-04-19 14:17:48,861 - werkzeug - INFO - 192.168.0.211 - - [19/Apr/2026 14:17:48] "GET /api/debug/console-logs HTTP/1.1" 200 -
2026-04-19 14:17:48,960 - werkzeug - INFO - 192.168.0.211 - - [19/Apr/2026 14:17:48] "GET /api/debug/console-logs HTTP/1.1" 200 -
2026-04-19 14:17:49,028 - werkzeug - INFO - 192.168.0.211 - - [19/Apr/2026 14:17:49] "GET /api/debug/console-logs HTTP/1.1" 200 -
2026-04-19 14:17:49,131 - werkzeug - INFO - 192.168.0.211 - - [19/Apr/2026 14:17:49] "GET /api/debug/console-logs HTTP/1.1" 200 -
2026-04-19 14:17:49,194 - werkzeug - INFO - 192.168.0.211 - - [19/Apr/2026 14:17:49] "GET /api/debug/console-logs HTTP/1.1" 200 -
2026-04-19 14:17:49,286 - werkzeug - INFO - 192.168.0.211 - - [19/Apr/2026 14:17:49] "GET /api/debug/console-logs HTTP/1.1" 200 -
2026-04-19 14:17:49,368 - werkzeug - INFO - 192.168.0.211 - - [19/Apr/2026 14:17:49] "GET /api/debug/console-logs HTTP/1.1" 200 -
2026-04-19 14:17:49,464 - werkzeug - INFO - 192.168.0.211 - - [19/Apr/2026 14:17:49] "GET /api/debug/console-logs HTTP/1.1" 200 -
2026-04-19 14:17:49,531 - werkzeug - INFO - 192.168.0.211 - - [19/Apr/2026 14:17:49] "GET /api/debug/console-logs HTTP/1.1" 200 -
2026-04-19 14:17:49,629 - werkzeug - INFO - 192.168.0.211 - - [19/Apr/2026 14:17:49] "GET /api/debug/console-logs HTTP/1.1" 200 -
2026-04-19 14:17:49,698 - werkzeug - INFO - 192.168.0.211 - - [19/Apr/2026 14:17:49] "GET /api/debug/console-logs HTTP/1.1" 200 -
2026-04-19 14:17:49,781 - werkzeug - INFO - 192.168.0.211 - - [19/Apr/2026 14:17:49] "GET /api/debug/console-logs HTTP/1.1" 200 -
2026-04-19 14:17:49,866 - werkzeug - INFO - 192.168.0.211 - - [19/Apr/2026 14:17:49] "GET /api/debug/console-logs HTTP/1.1" 200 -
2026-04-19 14:17:49,963 - werkzeug - INFO - 192.168.0.211 - - [19/Apr/2026 14:17:49] "GET /api/debug/console-logs HTTP/1.1" 200 -
2026-04-19 14:17:50,034 - werkzeug - INFO - 192.168.0.211 - - [19/Apr/2026 14:17:50] "GET /api/debug/console-logs HTTP/1.1" 200 -
2026-04-19 14:17:50,133 - werkzeug - INFO - 192.168.0.211 - - [19/Apr/2026 14:17:50] "GET /api/debug/console-logs HTTP/1.1" 200 -
2026-04-19 14:17:50,197 - werkzeug - INFO - 192.168.0.211 - - [19/Apr/2026 14:17:50] "GET /api/debug/console-logs HTTP/1.1" 200 -
2026-04-19 14:17:50,298 - werkzeug - INFO - 192.168.0.211 - - [19/Apr/2026 14:17:50] "GET /api/debug/console-logs HTTP/1.1" 200 -
2026-04-19 14:17:50,369 - werkzeug - INFO - 192.168.0.211 - - [19/Apr/2026 14:17:50] "GET /api/debug/console-logs HTTP/1.1" 200 -
2026-04-19 14:17:50,452 - werkzeug - INFO - 192.168.0.211 - - [19/Apr/2026 14:17:50] "GET /api/debug/console-logs HTTP/1.1" 200 -
2026-04-19 14:17:50,553 - werkzeug - INFO - 192.168.0.211 - - [19/Apr/2026 14:17:50] "GET /api/debug/console-logs HTTP/1.1" 200 -
2026-04-19 14:17:50,618 - werkzeug - INFO - 192.168.0.211 - - [19/Apr/2026 14:17:50] "GET /api/debug/console-logs HTTP/1.1" 200 -
2026-04-19 14:17:50,717 - werkzeug - INFO - 192.168.0.211 - - [19/Apr/2026 14:17:50] "GET /api/debug/console-logs HTTP/1.1" 200 -
2026-04-19 14:17:50,788 - werkzeug - INFO - 192.168.0.211 - - [19/Apr/2026 14:17:50] "GET /api/debug/console-logs HTTP/1.1" 200 -
2026-04-19 14:17:50,873 - werkzeug - INFO - 192.168.0.211 - - [19/Apr/2026 14:17:50] "GET /api/debug/console-logs HTTP/1.1" 200 -
2026-04-19 14:17:50,959 - werkzeug - INFO - 192.168.0.211 - - [19/Apr/2026 14:17:50] "GET /api/debug/console-logs HTTP/1.1" 200 -
2026-04-19 14:17:51,039 - werkzeug - INFO - 192.168.0.211 - - [19/Apr/2026 14:17:51] "GET /api/debug/console-logs HTTP/1.1" 200 -
2026-04-19 14:17:51,138 - werkzeug - INFO - 192.168.0.211 - - [19/Apr/2026 14:17:51] "GET /api/debug/console-logs HTTP/1.1" 200 -
2026-04-19 14:17:51,205 - werkzeug - INFO - 192.168.0.211 - - [19/Apr/2026 14:17:51] "GET /api/debug/console-logs HTTP/1.1" 200 -
2026-04-19 14:17:51,303 - werkzeug - INFO - 192.168.0.211 - - [19/Apr/2026 14:17:51] "GET /api/debug/console-logs HTTP/1.1" 200 -
2026-04-19 14:17:51,373 - werkzeug - INFO - 192.168.0.211 - - [19/Apr/2026 14:17:51] "GET /api/debug/console-logs HTTP/1.1" 200 -
2026-04-19 14:17:51,471 - werkzeug - INFO - 192.168.0.211 - - [19/Apr/2026 14:17:51] "GET /api/debug/console-logs HTTP/1.1" 200 -
2026-04-19 14:17:51,539 - werkzeug - INFO - 192.168.0.211 - - [19/Apr/2026 14:17:51] "GET /api/debug/console-logs HTTP/1.1" 200 -
2026-04-19 14:17:51,640 - werkzeug - INFO - 192.168.0.211 - - [19/Apr/2026 14:17:51] "GET /api/debug/console-logs HTTP/1.1" 200 -
2026-04-19 14:17:51,713 - werkzeug - INFO - 192.168.0.211 - - [19/Apr/2026 14:17:51] "GET /api/debug/console-logs HTTP/1.1" 200 -
2026-04-19 14:17:51,792 - werkzeug - INFO - 192.168.0.211 - - [19/Apr/2026 14:17:51] "GET /api/debug/console-logs HTTP/1.1" 200 -
2026-04-19 14:17:51,888 - werkzeug - INFO - 192.168.0.211 - - [19/Apr/2026 14:17:51] "GET /api/debug/console-logs HTTP/1.1" 200 -
2026-04-19 14:17:51,963 - werkzeug - INFO - 192.168.0.211 - - [19/Apr/2026 14:17:51] "GET /api/debug/console-logs HTTP/1.1" 200 -
2026-04-19 14:17:52,047 - werkzeug - INFO - 192.168.0.211 - - [19/Apr/2026 14:17:52] "GET /api/debug/console-logs HTTP/1.1" 200 -
2026-04-19 14:17:52,124 - werkzeug - INFO - 192.168.0.211 - - [19/Apr/2026 14:17:52] "GET /api/debug/console-logs HTTP/1.1" 200 -
2026-04-19 14:17:52,226 - werkzeug - INFO - 192.168.0.211 - - [19/Apr/2026 14:17:52] "GET /api/debug/console-logs HTTP/1.1" 200 -
2026-04-19 14:17:52,304 - werkzeug - INFO - 192.168.0.211 - - [19/Apr/2026 14:17:52] "GET /api/debug/console-logs HTTP/1.1" 200 -
2026-04-19 14:17:52,376 - werkzeug - INFO - 192.168.0.211 - - [19/Apr/2026 14:17:52] "GET /api/debug/console-logs HTTP/1.1" 200 -
2026-04-19 14:17:52,475 - werkzeug - INFO - 192.168.0.211 - - [19/Apr/2026 14:17:52] "GET /api/debug/console-logs HTTP/1.1" 200 -
2026-04-19 14:17:52,552 - werkzeug - INFO - 192.168.0.211 - - [19/Apr/2026 14:17:52] "GET /api/debug/console-logs HTTP/1.1" 200 -
2026-04-19 14:26:42,078 - werkzeug - INFO -  * Detected change in '/Users/ebeneyeraggrey-mills/development/CareIT/CareIT_Vibe_Miniapp/routes/misc_api.py', reloading
2026-04-19 14:26:42,650 - werkzeug - WARNING -  * Debugger is active!
2026-04-19 14:26:42,656 - werkzeug - INFO -  * Debugger PIN: 805-155-362
2026-04-19 14:56:45,275 - werkzeug - INFO -  * Detected change in '/Users/ebeneyeraggrey-mills/development/CareIT/CareIT_Vibe_Miniapp/quick_generate_api.py', reloading
2026-04-19 14:56:45,961 - werkzeug - WARNING -  * Debugger is active!
2026-04-19 14:56:45,967 - werkzeug - INFO -  * Debugger PIN: 805-155-362
 * Serving Flask app 'app'
 * Debug mode: on
2026-04-19 15:13:09,055 - werkzeug - INFO - [31m[1mWARNING: This is a development server. Do not use it in a production deployment. Use a production WSGI server instead.[0m
 * Running on all addresses (0.0.0.0)
 * Running on http://127.0.0.1:2000
 * Running on http://192.168.0.211:2000
2026-04-19 15:13:09,055 - werkzeug - INFO - [33mPress CTRL+C to quit[0m
2026-04-19 15:13:09,056 - werkzeug - INFO -  * Restarting with stat
2026-04-19 15:13:09,390 - werkzeug - WARNING -  * Debugger is active!
2026-04-19 15:13:09,395 - werkzeug - INFO -  * Debugger PIN: 805-155-362
2026-04-19 15:13:36,038 - direct_fhir - INFO - Fetching all patients
2026-04-19 15:13:36,413 - direct_fhir - INFO - Found 100 patients
2026-04-19 15:13:37,059 - direct_fhir - INFO -   Account: 0 so far...
[ALL-PATIENTS] Account: fetched 0 records
2026-04-19 15:13:37,140 - direct_fhir - INFO -   AdverseEvent: 0 so far...
[ALL-PATIENTS] AdverseEvent: fetched 0 records
2026-04-19 15:13:37,330 - direct_fhir - INFO -   AllergyIntolerance: 50 so far...
2026-04-19 15:13:38,077 - direct_fhir - INFO -   AllergyIntolerance: 87 so far...
[ALL-PATIENTS] AllergyIntolerance: fetched 87 records
2026-04-19 15:13:38,182 - direct_fhir - INFO -   Appointment: 0 so far...
[ALL-PATIENTS] Appointment: fetched 0 records
2026-04-19 15:13:38,283 - direct_fhir - INFO -   AppointmentResponse: 0 so far...
[ALL-PATIENTS] AppointmentResponse: fetched 0 records
2026-04-19 15:13:38,441 - direct_fhir - INFO -   AuditEvent: 50 so far...
2026-04-19 15:13:39,145 - direct_fhir - INFO -   AuditEvent: 96 so far...
[ALL-PATIENTS] AuditEvent: fetched 96 records
2026-04-19 15:13:39,264 - direct_fhir - INFO -   Basic: 0 so far...
[ALL-PATIENTS] Basic: fetched 0 records
2026-04-19 15:13:39,382 - direct_fhir - INFO -   BodyStructure: 0 so far...
[ALL-PATIENTS] BodyStructure: fetched 0 records
2026-04-19 15:13:39,575 - direct_fhir - INFO -   CarePlan: 50 so far...
2026-04-19 15:13:40,333 - direct_fhir - INFO -   CarePlan: 100 so far...
2026-04-19 15:13:40,531 - direct_fhir - INFO -   CarePlan: 150 so far...
2026-04-19 15:13:40,758 - direct_fhir - INFO -   CarePlan: 200 so far...
2026-04-19 15:13:40,970 - direct_fhir - INFO -   CarePlan: 250 so far...
2026-04-19 15:13:41,274 - direct_fhir - INFO -   CarePlan: 300 so far...
2026-04-19 15:13:41,410 - direct_fhir - INFO -   CarePlan: 304 so far...
[ALL-PATIENTS] CarePlan: fetched 304 records
2026-04-19 15:13:41,527 - direct_fhir - INFO -   CareTeam: 0 so far...
[ALL-PATIENTS] CareTeam: fetched 0 records
2026-04-19 15:13:41,705 - direct_fhir - INFO -   ChargeItem: 0 so far...
[ALL-PATIENTS] ChargeItem: fetched 0 records
2026-04-19 15:13:41,819 - direct_fhir - INFO -   Claim: 0 so far...
[ALL-PATIENTS] Claim: fetched 0 records
2026-04-19 15:13:41,933 - direct_fhir - INFO -   ClaimResponse: 0 so far...
[ALL-PATIENTS] ClaimResponse: fetched 0 records
2026-04-19 15:13:42,073 - direct_fhir - INFO -   ClinicalImpression: 0 so far...
[ALL-PATIENTS] ClinicalImpression: fetched 0 records
2026-04-19 15:13:42,258 - direct_fhir - INFO -   Communication: 50 so far...
2026-04-19 15:13:43,141 - direct_fhir - INFO -   Communication: 100 so far...
2026-04-19 15:13:43,354 - direct_fhir - INFO -   Communication: 150 so far...
2026-04-19 15:13:43,539 - direct_fhir - INFO -   Communication: 200 so far...
2026-04-19 15:13:43,719 - direct_fhir - INFO -   Communication: 250 so far...
2026-04-19 15:13:43,890 - direct_fhir - INFO -   Communication: 300 so far...
2026-04-19 15:13:44,083 - direct_fhir - INFO -   Communication: 350 so far...
2026-04-19 15:13:44,244 - direct_fhir - INFO -   Communication: 400 so far...
2026-04-19 15:13:44,414 - direct_fhir - INFO -   Communication: 450 so far...
2026-04-19 15:13:44,571 - direct_fhir - INFO -   Communication: 500 so far...
2026-04-19 15:13:45,320 - direct_fhir - INFO -   Communication: 550 so far...
2026-04-19 15:13:45,493 - direct_fhir - INFO -   Communication: 600 so far...
2026-04-19 15:13:45,662 - direct_fhir - INFO -   Communication: 650 so far...
2026-04-19 15:13:45,818 - direct_fhir - INFO -   Communication: 655 so far...
[ALL-PATIENTS] Communication: fetched 655 records
2026-04-19 15:13:45,941 - direct_fhir - INFO -   CommunicationRequest: 0 so far...
[ALL-PATIENTS] CommunicationRequest: fetched 0 records
2026-04-19 15:13:46,057 - direct_fhir - INFO -   Composition: 0 so far...
[ALL-PATIENTS] Composition: fetched 0 records
2026-04-19 15:13:46,210 - direct_fhir - INFO -   Condition: 50 so far...
2026-04-19 15:13:46,961 - direct_fhir - INFO -   Condition: 100 so far...
2026-04-19 15:13:47,125 - direct_fhir - INFO -   Condition: 150 so far...
2026-04-19 15:13:47,292 - direct_fhir - INFO -   Condition: 200 so far...
2026-04-19 15:13:47,446 - direct_fhir - INFO -   Condition: 250 so far...
2026-04-19 15:13:47,616 - direct_fhir - INFO -   Condition: 300 so far...
2026-04-19 15:13:47,807 - direct_fhir - INFO -   Condition: 350 so far...
2026-04-19 15:13:47,986 - direct_fhir - INFO -   Condition: 400 so far...
2026-04-19 15:13:48,183 - direct_fhir - INFO -   Condition: 450 so far...
2026-04-19 15:13:48,374 - direct_fhir - INFO -   Condition: 500 so far...
2026-04-19 15:13:49,284 - direct_fhir - INFO -   Condition: 550 so far...
2026-04-19 15:13:49,448 - direct_fhir - INFO -   Condition: 600 so far...
2026-04-19 15:13:49,825 - direct_fhir - INFO -   Condition: 650 so far...
2026-04-19 15:13:50,000 - direct_fhir - INFO -   Condition: 700 so far...
2026-04-19 15:13:50,154 - direct_fhir - INFO -   Condition: 750 so far...
2026-04-19 15:13:50,361 - direct_fhir - INFO -   Condition: 800 so far...
2026-04-19 15:13:50,548 - direct_fhir - INFO -   Condition: 850 so far...
2026-04-19 15:13:50,722 - direct_fhir - INFO -   Condition: 900 so far...
2026-04-19 15:13:50,893 - direct_fhir - INFO -   Condition: 950 so far...
2026-04-19 15:13:51,075 - direct_fhir - INFO -   Condition: 1000 so far...
2026-04-19 15:13:51,225 - direct_fhir - INFO -   Condition: 1050 so far...
2026-04-19 15:13:51,416 - direct_fhir - INFO -   Condition: 1100 so far...
2026-04-19 15:13:51,599 - direct_fhir - INFO -   Condition: 1150 so far...
2026-04-19 15:13:51,760 - direct_fhir - INFO -   Condition: 1200 so far...
2026-04-19 15:13:51,915 - direct_fhir - INFO -   Condition: 1250 so far...
2026-04-19 15:13:52,107 - direct_fhir - INFO -   Condition: 1300 so far...
2026-04-19 15:13:52,286 - direct_fhir - INFO -   Condition: 1350 so far...
2026-04-19 15:13:52,467 - direct_fhir - INFO -   Condition: 1400 so far...
2026-04-19 15:13:52,697 - direct_fhir - INFO -   Condition: 1450 so far...
2026-04-19 15:13:52,867 - direct_fhir - INFO -   Condition: 1500 so far...
2026-04-19 15:13:53,023 - direct_fhir - INFO -   Condition: 1550 so far...
2026-04-19 15:13:53,248 - direct_fhir - INFO -   Condition: 1600 so far...
2026-04-19 15:13:53,420 - direct_fhir - INFO -   Condition: 1650 so far...
2026-04-19 15:13:53,604 - direct_fhir - INFO -   Condition: 1700 so far...
2026-04-19 15:13:53,777 - direct_fhir - INFO -   Condition: 1750 so far...
2026-04-19 15:13:53,945 - direct_fhir - INFO -   Condition: 1800 so far...
2026-04-19 15:13:54,139 - direct_fhir - INFO -   Condition: 1850 so far...
2026-04-19 15:13:54,322 - direct_fhir - INFO -   Condition: 1900 so far...
2026-04-19 15:13:54,458 - direct_fhir - INFO -   Condition: 1950 so far...
2026-04-19 15:13:54,624 - direct_fhir - INFO -   Condition: 2000 so far...
2026-04-19 15:13:56,686 - direct_fhir - INFO -   Condition: 2050 so far...
2026-04-19 15:13:56,861 - direct_fhir - INFO -   Condition: 2100 so far...
2026-04-19 15:13:57,042 - direct_fhir - INFO -   Condition: 2150 so far...
2026-04-19 15:13:57,217 - direct_fhir - INFO -   Condition: 2200 so far...
2026-04-19 15:13:57,383 - direct_fhir - INFO -   Condition: 2250 so far...
2026-04-19 15:13:57,541 - direct_fhir - INFO -   Condition: 2300 so far...
2026-04-19 15:13:57,744 - direct_fhir - INFO -   Condition: 2350 so far...
2026-04-19 15:13:57,905 - direct_fhir - INFO -   Condition: 2400 so far...
2026-04-19 15:13:58,077 - direct_fhir - INFO -   Condition: 2450 so far...
2026-04-19 15:13:58,249 - direct_fhir - INFO -   Condition: 2500 so far...
2026-04-19 15:13:58,393 - direct_fhir - INFO -   Condition: 2550 so far...
2026-04-19 15:13:58,552 - direct_fhir - INFO -   Condition: 2600 so far...
2026-04-19 15:13:58,751 - direct_fhir - INFO -   Condition: 2650 so far...
2026-04-19 15:13:58,919 - direct_fhir - INFO -   Condition: 2700 so far...
2026-04-19 15:13:59,104 - direct_fhir - INFO -   Condition: 2750 so far...
2026-04-19 15:13:59,274 - direct_fhir - INFO -   Condition: 2800 so far...
2026-04-19 15:13:59,448 - direct_fhir - INFO -   Condition: 2850 so far...
2026-04-19 15:13:59,637 - direct_fhir - INFO -   Condition: 2900 so far...
2026-04-19 15:13:59,860 - direct_fhir - INFO -   Condition: 2950 so far...
2026-04-19 15:14:00,061 - direct_fhir - INFO -   Condition: 3000 so far...
2026-04-19 15:14:00,291 - direct_fhir - INFO -   Condition: 3050 so far...
2026-04-19 15:14:00,480 - direct_fhir - INFO -   Condition: 3100 so far...
2026-04-19 15:14:00,632 - direct_fhir - INFO -   Condition: 3150 so far...
2026-04-19 15:14:00,822 - direct_fhir - INFO -   Condition: 3200 so far...
2026-04-19 15:14:00,978 - direct_fhir - INFO -   Condition: 3250 so far...
2026-04-19 15:14:01,153 - direct_fhir - INFO -   Condition: 3300 so far...
2026-04-19 15:14:01,323 - direct_fhir - INFO -   Condition: 3350 so far...
2026-04-19 15:14:01,500 - direct_fhir - INFO -   Condition: 3400 so far...
2026-04-19 15:14:01,660 - direct_fhir - INFO -   Condition: 3450 so far...
2026-04-19 15:14:01,824 - direct_fhir - INFO -   Condition: 3500 so far...
2026-04-19 15:14:01,998 - direct_fhir - INFO -   Condition: 3550 so far...
2026-04-19 15:14:02,170 - direct_fhir - INFO -   Condition: 3600 so far...
2026-04-19 15:14:02,403 - direct_fhir - INFO -   Condition: 3650 so far...
2026-04-19 15:14:02,612 - direct_fhir - INFO -   Condition: 3700 so far...
2026-04-19 15:14:02,776 - direct_fhir - INFO -   Condition: 3750 so far...
2026-04-19 15:14:02,965 - direct_fhir - INFO -   Condition: 3800 so far...
2026-04-19 15:14:03,156 - direct_fhir - INFO -   Condition: 3850 so far...
2026-04-19 15:14:03,406 - direct_fhir - INFO -   Condition: 3900 so far...
2026-04-19 15:14:03,603 - direct_fhir - INFO -   Condition: 3950 so far...
2026-04-19 15:14:03,807 - direct_fhir - INFO -   Condition: 4000 so far...
2026-04-19 15:14:04,017 - direct_fhir - INFO -   Condition: 4050 so far...
2026-04-19 15:14:04,198 - direct_fhir - INFO -   Condition: 4100 so far...
2026-04-19 15:14:04,423 - direct_fhir - INFO -   Condition: 4150 so far...
2026-04-19 15:14:04,625 - direct_fhir - INFO -   Condition: 4200 so far...
2026-04-19 15:14:04,794 - direct_fhir - INFO -   Condition: 4250 so far...
2026-04-19 15:14:04,985 - direct_fhir - INFO -   Condition: 4300 so far...
2026-04-19 15:14:05,148 - direct_fhir - INFO -   Condition: 4350 so far...
2026-04-19 15:14:05,325 - direct_fhir - INFO -   Condition: 4400 so far...
2026-04-19 15:14:05,497 - direct_fhir - INFO -   Condition: 4450 so far...
2026-04-19 15:14:05,694 - direct_fhir - INFO -   Condition: 4500 so far...
2026-04-19 15:14:05,869 - direct_fhir - INFO -   Condition: 4550 so far...
2026-04-19 15:14:06,021 - direct_fhir - INFO -   Condition: 4600 so far...
2026-04-19 15:14:06,197 - direct_fhir - INFO -   Condition: 4650 so far...
2026-04-19 15:14:06,389 - direct_fhir - INFO -   Condition: 4700 so far...
2026-04-19 15:14:06,560 - direct_fhir - INFO -   Condition: 4750 so far...
2026-04-19 15:14:06,726 - direct_fhir - INFO -   Condition: 4800 so far...
2026-04-19 15:14:06,892 - direct_fhir - INFO -   Condition: 4850 so far...
2026-04-19 15:14:07,074 - direct_fhir - INFO -   Condition: 4900 so far...
2026-04-19 15:14:07,226 - direct_fhir - INFO -   Condition: 4950 so far...
2026-04-19 15:14:07,384 - direct_fhir - INFO -   Condition: 5000 so far...
2026-04-19 15:14:07,529 - direct_fhir - INFO -   Condition: 5050 so far...
2026-04-19 15:14:07,696 - direct_fhir - INFO -   Condition: 5100 so far...
2026-04-19 15:14:07,880 - direct_fhir - INFO -   Condition: 5150 so far...
2026-04-19 15:14:08,042 - direct_fhir - INFO -   Condition: 5200 so far...
2026-04-19 15:14:08,239 - direct_fhir - INFO -   Condition: 5250 so far...
2026-04-19 15:14:08,428 - direct_fhir - INFO -   Condition: 5300 so far...
2026-04-19 15:14:08,594 - direct_fhir - INFO -   Condition: 5350 so far...
2026-04-19 15:14:08,798 - direct_fhir - INFO -   Condition: 5400 so far...
2026-04-19 15:14:08,955 - direct_fhir - INFO -   Condition: 5450 so far...
2026-04-19 15:14:09,130 - direct_fhir - INFO -   Condition: 5500 so far...
2026-04-19 15:14:09,310 - direct_fhir - INFO -   Condition: 5550 so far...
2026-04-19 15:14:09,455 - direct_fhir - INFO -   Condition: 5600 so far...
2026-04-19 15:14:09,626 - direct_fhir - INFO -   Condition: 5650 so far...
2026-04-19 15:14:09,786 - direct_fhir - INFO -   Condition: 5700 so far...
2026-04-19 15:14:09,975 - direct_fhir - INFO -   Condition: 5750 so far...
2026-04-19 15:14:10,188 - direct_fhir - INFO -   Condition: 5800 so far...
2026-04-19 15:14:10,379 - direct_fhir - INFO -   Condition: 5850 so far...
2026-04-19 15:14:10,557 - direct_fhir - INFO -   Condition: 5900 so far...
2026-04-19 15:14:10,722 - direct_fhir - INFO -   Condition: 5950 so far...
2026-04-19 15:14:10,893 - direct_fhir - INFO -   Condition: 6000 so far...
2026-04-19 15:14:11,079 - direct_fhir - INFO -   Condition: 6050 so far...
2026-04-19 15:14:11,259 - direct_fhir - INFO -   Condition: 6100 so far...
2026-04-19 15:14:11,419 - direct_fhir - INFO -   Condition: 6150 so far...
2026-04-19 15:14:11,602 - direct_fhir - INFO -   Condition: 6200 so far...
2026-04-19 15:14:11,802 - direct_fhir - INFO -   Condition: 6250 so far...
2026-04-19 15:14:11,946 - direct_fhir - INFO -   Condition: 6300 so far...
2026-04-19 15:14:12,115 - direct_fhir - INFO -   Condition: 6350 so far...
2026-04-19 15:14:12,300 - direct_fhir - INFO -   Condition: 6400 so far...
2026-04-19 15:14:12,466 - direct_fhir - INFO -   Condition: 6450 so far...
2026-04-19 15:14:12,613 - direct_fhir - INFO -   Condition: 6500 so far...
2026-04-19 15:14:12,804 - direct_fhir - INFO -   Condition: 6550 so far...
2026-04-19 15:14:12,980 - direct_fhir - INFO -   Condition: 6600 so far...
2026-04-19 15:14:13,176 - direct_fhir - INFO -   Condition: 6650 so far...
2026-04-19 15:14:13,340 - direct_fhir - INFO -   Condition: 6700 so far...
2026-04-19 15:14:13,506 - direct_fhir - INFO -   Condition: 6750 so far...
2026-04-19 15:14:13,685 - direct_fhir - INFO -   Condition: 6800 so far...
2026-04-19 15:14:13,887 - direct_fhir - INFO -   Condition: 6850 so far...
2026-04-19 15:14:14,061 - direct_fhir - INFO -   Condition: 6900 so far...
2026-04-19 15:14:14,220 - direct_fhir - INFO -   Condition: 6950 so far...
2026-04-19 15:14:14,412 - direct_fhir - INFO -   Condition: 7000 so far...
2026-04-19 15:14:14,602 - direct_fhir - INFO -   Condition: 7050 so far...
2026-04-19 15:14:14,751 - direct_fhir - INFO -   Condition: 7100 so far...
2026-04-19 15:14:14,901 - direct_fhir - INFO -   Condition: 7150 so far...
2026-04-19 15:14:15,061 - direct_fhir - INFO -   Condition: 7200 so far...
2026-04-19 15:14:15,232 - direct_fhir - INFO -   Condition: 7250 so far...
2026-04-19 15:14:15,381 - direct_fhir - INFO -   Condition: 7300 so far...
2026-04-19 15:14:15,541 - direct_fhir - INFO -   Condition: 7350 so far...
2026-04-19 15:14:15,700 - direct_fhir - INFO -   Condition: 7400 so far...
2026-04-19 15:14:15,845 - direct_fhir - INFO -   Condition: 7450 so far...
2026-04-19 15:14:16,026 - direct_fhir - INFO -   Condition: 7500 so far...
2026-04-19 15:14:16,243 - direct_fhir - INFO -   Condition: 7550 so far...
2026-04-19 15:14:16,393 - direct_fhir - INFO -   Condition: 7600 so far...
2026-04-19 15:14:16,563 - direct_fhir - INFO -   Condition: 7650 so far...
2026-04-19 15:14:16,709 - direct_fhir - INFO -   Condition: 7700 so far...
2026-04-19 15:14:16,853 - direct_fhir - INFO -   Condition: 7750 so far...
2026-04-19 15:14:17,046 - direct_fhir - INFO -   Condition: 7800 so far...
2026-04-19 15:14:17,214 - direct_fhir - INFO -   Condition: 7850 so far...
2026-04-19 15:14:17,382 - direct_fhir - INFO -   Condition: 7900 so far...
2026-04-19 15:14:17,540 - direct_fhir - INFO -   Condition: 7950 so far...
2026-04-19 15:14:17,731 - direct_fhir - INFO -   Condition: 8000 so far...
2026-04-19 15:14:17,927 - direct_fhir - INFO -   Condition: 8050 so far...
2026-04-19 15:14:18,097 - direct_fhir - INFO -   Condition: 8100 so far...
2026-04-19 15:14:18,271 - direct_fhir - INFO -   Condition: 8150 so far...
2026-04-19 15:14:18,448 - direct_fhir - INFO -   Condition: 8200 so far...
2026-04-19 15:14:18,622 - direct_fhir - INFO -   Condition: 8250 so far...
2026-04-19 15:14:18,806 - direct_fhir - INFO -   Condition: 8300 so far...
2026-04-19 15:14:18,987 - direct_fhir - INFO -   Condition: 8350 so far...
2026-04-19 15:14:19,159 - direct_fhir - INFO -   Condition: 8400 so far...
2026-04-19 15:14:19,349 - direct_fhir - INFO -   Condition: 8450 so far...
2026-04-19 15:14:19,524 - direct_fhir - INFO -   Condition: 8500 so far...
2026-04-19 15:14:19,669 - direct_fhir - INFO -   Condition: 8550 so far...
2026-04-19 15:14:19,816 - direct_fhir - INFO -   Condition: 8600 so far...
2026-04-19 15:14:19,997 - direct_fhir - INFO -   Condition: 8650 so far...
2026-04-19 15:14:20,146 - direct_fhir - INFO -   Condition: 8700 so far...
2026-04-19 15:14:20,322 - direct_fhir - INFO -   Condition: 8750 so far...
2026-04-19 15:14:20,495 - direct_fhir - INFO -   Condition: 8800 so far...
2026-04-19 15:14:20,671 - direct_fhir - INFO -   Condition: 8850 so far...
2026-04-19 15:14:20,853 - direct_fhir - INFO -   Condition: 8900 so far...
2026-04-19 15:14:21,025 - direct_fhir - INFO -   Condition: 8950 so far...
2026-04-19 15:14:21,187 - direct_fhir - INFO -   Condition: 9000 so far...
2026-04-19 15:14:21,341 - direct_fhir - INFO -   Condition: 9050 so far...
2026-04-19 15:14:21,531 - direct_fhir - INFO -   Condition: 9100 so far...
2026-04-19 15:14:21,664 - direct_fhir - INFO -   Condition: 9150 so far...
2026-04-19 15:14:21,822 - direct_fhir - INFO -   Condition: 9200 so far...
2026-04-19 15:14:21,971 - direct_fhir - INFO -   Condition: 9250 so far...
2026-04-19 15:14:22,147 - direct_fhir - INFO -   Condition: 9300 so far...
2026-04-19 15:14:22,335 - direct_fhir - INFO -   Condition: 9350 so far...
2026-04-19 15:14:22,503 - direct_fhir - INFO -   Condition: 9400 so far...
2026-04-19 15:14:22,666 - direct_fhir - INFO -   Condition: 9450 so far...
2026-04-19 15:14:22,846 - direct_fhir - INFO -   Condition: 9500 so far...
2026-04-19 15:14:23,013 - direct_fhir - INFO -   Condition: 9550 so far...
2026-04-19 15:14:23,205 - direct_fhir - INFO -   Condition: 9600 so far...
2026-04-19 15:14:23,373 - direct_fhir - INFO -   Condition: 9650 so far...
2026-04-19 15:14:23,534 - direct_fhir - INFO -   Condition: 9700 so far...
2026-04-19 15:14:23,681 - direct_fhir - INFO -   Condition: 9750 so far...
2026-04-19 15:14:23,844 - direct_fhir - INFO -   Condition: 9800 so far...
2026-04-19 15:14:24,064 - direct_fhir - INFO -   Condition: 9850 so far...
2026-04-19 15:14:24,240 - direct_fhir - INFO -   Condition: 9900 so far...
2026-04-19 15:14:24,394 - direct_fhir - INFO -   Condition: 9950 so far...
2026-04-19 15:14:24,546 - direct_fhir - INFO -   Condition: 10000 so far...
2026-04-19 15:14:24,696 - direct_fhir - INFO -   Condition: 10050 so far...
2026-04-19 15:14:24,855 - direct_fhir - INFO -   Condition: 10100 so far...
2026-04-19 15:14:25,003 - direct_fhir - INFO -   Condition: 10150 so far...
2026-04-19 15:14:25,154 - direct_fhir - INFO -   Condition: 10200 so far...
2026-04-19 15:14:25,321 - direct_fhir - INFO -   Condition: 10250 so far...
2026-04-19 15:14:25,526 - direct_fhir - INFO -   Condition: 10300 so far...
2026-04-19 15:14:25,686 - direct_fhir - INFO -   Condition: 10350 so far...
2026-04-19 15:14:25,854 - direct_fhir - INFO -   Condition: 10400 so far...
2026-04-19 15:14:26,029 - direct_fhir - INFO -   Condition: 10450 so far...
2026-04-19 15:14:26,187 - direct_fhir - INFO -   Condition: 10500 so far...
2026-04-19 15:14:26,357 - direct_fhir - INFO -   Condition: 10550 so far...
2026-04-19 15:14:26,518 - direct_fhir - INFO -   Condition: 10600 so far...
2026-04-19 15:14:26,724 - direct_fhir - INFO -   Condition: 10650 so far...
2026-04-19 15:14:26,892 - direct_fhir - INFO -   Condition: 10700 so far...
2026-04-19 15:14:27,076 - direct_fhir - INFO -   Condition: 10750 so far...
2026-04-19 15:14:27,274 - direct_fhir - INFO -   Condition: 10800 so far...
2026-04-19 15:14:27,483 - direct_fhir - INFO -   Condition: 10850 so far...
2026-04-19 15:14:27,623 - direct_fhir - INFO -   Condition: 10900 so far...
2026-04-19 15:14:27,786 - direct_fhir - INFO -   Condition: 10950 so far...
2026-04-19 15:14:27,954 - direct_fhir - INFO -   Condition: 11000 so far...
2026-04-19 15:14:28,117 - direct_fhir - INFO -   Condition: 11050 so far...
2026-04-19 15:14:28,325 - direct_fhir - INFO -   Condition: 11100 so far...
2026-04-19 15:14:28,487 - direct_fhir - INFO -   Condition: 11150 so far...
2026-04-19 15:14:28,685 - direct_fhir - INFO -   Condition: 11200 so far...
2026-04-19 15:14:28,858 - direct_fhir - INFO -   Condition: 11250 so far...
2026-04-19 15:14:29,010 - direct_fhir - INFO -   Condition: 11300 so far...
2026-04-19 15:14:29,167 - direct_fhir - INFO -   Condition: 11350 so far...
2026-04-19 15:14:29,317 - direct_fhir - INFO -   Condition: 11400 so far...
2026-04-19 15:14:29,476 - direct_fhir - INFO -   Condition: 11450 so far...
2026-04-19 15:14:29,632 - direct_fhir - INFO -   Condition: 11500 so far...
2026-04-19 15:14:29,788 - direct_fhir - INFO -   Condition: 11550 so far...
2026-04-19 15:14:29,947 - direct_fhir - INFO -   Condition: 11600 so far...
2026-04-19 15:14:30,117 - direct_fhir - INFO -   Condition: 11650 so far...
2026-04-19 15:14:30,263 - direct_fhir - INFO -   Condition: 11700 so far...
2026-04-19 15:14:30,431 - direct_fhir - INFO -   Condition: 11750 so far...
2026-04-19 15:14:30,582 - direct_fhir - INFO -   Condition: 11800 so far...
2026-04-19 15:14:30,731 - direct_fhir - INFO -   Condition: 11850 so far...
2026-04-19 15:14:30,869 - direct_fhir - INFO -   Condition: 11900 so far...
2026-04-19 15:14:31,043 - direct_fhir - INFO -   Condition: 11950 so far...
2026-04-19 15:14:31,225 - direct_fhir - INFO -   Condition: 12000 so far...
2026-04-19 15:14:31,398 - direct_fhir - INFO -   Condition: 12050 so far...
2026-04-19 15:14:31,557 - direct_fhir - INFO -   Condition: 12100 so far...
2026-04-19 15:14:31,729 - direct_fhir - INFO -   Condition: 12150 so far...
2026-04-19 15:14:31,904 - direct_fhir - INFO -   Condition: 12200 so far...
2026-04-19 15:14:32,056 - direct_fhir - INFO -   Condition: 12250 so far...
2026-04-19 15:14:32,211 - direct_fhir - INFO -   Condition: 12300 so far...
2026-04-19 15:14:32,384 - direct_fhir - INFO -   Condition: 12350 so far...
2026-04-19 15:14:32,587 - direct_fhir - INFO -   Condition: 12400 so far...
2026-04-19 15:14:32,764 - direct_fhir - INFO -   Condition: 12450 so far...
2026-04-19 15:14:32,900 - direct_fhir - INFO -   Condition: 12500 so far...
2026-04-19 15:14:33,064 - direct_fhir - INFO -   Condition: 12550 so far...
2026-04-19 15:14:33,243 - direct_fhir - INFO -   Condition: 12600 so far...
2026-04-19 15:14:33,393 - direct_fhir - INFO -   Condition: 12650 so far...
2026-04-19 15:14:33,559 - direct_fhir - INFO -   Condition: 12700 so far...
2026-04-19 15:14:33,722 - direct_fhir - INFO -   Condition: 12750 so far...
2026-04-19 15:14:33,877 - direct_fhir - INFO -   Condition: 12800 so far...
2026-04-19 15:14:34,047 - direct_fhir - INFO -   Condition: 12850 so far...
2026-04-19 15:14:34,297 - direct_fhir - INFO -   Condition: 12900 so far...
2026-04-19 15:14:34,499 - direct_fhir - INFO -   Condition: 12950 so far...
2026-04-19 15:14:34,649 - direct_fhir - INFO -   Condition: 13000 so far...
2026-04-19 15:14:34,805 - direct_fhir - INFO -   Condition: 13050 so far...
2026-04-19 15:14:34,947 - direct_fhir - INFO -   Condition: 13089 so far...
[ALL-PATIENTS] Condition: fetched 13089 records
2026-04-19 15:14:35,083 - direct_fhir - INFO -   Consent: 0 so far...
[ALL-PATIENTS] Consent: fetched 0 records
2026-04-19 15:14:35,214 - direct_fhir - INFO -   Contract: 0 so far...
[ALL-PATIENTS] Contract: fetched 0 records
2026-04-19 15:14:35,322 - direct_fhir - INFO -   Coverage: 0 so far...
[ALL-PATIENTS] Coverage: fetched 0 records
2026-04-19 15:14:35,415 - direct_fhir - INFO -   CoverageEligibilityRequest: 0 so far...
[ALL-PATIENTS] CoverageEligibilityRequest: fetched 0 records
2026-04-19 15:14:35,522 - direct_fhir - INFO -   CoverageEligibilityResponse: 0 so far...
[ALL-PATIENTS] CoverageEligibilityResponse: fetched 0 records
2026-04-19 15:14:35,647 - direct_fhir - INFO -   DetectedIssue: 0 so far...
[ALL-PATIENTS] DetectedIssue: fetched 0 records
2026-04-19 15:14:35,791 - direct_fhir - INFO -   Device: 0 so far...
[ALL-PATIENTS] Device: fetched 0 records
2026-04-19 15:14:35,904 - direct_fhir - INFO -   DeviceRequest: 0 so far...
[ALL-PATIENTS] DeviceRequest: fetched 0 records
2026-04-19 15:14:36,011 - direct_fhir - INFO -   DeviceUseStatement: 0 so far...
[ALL-PATIENTS] DeviceUseStatement: fetched 0 records
2026-04-19 15:14:36,106 - direct_fhir - INFO -   DiagnosticReport: 0 so far...
[ALL-PATIENTS] DiagnosticReport: fetched 0 records
2026-04-19 15:14:36,214 - direct_fhir - INFO -   DocumentManifest: 0 so far...
[ALL-PATIENTS] DocumentManifest: fetched 0 records
2026-04-19 15:14:36,317 - direct_fhir - INFO -   DocumentReference: 0 so far...
[ALL-PATIENTS] DocumentReference: fetched 0 records
2026-04-19 15:14:36,475 - direct_fhir - INFO -   Encounter: 50 so far...
2026-04-19 15:14:37,238 - direct_fhir - INFO -   Encounter: 100 so far...
2026-04-19 15:14:37,412 - direct_fhir - INFO -   Encounter: 150 so far...
2026-04-19 15:14:37,587 - direct_fhir - INFO -   Encounter: 200 so far...
2026-04-19 15:14:37,743 - direct_fhir - INFO -   Encounter: 250 so far...
2026-04-19 15:14:37,915 - direct_fhir - INFO -   Encounter: 300 so far...
2026-04-19 15:14:38,087 - direct_fhir - INFO -   Encounter: 350 so far...
2026-04-19 15:14:38,226 - direct_fhir - INFO -   Encounter: 359 so far...
[ALL-PATIENTS] Encounter: fetched 359 records
2026-04-19 15:14:38,323 - direct_fhir - INFO -   EnrollmentRequest: 0 so far...
[ALL-PATIENTS] EnrollmentRequest: fetched 0 records
2026-04-19 15:14:38,426 - direct_fhir - INFO -   EpisodeOfCare: 0 so far...
[ALL-PATIENTS] EpisodeOfCare: fetched 0 records
2026-04-19 15:14:38,543 - direct_fhir - INFO -   ExplanationOfBenefit: 0 so far...
[ALL-PATIENTS] ExplanationOfBenefit: fetched 0 records
2026-04-19 15:14:38,687 - direct_fhir - INFO -   FamilyMemberHistory: 0 so far...
[ALL-PATIENTS] FamilyMemberHistory: fetched 0 records
2026-04-19 15:14:38,870 - direct_fhir - INFO -   Flag: 50 so far...
2026-04-19 15:14:39,603 - direct_fhir - INFO -   Flag: 100 so far...
2026-04-19 15:14:39,832 - direct_fhir - INFO -   Flag: 150 so far...
2026-04-19 15:14:40,025 - direct_fhir - INFO -   Flag: 200 so far...
2026-04-19 15:14:40,204 - direct_fhir - INFO -   Flag: 250 so far...
2026-04-19 15:14:40,443 - direct_fhir - INFO -   Flag: 300 so far...
2026-04-19 15:14:40,663 - direct_fhir - INFO -   Flag: 350 so far...
2026-04-19 15:14:40,840 - direct_fhir - INFO -   Flag: 400 so far...
2026-04-19 15:14:41,054 - direct_fhir - INFO -   Flag: 450 so far...
2026-04-19 15:14:41,255 - direct_fhir - INFO -   Flag: 500 so far...
2026-04-19 15:14:41,975 - direct_fhir - INFO -   Flag: 533 so far...
[ALL-PATIENTS] Flag: fetched 533 records
2026-04-19 15:14:42,114 - direct_fhir - INFO -   Goal: 42 so far...
[ALL-PATIENTS] Goal: fetched 42 records
2026-04-19 15:14:42,244 - direct_fhir - INFO -   GuidanceResponse: 0 so far...
[ALL-PATIENTS] GuidanceResponse: fetched 0 records
2026-04-19 15:14:42,343 - direct_fhir - INFO -   ImagingStudy: 0 so far...
[ALL-PATIENTS] ImagingStudy: fetched 0 records
2026-04-19 15:14:42,476 - direct_fhir - INFO -   Immunization: 0 so far...
[ALL-PATIENTS] Immunization: fetched 0 records
2026-04-19 15:14:42,586 - direct_fhir - INFO -   ImmunizationEvaluation: 0 so far...
[ALL-PATIENTS] ImmunizationEvaluation: fetched 0 records
2026-04-19 15:14:42,710 - direct_fhir - INFO -   ImmunizationRecommendation: 0 so far...
[ALL-PATIENTS] ImmunizationRecommendation: fetched 0 records
2026-04-19 15:14:42,809 - direct_fhir - INFO -   Invoice: 0 so far...
[ALL-PATIENTS] Invoice: fetched 0 records
2026-04-19 15:14:42,975 - direct_fhir - INFO -   List: 50 so far...
2026-04-19 15:14:43,718 - direct_fhir - INFO -   List: 100 so far...
2026-04-19 15:14:43,909 - direct_fhir - INFO -   List: 150 so far...
2026-04-19 15:14:44,118 - direct_fhir - INFO -   List: 200 so far...
2026-04-19 15:14:44,389 - direct_fhir - INFO -   List: 250 so far...
2026-04-19 15:14:44,557 - direct_fhir - INFO -   List: 282 so far...
[ALL-PATIENTS] List: fetched 282 records
2026-04-19 15:14:44,662 - direct_fhir - INFO -   MeasureReport: 0 so far...
[ALL-PATIENTS] MeasureReport: fetched 0 records
2026-04-19 15:14:46,671 - direct_fhir - INFO -   Media: 50 so far...
2026-04-19 15:14:49,249 - direct_fhir - INFO -   Media: 100 so far...
2026-04-19 15:14:51,462 - direct_fhir - INFO -   Media: 150 so far...
2026-04-19 15:14:52,718 - direct_fhir - INFO -   Media: 200 so far...
2026-04-19 15:14:53,913 - direct_fhir - INFO -   Media: 250 so far...
2026-04-19 15:14:55,170 - direct_fhir - INFO -   Media: 300 so far...
2026-04-19 15:14:56,688 - direct_fhir - INFO -   Media: 350 so far...
2026-04-19 15:14:58,130 - direct_fhir - INFO -   Media: 400 so far...
2026-04-19 15:14:59,507 - direct_fhir - INFO -   Media: 450 so far...
2026-04-19 15:15:00,268 - direct_fhir - INFO -   Media: 482 so far...
[ALL-PATIENTS] Media: fetched 482 records
2026-04-19 15:15:00,440 - direct_fhir - INFO -   MedicationAdministration: 50 so far...
2026-04-19 15:15:01,131 - direct_fhir - INFO -   MedicationAdministration: 100 so far...
2026-04-19 15:15:01,277 - direct_fhir - INFO -   MedicationAdministration: 117 so far...
[ALL-PATIENTS] MedicationAdministration: fetched 117 records
2026-04-19 15:15:01,429 - direct_fhir - INFO -   MedicationDispense: 0 so far...
[ALL-PATIENTS] MedicationDispense: fetched 0 records
2026-04-19 15:15:01,587 - direct_fhir - INFO -   MedicationRequest: 50 so far...
2026-04-19 15:15:02,283 - direct_fhir - INFO -   MedicationRequest: 100 so far...
2026-04-19 15:15:02,463 - direct_fhir - INFO -   MedicationRequest: 130 so far...
[ALL-PATIENTS] MedicationRequest: fetched 130 records
2026-04-19 15:15:02,591 - direct_fhir - INFO -   MedicationStatement: 0 so far...
[ALL-PATIENTS] MedicationStatement: fetched 0 records
2026-04-19 15:15:02,724 - direct_fhir - INFO -   MedicinalProductAuthorization: 0 so far...
[ALL-PATIENTS] MedicinalProductAuthorization: fetched 0 records
2026-04-19 15:15:02,875 - direct_fhir - INFO -   MedicinalProductContraindication: 0 so far...
[ALL-PATIENTS] MedicinalProductContraindication: fetched 0 records
2026-04-19 15:15:03,007 - direct_fhir - INFO -   MedicinalProductIndication: 0 so far...
[ALL-PATIENTS] MedicinalProductIndication: fetched 0 records
2026-04-19 15:15:03,111 - direct_fhir - INFO -   MedicinalProductInteraction: 0 so far...
[ALL-PATIENTS] MedicinalProductInteraction: fetched 0 records
2026-04-19 15:15:03,228 - direct_fhir - INFO -   MedicinalProductPackaged: 0 so far...
[ALL-PATIENTS] MedicinalProductPackaged: fetched 0 records
2026-04-19 15:15:03,360 - direct_fhir - INFO -   MedicinalProductUndesirableEffect: 0 so far...
[ALL-PATIENTS] MedicinalProductUndesirableEffect: fetched 0 records
2026-04-19 15:15:03,506 - direct_fhir - INFO -   MolecularSequence: 0 so far...
[ALL-PATIENTS] MolecularSequence: fetched 0 records
2026-04-19 15:15:03,623 - direct_fhir - INFO -   NutritionOrder: 0 so far...
[ALL-PATIENTS] NutritionOrder: fetched 0 records
2026-04-19 15:15:03,792 - direct_fhir - INFO -   Observation: 50 so far...
2026-04-19 15:15:04,529 - direct_fhir - INFO -   Observation: 100 so far...
2026-04-19 15:15:04,711 - direct_fhir - INFO -   Observation: 150 so far...
2026-04-19 15:15:04,882 - direct_fhir - INFO -   Observation: 200 so far...
2026-04-19 15:15:05,124 - direct_fhir - INFO -   Observation: 250 so far...
2026-04-19 15:15:05,300 - direct_fhir - INFO -   Observation: 300 so far...
2026-04-19 15:15:05,475 - direct_fhir - INFO -   Observation: 350 so far...
2026-04-19 15:15:05,661 - direct_fhir - INFO -   Observation: 400 so far...
2026-04-19 15:15:05,857 - direct_fhir - INFO -   Observation: 450 so far...
2026-04-19 15:15:06,055 - direct_fhir - INFO -   Observation: 500 so far...
2026-04-19 15:15:06,956 - direct_fhir - INFO -   Observation: 550 so far...
2026-04-19 15:15:07,151 - direct_fhir - INFO -   Observation: 600 so far...
2026-04-19 15:15:07,305 - direct_fhir - INFO -   Observation: 650 so far...
2026-04-19 15:15:07,498 - direct_fhir - INFO -   Observation: 700 so far...
2026-04-19 15:15:07,735 - direct_fhir - INFO -   Observation: 750 so far...
2026-04-19 15:15:08,010 - direct_fhir - INFO -   Observation: 800 so far...
2026-04-19 15:15:08,245 - direct_fhir - INFO -   Observation: 850 so far...
2026-04-19 15:15:08,417 - direct_fhir - INFO -   Observation: 900 so far...
2026-04-19 15:15:08,622 - direct_fhir - INFO -   Observation: 950 so far...
2026-04-19 15:15:08,817 - direct_fhir - INFO -   Observation: 1000 so far...
2026-04-19 15:15:09,008 - direct_fhir - INFO -   Observation: 1050 so far...
2026-04-19 15:15:09,190 - direct_fhir - INFO -   Observation: 1100 so far...
2026-04-19 15:15:09,372 - direct_fhir - INFO -   Observation: 1150 so far...
2026-04-19 15:15:09,567 - direct_fhir - INFO -   Observation: 1200 so far...
2026-04-19 15:15:09,763 - direct_fhir - INFO -   Observation: 1250 so far...
2026-04-19 15:15:09,935 - direct_fhir - INFO -   Observation: 1300 so far...
2026-04-19 15:15:10,117 - direct_fhir - INFO -   Observation: 1350 so far...
2026-04-19 15:15:10,335 - direct_fhir - INFO -   Observation: 1400 so far...
2026-04-19 15:15:10,509 - direct_fhir - INFO -   Observation: 1450 so far...
2026-04-19 15:15:10,678 - direct_fhir - INFO -   Observation: 1500 so far...
2026-04-19 15:15:10,857 - direct_fhir - INFO -   Observation: 1550 so far...
2026-04-19 15:15:11,070 - direct_fhir - INFO -   Observation: 1600 so far...
2026-04-19 15:15:11,224 - direct_fhir - INFO -   Observation: 1650 so far...
2026-04-19 15:15:11,398 - direct_fhir - INFO -   Observation: 1700 so far...
2026-04-19 15:15:11,579 - direct_fhir - INFO -   Observation: 1750 so far...
2026-04-19 15:15:11,742 - direct_fhir - INFO -   Observation: 1800 so far...
2026-04-19 15:15:11,924 - direct_fhir - INFO -   Observation: 1850 so far...
2026-04-19 15:15:12,119 - direct_fhir - INFO -   Observation: 1900 so far...
2026-04-19 15:15:12,283 - direct_fhir - INFO -   Observation: 1950 so far...
2026-04-19 15:15:12,488 - direct_fhir - INFO -   Observation: 2000 so far...
2026-04-19 15:15:13,373 - direct_fhir - INFO -   Observation: 2050 so far...
2026-04-19 15:15:13,570 - direct_fhir - INFO -   Observation: 2100 so far...
2026-04-19 15:15:13,763 - direct_fhir - INFO -   Observation: 2150 so far...
2026-04-19 15:15:13,948 - direct_fhir - INFO -   Observation: 2200 so far...
2026-04-19 15:15:14,122 - direct_fhir - INFO -   Observation: 2250 so far...
2026-04-19 15:15:14,313 - direct_fhir - INFO -   Observation: 2300 so far...
2026-04-19 15:15:14,489 - direct_fhir - INFO -   Observation: 2350 so far...
2026-04-19 15:15:14,656 - direct_fhir - INFO -   Observation: 2400 so far...
2026-04-19 15:15:14,834 - direct_fhir - INFO -   Observation: 2450 so far...
2026-04-19 15:15:15,000 - direct_fhir - INFO -   Observation: 2500 so far...
2026-04-19 15:15:15,178 - direct_fhir - INFO -   Observation: 2550 so far...
2026-04-19 15:15:15,375 - direct_fhir - INFO -   Observation: 2600 so far...
2026-04-19 15:15:15,598 - direct_fhir - INFO -   Observation: 2650 so far...
2026-04-19 15:15:15,767 - direct_fhir - INFO -   Observation: 2700 so far...
2026-04-19 15:15:15,940 - direct_fhir - INFO -   Observation: 2750 so far...
2026-04-19 15:15:16,111 - direct_fhir - INFO -   Observation: 2800 so far...
2026-04-19 15:15:16,287 - direct_fhir - INFO -   Observation: 2850 so far...
2026-04-19 15:15:16,454 - direct_fhir - INFO -   Observation: 2900 so far...
2026-04-19 15:15:16,616 - direct_fhir - INFO -   Observation: 2950 so far...
2026-04-19 15:15:16,768 - direct_fhir - INFO -   Observation: 3000 so far...
2026-04-19 15:15:16,935 - direct_fhir - INFO -   Observation: 3050 so far...
2026-04-19 15:15:17,075 - direct_fhir - INFO -   Observation: 3100 so far...
2026-04-19 15:15:17,228 - direct_fhir - INFO -   Observation: 3150 so far...
2026-04-19 15:15:17,378 - direct_fhir - INFO -   Observation: 3200 so far...
2026-04-19 15:15:17,538 - direct_fhir - INFO -   Observation: 3250 so far...
2026-04-19 15:15:17,698 - direct_fhir - INFO -   Observation: 3300 so far...
2026-04-19 15:15:17,855 - direct_fhir - INFO -   Observation: 3350 so far...
2026-04-19 15:15:18,033 - direct_fhir - INFO -   Observation: 3400 so far...
2026-04-19 15:15:18,230 - direct_fhir - INFO -   Observation: 3450 so far...
2026-04-19 15:15:18,384 - direct_fhir - INFO -   Observation: 3500 so far...
2026-04-19 15:15:18,522 - direct_fhir - INFO -   Observation: 3550 so far...
2026-04-19 15:15:18,689 - direct_fhir - INFO -   Observation: 3600 so far...
2026-04-19 15:15:18,843 - direct_fhir - INFO -   Observation: 3650 so far...
2026-04-19 15:15:19,014 - direct_fhir - INFO -   Observation: 3700 so far...
2026-04-19 15:15:19,197 - direct_fhir - INFO -   Observation: 3750 so far...
2026-04-19 15:15:19,345 - direct_fhir - INFO -   Observation: 3800 so far...
2026-04-19 15:15:19,499 - direct_fhir - INFO -   Observation: 3850 so far...
2026-04-19 15:15:19,675 - direct_fhir - INFO -   Observation: 3900 so far...
2026-04-19 15:15:19,840 - direct_fhir - INFO -   Observation: 3950 so far...
2026-04-19 15:15:20,036 - direct_fhir - INFO -   Observation: 4000 so far...
2026-04-19 15:15:20,180 - direct_fhir - INFO -   Observation: 4050 so far...
2026-04-19 15:15:20,343 - direct_fhir - INFO -   Observation: 4100 so far...
2026-04-19 15:15:20,517 - direct_fhir - INFO -   Observation: 4150 so far...
2026-04-19 15:15:20,683 - direct_fhir - INFO -   Observation: 4200 so far...
[ALL-PATIENTS] Observation: fetched 4200 records
2026-04-19 15:15:20,817 - direct_fhir - INFO -   Person: 0 so far...
[ALL-PATIENTS] Person: fetched 0 records
2026-04-19 15:15:20,984 - direct_fhir - INFO -   Procedure: 50 so far...
2026-04-19 15:15:21,840 - direct_fhir - INFO -   Procedure: 100 so far...
2026-04-19 15:15:22,054 - direct_fhir - INFO -   Procedure: 150 so far...
2026-04-19 15:15:22,222 - direct_fhir - INFO -   Procedure: 200 so far...
2026-04-19 15:15:22,385 - direct_fhir - INFO -   Procedure: 250 so far...
2026-04-19 15:15:22,549 - direct_fhir - INFO -   Procedure: 300 so far...
2026-04-19 15:15:22,714 - direct_fhir - INFO -   Procedure: 350 so far...
2026-04-19 15:15:22,918 - direct_fhir - INFO -   Procedure: 400 so far...
2026-04-19 15:15:23,096 - direct_fhir - INFO -   Procedure: 450 so far...
2026-04-19 15:15:23,257 - direct_fhir - INFO -   Procedure: 500 so far...
2026-04-19 15:15:24,062 - direct_fhir - INFO -   Procedure: 550 so far...
2026-04-19 15:15:24,262 - direct_fhir - INFO -   Procedure: 600 so far...
2026-04-19 15:15:24,455 - direct_fhir - INFO -   Procedure: 650 so far...
2026-04-19 15:15:24,619 - direct_fhir - INFO -   Procedure: 700 so far...
2026-04-19 15:15:24,784 - direct_fhir - INFO -   Procedure: 750 so far...
2026-04-19 15:15:24,953 - direct_fhir - INFO -   Procedure: 800 so far...
2026-04-19 15:15:25,134 - direct_fhir - INFO -   Procedure: 850 so far...
2026-04-19 15:15:25,328 - direct_fhir - INFO -   Procedure: 900 so far...
2026-04-19 15:15:25,613 - direct_fhir - INFO -   Procedure: 950 so far...
2026-04-19 15:15:25,812 - direct_fhir - INFO -   Procedure: 1000 so far...
2026-04-19 15:15:25,962 - direct_fhir - INFO -   Procedure: 1050 so far...
2026-04-19 15:15:26,124 - direct_fhir - INFO -   Procedure: 1100 so far...
2026-04-19 15:15:26,282 - direct_fhir - INFO -   Procedure: 1150 so far...
2026-04-19 15:15:26,447 - direct_fhir - INFO -   Procedure: 1200 so far...
2026-04-19 15:15:26,621 - direct_fhir - INFO -   Procedure: 1250 so far...
2026-04-19 15:15:26,781 - direct_fhir - INFO -   Procedure: 1300 so far...
2026-04-19 15:15:26,947 - direct_fhir - INFO -   Procedure: 1350 so far...
2026-04-19 15:15:27,234 - direct_fhir - INFO -   Procedure: 1400 so far...
2026-04-19 15:15:27,427 - direct_fhir - INFO -   Procedure: 1450 so far...
2026-04-19 15:15:27,582 - direct_fhir - INFO -   Procedure: 1500 so far...
2026-04-19 15:15:27,734 - direct_fhir - INFO -   Procedure: 1550 so far...
2026-04-19 15:15:27,889 - direct_fhir - INFO -   Procedure: 1600 so far...
2026-04-19 15:15:28,038 - direct_fhir - INFO -   Procedure: 1650 so far...
2026-04-19 15:15:28,206 - direct_fhir - INFO -   Procedure: 1700 so far...
2026-04-19 15:15:28,368 - direct_fhir - INFO -   Procedure: 1750 so far...
2026-04-19 15:15:28,550 - direct_fhir - INFO -   Procedure: 1800 so far...
2026-04-19 15:15:28,724 - direct_fhir - INFO -   Procedure: 1850 so far...
2026-04-19 15:15:28,910 - direct_fhir - INFO -   Procedure: 1900 so far...
2026-04-19 15:15:29,080 - direct_fhir - INFO -   Procedure: 1950 so far...
2026-04-19 15:15:29,228 - direct_fhir - INFO -   Procedure: 2000 so far...
2026-04-19 15:15:29,992 - direct_fhir - INFO -   Procedure: 2050 so far...
2026-04-19 15:15:30,198 - direct_fhir - INFO -   Procedure: 2100 so far...
2026-04-19 15:15:30,354 - direct_fhir - INFO -   Procedure: 2150 so far...
2026-04-19 15:15:30,504 - direct_fhir - INFO -   Procedure: 2200 so far...
2026-04-19 15:15:30,647 - direct_fhir - INFO -   Procedure: 2250 so far...
2026-04-19 15:15:30,797 - direct_fhir - INFO -   Procedure: 2300 so far...
2026-04-19 15:15:30,932 - direct_fhir - INFO -   Procedure: 2350 so far...
2026-04-19 15:15:31,079 - direct_fhir - INFO -   Procedure: 2400 so far...
2026-04-19 15:15:31,231 - direct_fhir - INFO -   Procedure: 2450 so far...
2026-04-19 15:15:31,383 - direct_fhir - INFO -   Procedure: 2500 so far...
2026-04-19 15:15:31,543 - direct_fhir - INFO -   Procedure: 2550 so far...
2026-04-19 15:15:31,702 - direct_fhir - INFO -   Procedure: 2600 so far...
2026-04-19 15:15:31,851 - direct_fhir - INFO -   Procedure: 2650 so far...
2026-04-19 15:15:32,017 - direct_fhir - INFO -   Procedure: 2700 so far...
2026-04-19 15:15:32,165 - direct_fhir - INFO -   Procedure: 2750 so far...
2026-04-19 15:15:32,321 - direct_fhir - INFO -   Procedure: 2800 so far...
2026-04-19 15:15:32,495 - direct_fhir - INFO -   Procedure: 2850 so far...
2026-04-19 15:15:32,655 - direct_fhir - INFO -   Procedure: 2900 so far...
2026-04-19 15:15:32,817 - direct_fhir - INFO -   Procedure: 2950 so far...
2026-04-19 15:15:32,996 - direct_fhir - INFO -   Procedure: 3000 so far...
2026-04-19 15:15:33,157 - direct_fhir - INFO -   Procedure: 3050 so far...
2026-04-19 15:15:33,309 - direct_fhir - INFO -   Procedure: 3100 so far...
2026-04-19 15:15:33,466 - direct_fhir - INFO -   Procedure: 3150 so far...
2026-04-19 15:15:33,627 - direct_fhir - INFO -   Procedure: 3200 so far...
2026-04-19 15:15:33,789 - direct_fhir - INFO -   Procedure: 3250 so far...
2026-04-19 15:15:33,965 - direct_fhir - INFO -   Procedure: 3300 so far...
2026-04-19 15:15:34,165 - direct_fhir - INFO -   Procedure: 3350 so far...
2026-04-19 15:15:34,334 - direct_fhir - INFO -   Procedure: 3354 so far...
[ALL-PATIENTS] Procedure: fetched 3354 records
2026-04-19 15:15:34,468 - direct_fhir - INFO -   Provenance: 0 so far...
[ALL-PATIENTS] Provenance: fetched 0 records
2026-04-19 15:15:34,785 - direct_fhir - INFO -   QuestionnaireResponse: 50 so far...
2026-04-19 15:15:35,851 - direct_fhir - INFO -   QuestionnaireResponse: 100 so far...
2026-04-19 15:15:36,426 - direct_fhir - INFO -   QuestionnaireResponse: 150 so far...
2026-04-19 15:15:36,750 - direct_fhir - INFO -   QuestionnaireResponse: 200 so far...
2026-04-19 15:15:37,070 - direct_fhir - INFO -   QuestionnaireResponse: 250 so far...
2026-04-19 15:15:37,449 - direct_fhir - INFO -   QuestionnaireResponse: 300 so far...
2026-04-19 15:15:37,745 - direct_fhir - INFO -   QuestionnaireResponse: 350 so far...
2026-04-19 15:15:38,039 - direct_fhir - INFO -   QuestionnaireResponse: 400 so far...
2026-04-19 15:15:38,364 - direct_fhir - INFO -   QuestionnaireResponse: 450 so far...
2026-04-19 15:15:38,686 - direct_fhir - INFO -   QuestionnaireResponse: 500 so far...
2026-04-19 15:15:39,595 - direct_fhir - INFO -   QuestionnaireResponse: 550 so far...
2026-04-19 15:15:39,954 - direct_fhir - INFO -   QuestionnaireResponse: 600 so far...
2026-04-19 15:15:40,271 - direct_fhir - INFO -   QuestionnaireResponse: 650 so far...
2026-04-19 15:15:40,650 - direct_fhir - INFO -   QuestionnaireResponse: 700 so far...
2026-04-19 15:15:40,968 - direct_fhir - INFO -   QuestionnaireResponse: 750 so far...
2026-04-19 15:15:41,290 - direct_fhir - INFO -   QuestionnaireResponse: 800 so far...
2026-04-19 15:15:41,646 - direct_fhir - INFO -   QuestionnaireResponse: 850 so far...
2026-04-19 15:15:41,962 - direct_fhir - INFO -   QuestionnaireResponse: 900 so far...
2026-04-19 15:15:42,309 - direct_fhir - INFO -   QuestionnaireResponse: 950 so far...
2026-04-19 15:15:42,606 - direct_fhir - INFO -   QuestionnaireResponse: 1000 so far...
2026-04-19 15:15:42,930 - direct_fhir - INFO -   QuestionnaireResponse: 1050 so far...
2026-04-19 15:15:43,282 - direct_fhir - INFO -   QuestionnaireResponse: 1100 so far...
2026-04-19 15:15:43,661 - direct_fhir - INFO -   QuestionnaireResponse: 1150 so far...
2026-04-19 15:15:44,017 - direct_fhir - INFO -   QuestionnaireResponse: 1200 so far...
2026-04-19 15:15:44,365 - direct_fhir - INFO -   QuestionnaireResponse: 1250 so far...
2026-04-19 15:15:44,677 - direct_fhir - INFO -   QuestionnaireResponse: 1300 so far...
2026-04-19 15:15:45,026 - direct_fhir - INFO -   QuestionnaireResponse: 1350 so far...
2026-04-19 15:15:45,316 - direct_fhir - INFO -   QuestionnaireResponse: 1400 so far...
2026-04-19 15:15:45,613 - direct_fhir - INFO -   QuestionnaireResponse: 1450 so far...
2026-04-19 15:15:45,952 - direct_fhir - INFO -   QuestionnaireResponse: 1500 so far...
2026-04-19 15:15:46,281 - direct_fhir - INFO -   QuestionnaireResponse: 1550 so far...
2026-04-19 15:15:46,609 - direct_fhir - INFO -   QuestionnaireResponse: 1600 so far...
2026-04-19 15:15:46,930 - direct_fhir - INFO -   QuestionnaireResponse: 1650 so far...
2026-04-19 15:15:47,266 - direct_fhir - INFO -   QuestionnaireResponse: 1700 so far...
2026-04-19 15:15:47,662 - direct_fhir - INFO -   QuestionnaireResponse: 1750 so far...
2026-04-19 15:15:47,959 - direct_fhir - INFO -   QuestionnaireResponse: 1800 so far...
2026-04-19 15:15:48,271 - direct_fhir - INFO -   QuestionnaireResponse: 1850 so far...
2026-04-19 15:15:48,639 - direct_fhir - INFO -   QuestionnaireResponse: 1900 so far...
2026-04-19 15:15:48,971 - direct_fhir - INFO -   QuestionnaireResponse: 1950 so far...
2026-04-19 15:15:49,345 - direct_fhir - INFO -   QuestionnaireResponse: 2000 so far...
2026-04-19 15:15:50,525 - direct_fhir - INFO -   QuestionnaireResponse: 2050 so far...
2026-04-19 15:15:50,920 - direct_fhir - INFO -   QuestionnaireResponse: 2100 so far...
2026-04-19 15:15:51,239 - direct_fhir - INFO -   QuestionnaireResponse: 2150 so far...
2026-04-19 15:15:51,606 - direct_fhir - INFO -   QuestionnaireResponse: 2200 so far...
2026-04-19 15:15:51,962 - direct_fhir - INFO -   QuestionnaireResponse: 2250 so far...
2026-04-19 15:15:52,330 - direct_fhir - INFO -   QuestionnaireResponse: 2300 so far...
2026-04-19 15:15:52,801 - direct_fhir - INFO -   QuestionnaireResponse: 2350 so far...
2026-04-19 15:15:53,176 - direct_fhir - INFO -   QuestionnaireResponse: 2400 so far...
2026-04-19 15:15:53,559 - direct_fhir - INFO -   QuestionnaireResponse: 2450 so far...
2026-04-19 15:15:53,961 - direct_fhir - INFO -   QuestionnaireResponse: 2500 so far...
2026-04-19 15:15:54,309 - direct_fhir - INFO -   QuestionnaireResponse: 2550 so far...
2026-04-19 15:15:54,735 - direct_fhir - INFO -   QuestionnaireResponse: 2600 so far...
2026-04-19 15:15:55,142 - direct_fhir - INFO -   QuestionnaireResponse: 2650 so far...
2026-04-19 15:15:55,536 - direct_fhir - INFO -   QuestionnaireResponse: 2700 so far...
2026-04-19 15:15:55,956 - direct_fhir - INFO -   QuestionnaireResponse: 2750 so far...
2026-04-19 15:15:56,282 - direct_fhir - INFO -   QuestionnaireResponse: 2800 so far...
2026-04-19 15:15:56,624 - direct_fhir - INFO -   QuestionnaireResponse: 2850 so far...
2026-04-19 15:15:57,014 - direct_fhir - INFO -   QuestionnaireResponse: 2900 so far...
2026-04-19 15:15:57,360 - direct_fhir - INFO -   QuestionnaireResponse: 2950 so far...
2026-04-19 15:15:57,687 - direct_fhir - INFO -   QuestionnaireResponse: 3000 so far...
2026-04-19 15:15:57,960 - direct_fhir - INFO -   QuestionnaireResponse: 3050 so far...
2026-04-19 15:15:58,241 - direct_fhir - INFO -   QuestionnaireResponse: 3100 so far...
2026-04-19 15:15:58,565 - direct_fhir - INFO -   QuestionnaireResponse: 3150 so far...
2026-04-19 15:15:58,919 - direct_fhir - INFO -   QuestionnaireResponse: 3200 so far...
2026-04-19 15:15:59,267 - direct_fhir - INFO -   QuestionnaireResponse: 3250 so far...
2026-04-19 15:15:59,634 - direct_fhir - INFO -   QuestionnaireResponse: 3300 so far...
2026-04-19 15:15:59,919 - direct_fhir - INFO -   QuestionnaireResponse: 3350 so far...
2026-04-19 15:16:00,300 - direct_fhir - INFO -   QuestionnaireResponse: 3400 so far...
2026-04-19 15:16:00,624 - direct_fhir - INFO -   QuestionnaireResponse: 3450 so far...
2026-04-19 15:16:00,942 - direct_fhir - INFO -   QuestionnaireResponse: 3500 so far...
2026-04-19 15:16:01,226 - direct_fhir - INFO -   QuestionnaireResponse: 3550 so far...
2026-04-19 15:16:01,509 - direct_fhir - INFO -   QuestionnaireResponse: 3600 so far...
2026-04-19 15:16:01,830 - direct_fhir - INFO -   QuestionnaireResponse: 3650 so far...
2026-04-19 15:16:02,214 - direct_fhir - INFO -   QuestionnaireResponse: 3700 so far...
2026-04-19 15:16:02,561 - direct_fhir - INFO -   QuestionnaireResponse: 3750 so far...
2026-04-19 15:16:02,922 - direct_fhir - INFO -   QuestionnaireResponse: 3800 so far...
2026-04-19 15:16:03,270 - direct_fhir - INFO -   QuestionnaireResponse: 3850 so far...
2026-04-19 15:16:03,560 - direct_fhir - INFO -   QuestionnaireResponse: 3900 so far...
2026-04-19 15:16:03,933 - direct_fhir - INFO -   QuestionnaireResponse: 3950 so far...
2026-04-19 15:16:04,272 - direct_fhir - INFO -   QuestionnaireResponse: 4000 so far...
2026-04-19 15:16:04,599 - direct_fhir - INFO -   QuestionnaireResponse: 4050 so far...
2026-04-19 15:16:04,931 - direct_fhir - INFO -   QuestionnaireResponse: 4100 so far...
2026-04-19 15:16:05,401 - direct_fhir - INFO -   QuestionnaireResponse: 4150 so far...
2026-04-19 15:16:05,797 - direct_fhir - INFO -   QuestionnaireResponse: 4200 so far...
2026-04-19 15:16:06,111 - direct_fhir - INFO -   QuestionnaireResponse: 4250 so far...
2026-04-19 15:16:06,512 - direct_fhir - INFO -   QuestionnaireResponse: 4300 so far...
2026-04-19 15:16:06,847 - direct_fhir - INFO -   QuestionnaireResponse: 4350 so far...
2026-04-19 15:16:07,166 - direct_fhir - INFO -   QuestionnaireResponse: 4400 so far...
2026-04-19 15:16:07,512 - direct_fhir - INFO -   QuestionnaireResponse: 4450 so far...
2026-04-19 15:16:07,812 - direct_fhir - INFO -   QuestionnaireResponse: 4500 so far...
2026-04-19 15:16:08,204 - direct_fhir - INFO -   QuestionnaireResponse: 4550 so far...
2026-04-19 15:16:08,646 - direct_fhir - INFO -   QuestionnaireResponse: 4600 so far...
2026-04-19 15:16:08,982 - direct_fhir - INFO -   QuestionnaireResponse: 4650 so far...
2026-04-19 15:16:09,324 - direct_fhir - INFO -   QuestionnaireResponse: 4700 so far...
2026-04-19 15:16:09,674 - direct_fhir - INFO -   QuestionnaireResponse: 4750 so far...
2026-04-19 15:16:10,130 - direct_fhir - INFO -   QuestionnaireResponse: 4800 so far...
2026-04-19 15:16:10,715 - direct_fhir - INFO -   QuestionnaireResponse: 4850 so far...
2026-04-19 15:16:11,238 - direct_fhir - INFO -   QuestionnaireResponse: 4900 so far...
2026-04-19 15:16:11,738 - direct_fhir - INFO -   QuestionnaireResponse: 4950 so far...
2026-04-19 15:16:12,166 - direct_fhir - INFO -   QuestionnaireResponse: 5000 so far...
2026-04-19 15:16:12,494 - direct_fhir - INFO -   QuestionnaireResponse: 5050 so far...
2026-04-19 15:16:12,816 - direct_fhir - INFO -   QuestionnaireResponse: 5100 so far...
2026-04-19 15:16:13,143 - direct_fhir - INFO -   QuestionnaireResponse: 5150 so far...
2026-04-19 15:16:13,588 - direct_fhir - INFO -   QuestionnaireResponse: 5200 so far...
2026-04-19 15:16:13,888 - direct_fhir - INFO -   QuestionnaireResponse: 5250 so far...
2026-04-19 15:16:14,225 - direct_fhir - INFO -   QuestionnaireResponse: 5300 so far...
2026-04-19 15:16:14,584 - direct_fhir - INFO -   QuestionnaireResponse: 5350 so far...
2026-04-19 15:16:14,915 - direct_fhir - INFO -   QuestionnaireResponse: 5400 so far...
2026-04-19 15:16:15,212 - direct_fhir - INFO -   QuestionnaireResponse: 5450 so far...
2026-04-19 15:16:15,522 - direct_fhir - INFO -   QuestionnaireResponse: 5500 so far...
2026-04-19 15:16:15,904 - direct_fhir - INFO -   QuestionnaireResponse: 5550 so far...
2026-04-19 15:16:16,465 - direct_fhir - INFO -   QuestionnaireResponse: 5600 so far...
2026-04-19 15:16:16,758 - direct_fhir - INFO -   QuestionnaireResponse: 5650 so far...
2026-04-19 15:16:17,114 - direct_fhir - INFO -   QuestionnaireResponse: 5700 so far...
2026-04-19 15:16:17,422 - direct_fhir - INFO -   QuestionnaireResponse: 5750 so far...
2026-04-19 15:16:17,725 - direct_fhir - INFO -   QuestionnaireResponse: 5800 so far...
2026-04-19 15:16:18,075 - direct_fhir - INFO -   QuestionnaireResponse: 5850 so far...
2026-04-19 15:16:18,475 - direct_fhir - INFO -   QuestionnaireResponse: 5900 so far...
2026-04-19 15:16:18,880 - direct_fhir - INFO -   QuestionnaireResponse: 5950 so far...
2026-04-19 15:16:19,234 - direct_fhir - INFO -   QuestionnaireResponse: 6000 so far...
2026-04-19 15:16:19,557 - direct_fhir - INFO -   QuestionnaireResponse: 6050 so far...
2026-04-19 15:16:19,933 - direct_fhir - INFO -   QuestionnaireResponse: 6100 so far...
2026-04-19 15:16:20,290 - direct_fhir - INFO -   QuestionnaireResponse: 6150 so far...
2026-04-19 15:16:20,631 - direct_fhir - INFO -   QuestionnaireResponse: 6200 so far...
2026-04-19 15:16:20,766 - werkzeug - INFO -  * Detected change in '/Users/ebeneyeraggrey-mills/development/CareIT/CareIT_Vibe_Miniapp/routes/misc_api.py', reloading
2026-04-19 15:16:21,173 - werkzeug - INFO -  * Restarting with stat
2026-04-19 15:16:21,626 - werkzeug - WARNING -  * Debugger is active!
2026-04-19 15:16:21,633 - werkzeug - INFO -  * Debugger PIN: 805-155-362
2026-04-19 15:18:14,075 - direct_fhir - INFO - Fetching all patients
2026-04-19 15:18:14,331 - direct_fhir - INFO - Found 100 patients
2026-04-19 15:18:15,035 - direct_fhir - INFO -   Account: 0 so far...
[ALL-PATIENTS] Account: fetched 0 records
2026-04-19 15:18:15,156 - direct_fhir - INFO -   AdverseEvent: 0 so far...
[ALL-PATIENTS] AdverseEvent: fetched 0 records
2026-04-19 15:18:15,306 - direct_fhir - INFO -   AllergyIntolerance: 50 so far...
2026-04-19 15:18:16,037 - direct_fhir - INFO -   AllergyIntolerance: 87 so far...
[ALL-PATIENTS] AllergyIntolerance: fetched 87 records
2026-04-19 15:18:16,180 - direct_fhir - INFO -   Appointment: 0 so far...
[ALL-PATIENTS] Appointment: fetched 0 records
2026-04-19 15:18:16,312 - direct_fhir - INFO -   AppointmentResponse: 0 so far...
[ALL-PATIENTS] AppointmentResponse: fetched 0 records
2026-04-19 15:18:16,468 - direct_fhir - INFO -   AuditEvent: 50 so far...
2026-04-19 15:18:17,180 - direct_fhir - INFO -   AuditEvent: 96 so far...
[ALL-PATIENTS] AuditEvent: fetched 96 records
2026-04-19 15:18:17,311 - direct_fhir - INFO -   Basic: 0 so far...
[ALL-PATIENTS] Basic: fetched 0 records
2026-04-19 15:18:17,414 - direct_fhir - INFO -   BodyStructure: 0 so far...
[ALL-PATIENTS] BodyStructure: fetched 0 records
2026-04-19 15:18:17,667 - direct_fhir - INFO -   CarePlan: 50 so far...
2026-04-19 15:18:18,487 - direct_fhir - INFO -   CarePlan: 100 so far...
2026-04-19 15:18:18,758 - direct_fhir - INFO -   CarePlan: 150 so far...
2026-04-19 15:18:18,964 - direct_fhir - INFO -   CarePlan: 200 so far...
2026-04-19 15:18:19,197 - direct_fhir - INFO -   CarePlan: 250 so far...
2026-04-19 15:18:19,454 - direct_fhir - INFO -   CarePlan: 300 so far...
2026-04-19 15:18:19,599 - direct_fhir - INFO -   CarePlan: 304 so far...
[ALL-PATIENTS] CarePlan: fetched 304 records
2026-04-19 15:18:19,749 - direct_fhir - INFO -   CareTeam: 0 so far...
[ALL-PATIENTS] CareTeam: fetched 0 records
2026-04-19 15:18:19,870 - direct_fhir - INFO -   ChargeItem: 0 so far...
[ALL-PATIENTS] ChargeItem: fetched 0 records
2026-04-19 15:18:20,001 - direct_fhir - INFO -   Claim: 0 so far...
[ALL-PATIENTS] Claim: fetched 0 records
2026-04-19 15:18:20,132 - direct_fhir - INFO -   ClaimResponse: 0 so far...
[ALL-PATIENTS] ClaimResponse: fetched 0 records
2026-04-19 15:18:20,279 - direct_fhir - INFO -   ClinicalImpression: 0 so far...
[ALL-PATIENTS] ClinicalImpression: fetched 0 records
2026-04-19 15:18:20,451 - direct_fhir - INFO -   Communication: 50 so far...
2026-04-19 15:18:21,230 - direct_fhir - INFO -   Communication: 100 so far...
2026-04-19 15:18:21,416 - direct_fhir - INFO -   Communication: 150 so far...
2026-04-19 15:18:21,597 - direct_fhir - INFO -   Communication: 200 so far...
2026-04-19 15:18:21,788 - direct_fhir - INFO -   Communication: 250 so far...
2026-04-19 15:18:21,983 - direct_fhir - INFO -   Communication: 300 so far...
2026-04-19 15:18:22,177 - direct_fhir - INFO -   Communication: 350 so far...
2026-04-19 15:18:22,357 - direct_fhir - INFO -   Communication: 400 so far...
2026-04-19 15:18:22,511 - direct_fhir - INFO -   Communication: 450 so far...
2026-04-19 15:18:22,716 - direct_fhir - INFO -   Communication: 500 so far...
2026-04-19 15:18:23,444 - direct_fhir - INFO -   Communication: 550 so far...
2026-04-19 15:18:23,622 - direct_fhir - INFO -   Communication: 600 so far...
2026-04-19 15:18:23,809 - direct_fhir - INFO -   Communication: 650 so far...
2026-04-19 15:18:23,986 - direct_fhir - INFO -   Communication: 655 so far...
[ALL-PATIENTS] Communication: fetched 655 records
2026-04-19 15:18:24,116 - direct_fhir - INFO -   CommunicationRequest: 0 so far...
[ALL-PATIENTS] CommunicationRequest: fetched 0 records
2026-04-19 15:18:24,218 - direct_fhir - INFO -   Composition: 0 so far...
[ALL-PATIENTS] Composition: fetched 0 records
2026-04-19 15:18:24,411 - direct_fhir - INFO -   Condition: 50 so far...
2026-04-19 15:18:25,294 - direct_fhir - INFO -   Condition: 100 so far...
2026-04-19 15:18:25,485 - direct_fhir - INFO -   Condition: 150 so far...
2026-04-19 15:18:25,705 - direct_fhir - INFO -   Condition: 200 so far...
2026-04-19 15:18:25,891 - direct_fhir - INFO -   Condition: 250 so far...
2026-04-19 15:18:26,090 - direct_fhir - INFO -   Condition: 300 so far...
2026-04-19 15:18:26,252 - direct_fhir - INFO -   Condition: 350 so far...
2026-04-19 15:18:26,454 - direct_fhir - INFO -   Condition: 400 so far...
2026-04-19 15:18:26,657 - direct_fhir - INFO -   Condition: 450 so far...
2026-04-19 15:18:26,856 - direct_fhir - INFO -   Condition: 500 so far...
2026-04-19 15:18:27,864 - direct_fhir - INFO -   Condition: 550 so far...
2026-04-19 15:18:28,062 - direct_fhir - INFO -   Condition: 600 so far...
2026-04-19 15:18:28,346 - direct_fhir - INFO -   Condition: 650 so far...
2026-04-19 15:18:28,568 - direct_fhir - INFO -   Condition: 700 so far...
2026-04-19 15:18:28,908 - direct_fhir - INFO -   Condition: 750 so far...
2026-04-19 15:18:29,094 - direct_fhir - INFO -   Condition: 800 so far...
2026-04-19 15:18:29,317 - direct_fhir - INFO -   Condition: 850 so far...
2026-04-19 15:18:29,502 - direct_fhir - INFO -   Condition: 900 so far...
2026-04-19 15:18:29,704 - direct_fhir - INFO -   Condition: 950 so far...
2026-04-19 15:18:29,892 - direct_fhir - INFO -   Condition: 1000 so far...
2026-04-19 15:18:30,073 - direct_fhir - INFO -   Condition: 1050 so far...
2026-04-19 15:18:30,248 - direct_fhir - INFO -   Condition: 1100 so far...
2026-04-19 15:18:30,501 - direct_fhir - INFO -   Condition: 1150 so far...
2026-04-19 15:18:30,698 - direct_fhir - INFO -   Condition: 1200 so far...
2026-04-19 15:18:30,881 - direct_fhir - INFO -   Condition: 1250 so far...
2026-04-19 15:18:31,050 - direct_fhir - INFO -   Condition: 1300 so far...
2026-04-19 15:18:31,226 - direct_fhir - INFO -   Condition: 1350 so far...
2026-04-19 15:18:31,413 - direct_fhir - INFO -   Condition: 1400 so far...
2026-04-19 15:18:31,580 - direct_fhir - INFO -   Condition: 1450 so far...
2026-04-19 15:18:31,765 - direct_fhir - INFO -   Condition: 1500 so far...
2026-04-19 15:18:31,975 - direct_fhir - INFO -   Condition: 1550 so far...
2026-04-19 15:18:32,174 - direct_fhir - INFO -   Condition: 1600 so far...
2026-04-19 15:18:32,358 - direct_fhir - INFO -   Condition: 1650 so far...
2026-04-19 15:18:32,537 - direct_fhir - INFO -   Condition: 1700 so far...
2026-04-19 15:18:32,737 - direct_fhir - INFO -   Condition: 1750 so far...
2026-04-19 15:18:32,936 - direct_fhir - INFO -   Condition: 1800 so far...
2026-04-19 15:18:33,200 - direct_fhir - INFO -   Condition: 1850 so far...
2026-04-19 15:18:33,396 - direct_fhir - INFO -   Condition: 1900 so far...
2026-04-19 15:18:33,576 - direct_fhir - INFO -   Condition: 1950 so far...
2026-04-19 15:18:33,745 - direct_fhir - INFO -   Condition: 2000 so far...
2026-04-19 15:18:35,881 - direct_fhir - INFO -   Condition: 2050 so far...
2026-04-19 15:18:36,066 - direct_fhir - INFO -   Condition: 2100 so far...
2026-04-19 15:18:36,234 - direct_fhir - INFO -   Condition: 2150 so far...
2026-04-19 15:18:36,408 - direct_fhir - INFO -   Condition: 2200 so far...
2026-04-19 15:18:36,598 - direct_fhir - INFO -   Condition: 2250 so far...
2026-04-19 15:18:36,777 - direct_fhir - INFO -   Condition: 2300 so far...
2026-04-19 15:18:36,948 - direct_fhir - INFO -   Condition: 2350 so far...
2026-04-19 15:18:37,120 - direct_fhir - INFO -   Condition: 2400 so far...
2026-04-19 15:18:37,334 - direct_fhir - INFO -   Condition: 2450 so far...
2026-04-19 15:18:37,517 - direct_fhir - INFO -   Condition: 2500 so far...
2026-04-19 15:18:37,707 - direct_fhir - INFO -   Condition: 2550 so far...
2026-04-19 15:18:37,874 - direct_fhir - INFO -   Condition: 2600 so far...
2026-04-19 15:18:38,053 - direct_fhir - INFO -   Condition: 2650 so far...
2026-04-19 15:18:38,216 - direct_fhir - INFO -   Condition: 2700 so far...
2026-04-19 15:18:38,376 - direct_fhir - INFO -   Condition: 2750 so far...
2026-04-19 15:18:38,548 - direct_fhir - INFO -   Condition: 2800 so far...
2026-04-19 15:18:38,737 - direct_fhir - INFO -   Condition: 2850 so far...
2026-04-19 15:18:38,960 - direct_fhir - INFO -   Condition: 2900 so far...
2026-04-19 15:18:39,156 - direct_fhir - INFO -   Condition: 2950 so far...
2026-04-19 15:18:39,335 - direct_fhir - INFO -   Condition: 3000 so far...
2026-04-19 15:18:39,495 - direct_fhir - INFO -   Condition: 3050 so far...
2026-04-19 15:18:39,701 - direct_fhir - INFO -   Condition: 3100 so far...
2026-04-19 15:18:39,920 - direct_fhir - INFO -   Condition: 3150 so far...
2026-04-19 15:18:40,093 - direct_fhir - INFO -   Condition: 3200 so far...
2026-04-19 15:18:40,248 - direct_fhir - INFO -   Condition: 3250 so far...
2026-04-19 15:18:40,434 - direct_fhir - INFO -   Condition: 3300 so far...
2026-04-19 15:18:40,624 - direct_fhir - INFO -   Condition: 3350 so far...
2026-04-19 15:18:40,841 - direct_fhir - INFO -   Condition: 3400 so far...
2026-04-19 15:18:41,014 - direct_fhir - INFO -   Condition: 3450 so far...
2026-04-19 15:18:41,201 - direct_fhir - INFO -   Condition: 3500 so far...
2026-04-19 15:18:41,395 - direct_fhir - INFO -   Condition: 3550 so far...
2026-04-19 15:18:41,552 - direct_fhir - INFO -   Condition: 3600 so far...
2026-04-19 15:18:41,733 - direct_fhir - INFO -   Condition: 3650 so far...
2026-04-19 15:18:41,918 - direct_fhir - INFO -   Condition: 3700 so far...
2026-04-19 15:18:42,135 - direct_fhir - INFO -   Condition: 3750 so far...
2026-04-19 15:18:42,356 - direct_fhir - INFO -   Condition: 3800 so far...
2026-04-19 15:18:42,532 - direct_fhir - INFO -   Condition: 3850 so far...
2026-04-19 15:18:42,716 - direct_fhir - INFO -   Condition: 3900 so far...
2026-04-19 15:18:42,902 - direct_fhir - INFO -   Condition: 3950 so far...
2026-04-19 15:18:43,113 - direct_fhir - INFO -   Condition: 4000 so far...
2026-04-19 15:18:43,286 - direct_fhir - INFO -   Condition: 4050 so far...
2026-04-19 15:18:43,460 - direct_fhir - INFO -   Condition: 4100 so far...
2026-04-19 15:18:43,702 - direct_fhir - INFO -   Condition: 4150 so far...
2026-04-19 15:18:43,899 - direct_fhir - INFO -   Condition: 4200 so far...
2026-04-19 15:18:44,077 - direct_fhir - INFO -   Condition: 4250 so far...
2026-04-19 15:18:44,247 - direct_fhir - INFO -   Condition: 4300 so far...
2026-04-19 15:18:44,433 - direct_fhir - INFO -   Condition: 4350 so far...
2026-04-19 15:18:44,644 - direct_fhir - INFO -   Condition: 4400 so far...
2026-04-19 15:18:44,829 - direct_fhir - INFO -   Condition: 4450 so far...
2026-04-19 15:18:45,014 - direct_fhir - INFO -   Condition: 4500 so far...
2026-04-19 15:18:45,208 - direct_fhir - INFO -   Condition: 4550 so far...
2026-04-19 15:18:45,397 - direct_fhir - INFO -   Condition: 4600 so far...
2026-04-19 15:18:45,679 - direct_fhir - INFO -   Condition: 4650 so far...
2026-04-19 15:18:45,850 - direct_fhir - INFO -   Condition: 4700 so far...
2026-04-19 15:18:46,027 - direct_fhir - INFO -   Condition: 4750 so far...
2026-04-19 15:18:46,182 - direct_fhir - INFO -   Condition: 4800 so far...
2026-04-19 15:18:46,367 - direct_fhir - INFO -   Condition: 4850 so far...
2026-04-19 15:18:46,560 - direct_fhir - INFO -   Condition: 4900 so far...
2026-04-19 15:18:46,821 - direct_fhir - INFO -   Condition: 4950 so far...
2026-04-19 15:18:47,014 - direct_fhir - INFO -   Condition: 5000 so far...
2026-04-19 15:18:47,203 - direct_fhir - INFO -   Condition: 5050 so far...
2026-04-19 15:18:47,369 - direct_fhir - INFO -   Condition: 5100 so far...
2026-04-19 15:18:47,568 - direct_fhir - INFO -   Condition: 5150 so far...
2026-04-19 15:18:47,761 - direct_fhir - INFO -   Condition: 5200 so far...
2026-04-19 15:18:47,986 - direct_fhir - INFO -   Condition: 5250 so far...
2026-04-19 15:18:48,176 - direct_fhir - INFO -   Condition: 5300 so far...
2026-04-19 15:18:48,324 - direct_fhir - INFO -   Condition: 5350 so far...
2026-04-19 15:18:48,505 - direct_fhir - INFO -   Condition: 5400 so far...
2026-04-19 15:18:48,704 - direct_fhir - INFO -   Condition: 5450 so far...
2026-04-19 15:18:48,878 - direct_fhir - INFO -   Condition: 5500 so far...
2026-04-19 15:18:49,051 - direct_fhir - INFO -   Condition: 5550 so far...
2026-04-19 15:18:49,206 - direct_fhir - INFO -   Condition: 5600 so far...
2026-04-19 15:18:49,380 - direct_fhir - INFO -   Condition: 5650 so far...
2026-04-19 15:18:49,579 - direct_fhir - INFO -   Condition: 5700 so far...
2026-04-19 15:18:49,758 - direct_fhir - INFO -   Condition: 5750 so far...
2026-04-19 15:18:49,961 - direct_fhir - INFO -   Condition: 5800 so far...
2026-04-19 15:18:50,159 - direct_fhir - INFO -   Condition: 5850 so far...
2026-04-19 15:18:50,375 - direct_fhir - INFO -   Condition: 5900 so far...
2026-04-19 15:18:50,565 - direct_fhir - INFO -   Condition: 5950 so far...
2026-04-19 15:18:50,774 - direct_fhir - INFO -   Condition: 6000 so far...
2026-04-19 15:18:51,016 - direct_fhir - INFO -   Condition: 6050 so far...
2026-04-19 15:18:51,201 - direct_fhir - INFO -   Condition: 6100 so far...
2026-04-19 15:18:51,393 - direct_fhir - INFO -   Condition: 6150 so far...
2026-04-19 15:18:51,618 - direct_fhir - INFO -   Condition: 6200 so far...
2026-04-19 15:18:51,812 - direct_fhir - INFO -   Condition: 6250 so far...
2026-04-19 15:18:52,008 - direct_fhir - INFO -   Condition: 6300 so far...
2026-04-19 15:18:52,215 - direct_fhir - INFO -   Condition: 6350 so far...
2026-04-19 15:18:52,416 - direct_fhir - INFO -   Condition: 6400 so far...
2026-04-19 15:18:52,585 - direct_fhir - INFO -   Condition: 6450 so far...
2026-04-19 15:18:52,763 - direct_fhir - INFO -   Condition: 6500 so far...
2026-04-19 15:18:52,949 - direct_fhir - INFO -   Condition: 6550 so far...
2026-04-19 15:18:53,150 - direct_fhir - INFO -   Condition: 6600 so far...
2026-04-19 15:18:53,299 - direct_fhir - INFO -   Condition: 6650 so far...
2026-04-19 15:18:53,458 - direct_fhir - INFO -   Condition: 6700 so far...
2026-04-19 15:18:53,629 - direct_fhir - INFO -   Condition: 6750 so far...
2026-04-19 15:18:53,867 - direct_fhir - INFO -   Condition: 6800 so far...
2026-04-19 15:18:54,434 - direct_fhir - INFO -   Condition: 6850 so far...
2026-04-19 15:18:54,636 - direct_fhir - INFO -   Condition: 6900 so far...
2026-04-19 15:18:54,861 - direct_fhir - INFO -   Condition: 6950 so far...
2026-04-19 15:18:55,145 - direct_fhir - INFO -   Condition: 7000 so far...
2026-04-19 15:18:55,415 - direct_fhir - INFO -   Condition: 7050 so far...
2026-04-19 15:18:55,682 - direct_fhir - INFO -   Condition: 7100 so far...
2026-04-19 15:18:55,995 - direct_fhir - INFO -   Condition: 7150 so far...
2026-04-19 15:18:56,312 - direct_fhir - INFO -   Condition: 7200 so far...
2026-04-19 15:18:56,640 - direct_fhir - INFO -   Condition: 7250 so far...
2026-04-19 15:18:56,849 - direct_fhir - INFO -   Condition: 7300 so far...
2026-04-19 15:18:57,052 - direct_fhir - INFO -   Condition: 7350 so far...
2026-04-19 15:18:57,260 - direct_fhir - INFO -   Condition: 7400 so far...
2026-04-19 15:18:57,459 - direct_fhir - INFO -   Condition: 7450 so far...
2026-04-19 15:18:57,646 - direct_fhir - INFO -   Condition: 7500 so far...
2026-04-19 15:18:57,809 - direct_fhir - INFO -   Condition: 7550 so far...
2026-04-19 15:18:58,934 - direct_fhir - INFO -   Condition: 7600 so far...
2026-04-19 15:18:59,174 - direct_fhir - INFO -   Condition: 7650 so far...
2026-04-19 15:18:59,396 - direct_fhir - INFO -   Condition: 7700 so far...
2026-04-19 15:18:59,587 - direct_fhir - INFO -   Condition: 7750 so far...
2026-04-19 15:18:59,819 - direct_fhir - INFO -   Condition: 7800 so far...
2026-04-19 15:19:00,085 - direct_fhir - INFO -   Condition: 7850 so far...
2026-04-19 15:19:00,314 - direct_fhir - INFO -   Condition: 7900 so far...
2026-04-19 15:19:00,513 - direct_fhir - INFO -   Condition: 7950 so far...
2026-04-19 15:19:00,763 - direct_fhir - INFO -   Condition: 8000 so far...
2026-04-19 15:19:01,009 - direct_fhir - INFO -   Condition: 8050 so far...
2026-04-19 15:19:01,352 - direct_fhir - INFO -   Condition: 8100 so far...
2026-04-19 15:19:01,558 - direct_fhir - INFO -   Condition: 8150 so far...
2026-04-19 15:19:01,740 - direct_fhir - INFO -   Condition: 8200 so far...
2026-04-19 15:19:01,941 - direct_fhir - INFO -   Condition: 8250 so far...
2026-04-19 15:19:02,189 - direct_fhir - INFO -   Condition: 8300 so far...
2026-04-19 15:19:02,392 - direct_fhir - INFO -   Condition: 8350 so far...
2026-04-19 15:19:02,541 - direct_fhir - INFO -   Condition: 8400 so far...
2026-04-19 15:19:02,700 - direct_fhir - INFO -   Condition: 8450 so far...
2026-04-19 15:19:02,854 - direct_fhir - INFO -   Condition: 8500 so far...
2026-04-19 15:19:03,016 - direct_fhir - INFO -   Condition: 8550 so far...
2026-04-19 15:19:03,175 - direct_fhir - INFO -   Condition: 8600 so far...
2026-04-19 15:19:03,345 - direct_fhir - INFO -   Condition: 8650 so far...
2026-04-19 15:19:03,618 - direct_fhir - INFO -   Condition: 8700 so far...
2026-04-19 15:19:03,812 - direct_fhir - INFO -   Condition: 8750 so far...
2026-04-19 15:19:04,006 - direct_fhir - INFO -   Condition: 8800 so far...
2026-04-19 15:19:04,171 - direct_fhir - INFO -   Condition: 8850 so far...
2026-04-19 15:19:04,386 - direct_fhir - INFO -   Condition: 8900 so far...
2026-04-19 15:19:04,535 - direct_fhir - INFO -   Condition: 8950 so far...
2026-04-19 15:19:04,731 - direct_fhir - INFO -   Condition: 9000 so far...
2026-04-19 15:19:04,880 - direct_fhir - INFO -   Condition: 9050 so far...
2026-04-19 15:19:05,061 - direct_fhir - INFO -   Condition: 9100 so far...
2026-04-19 15:19:05,232 - direct_fhir - INFO -   Condition: 9150 so far...
2026-04-19 15:19:05,393 - direct_fhir - INFO -   Condition: 9200 so far...
2026-04-19 15:19:05,550 - direct_fhir - INFO -   Condition: 9250 so far...
2026-04-19 15:19:05,735 - direct_fhir - INFO -   Condition: 9300 so far...
2026-04-19 15:19:05,888 - direct_fhir - INFO -   Condition: 9350 so far...
2026-04-19 15:19:06,058 - direct_fhir - INFO -   Condition: 9400 so far...
2026-04-19 15:19:06,271 - direct_fhir - INFO -   Condition: 9450 so far...
2026-04-19 15:19:06,431 - direct_fhir - INFO -   Condition: 9500 so far...
2026-04-19 15:19:06,572 - direct_fhir - INFO -   Condition: 9550 so far...
2026-04-19 15:19:06,753 - direct_fhir - INFO -   Condition: 9600 so far...
2026-04-19 15:19:06,937 - direct_fhir - INFO -   Condition: 9650 so far...
2026-04-19 15:19:07,114 - direct_fhir - INFO -   Condition: 9700 so far...
2026-04-19 15:19:07,303 - direct_fhir - INFO -   Condition: 9750 so far...
2026-04-19 15:19:07,464 - direct_fhir - INFO -   Condition: 9800 so far...
2026-04-19 15:19:07,648 - direct_fhir - INFO -   Condition: 9850 so far...
2026-04-19 15:19:07,799 - direct_fhir - INFO -   Condition: 9900 so far...
2026-04-19 15:19:07,978 - direct_fhir - INFO -   Condition: 9950 so far...
2026-04-19 15:19:08,146 - direct_fhir - INFO -   Condition: 10000 so far...
2026-04-19 15:19:08,295 - direct_fhir - INFO -   Condition: 10050 so far...
2026-04-19 15:19:08,447 - direct_fhir - INFO -   Condition: 10100 so far...
2026-04-19 15:19:08,602 - direct_fhir - INFO -   Condition: 10150 so far...
2026-04-19 15:19:08,771 - direct_fhir - INFO -   Condition: 10200 so far...
2026-04-19 15:19:08,936 - direct_fhir - INFO -   Condition: 10250 so far...
2026-04-19 15:19:09,097 - direct_fhir - INFO -   Condition: 10300 so far...
2026-04-19 15:19:09,288 - direct_fhir - INFO -   Condition: 10350 so far...
2026-04-19 15:19:09,450 - direct_fhir - INFO -   Condition: 10400 so far...
2026-04-19 15:19:09,622 - direct_fhir - INFO -   Condition: 10450 so far...
2026-04-19 15:19:09,785 - direct_fhir - INFO -   Condition: 10500 so far...
2026-04-19 15:19:09,974 - direct_fhir - INFO -   Condition: 10550 so far...
2026-04-19 15:19:10,131 - direct_fhir - INFO -   Condition: 10600 so far...
2026-04-19 15:19:10,317 - direct_fhir - INFO -   Condition: 10650 so far...
2026-04-19 15:19:10,472 - direct_fhir - INFO -   Condition: 10700 so far...
2026-04-19 15:19:10,632 - direct_fhir - INFO -   Condition: 10750 so far...
2026-04-19 15:19:10,785 - direct_fhir - INFO -   Condition: 10800 so far...
2026-04-19 15:19:10,965 - direct_fhir - INFO -   Condition: 10850 so far...
2026-04-19 15:19:11,142 - direct_fhir - INFO -   Condition: 10900 so far...
2026-04-19 15:19:11,296 - direct_fhir - INFO -   Condition: 10950 so far...
2026-04-19 15:19:11,485 - direct_fhir - INFO -   Condition: 11000 so far...
2026-04-19 15:19:11,662 - direct_fhir - INFO -   Condition: 11050 so far...
2026-04-19 15:19:11,867 - direct_fhir - INFO -   Condition: 11100 so far...
2026-04-19 15:19:12,020 - direct_fhir - INFO -   Condition: 11150 so far...
2026-04-19 15:19:12,207 - direct_fhir - INFO -   Condition: 11200 so far...
2026-04-19 15:19:12,376 - direct_fhir - INFO -   Condition: 11250 so far...
2026-04-19 15:19:12,556 - direct_fhir - INFO -   Condition: 11300 so far...
2026-04-19 15:19:12,694 - direct_fhir - INFO -   Condition: 11350 so far...
2026-04-19 15:19:12,844 - direct_fhir - INFO -   Condition: 11400 so far...
2026-04-19 15:19:13,051 - direct_fhir - INFO -   Condition: 11450 so far...
2026-04-19 15:19:13,217 - direct_fhir - INFO -   Condition: 11500 so far...
2026-04-19 15:19:13,412 - direct_fhir - INFO -   Condition: 11550 so far...
2026-04-19 15:19:13,571 - direct_fhir - INFO -   Condition: 11600 so far...
2026-04-19 15:19:13,750 - direct_fhir - INFO -   Condition: 11650 so far...
2026-04-19 15:19:13,933 - direct_fhir - INFO -   Condition: 11700 so far...
2026-04-19 15:19:14,100 - direct_fhir - INFO -   Condition: 11750 so far...
2026-04-19 15:19:14,315 - direct_fhir - INFO -   Condition: 11800 so far...
2026-04-19 15:19:14,487 - direct_fhir - INFO -   Condition: 11850 so far...
2026-04-19 15:19:14,658 - direct_fhir - INFO -   Condition: 11900 so far...
2026-04-19 15:19:14,803 - direct_fhir - INFO -   Condition: 11950 so far...
2026-04-19 15:19:14,976 - direct_fhir - INFO -   Condition: 12000 so far...
2026-04-19 15:19:15,131 - direct_fhir - INFO -   Condition: 12050 so far...
2026-04-19 15:19:15,279 - direct_fhir - INFO -   Condition: 12100 so far...
2026-04-19 15:19:15,443 - direct_fhir - INFO -   Condition: 12150 so far...
2026-04-19 15:19:15,614 - direct_fhir - INFO -   Condition: 12200 so far...
2026-04-19 15:19:15,789 - direct_fhir - INFO -   Condition: 12250 so far...
2026-04-19 15:19:15,983 - direct_fhir - INFO -   Condition: 12300 so far...
2026-04-19 15:19:16,162 - direct_fhir - INFO -   Condition: 12350 so far...
2026-04-19 15:19:16,340 - direct_fhir - INFO -   Condition: 12400 so far...
2026-04-19 15:19:16,481 - direct_fhir - INFO -   Condition: 12450 so far...
2026-04-19 15:19:16,631 - direct_fhir - INFO -   Condition: 12500 so far...
2026-04-19 15:19:16,786 - direct_fhir - INFO -   Condition: 12550 so far...
2026-04-19 15:19:16,930 - direct_fhir - INFO -   Condition: 12600 so far...
2026-04-19 15:19:17,080 - direct_fhir - INFO -   Condition: 12650 so far...
2026-04-19 15:19:17,261 - direct_fhir - INFO -   Condition: 12700 so far...
2026-04-19 15:19:17,407 - direct_fhir - INFO -   Condition: 12750 so far...
2026-04-19 15:19:17,581 - direct_fhir - INFO -   Condition: 12800 so far...
2026-04-19 15:19:17,733 - direct_fhir - INFO -   Condition: 12850 so far...
2026-04-19 15:19:17,880 - direct_fhir - INFO -   Condition: 12900 so far...
2026-04-19 15:19:18,034 - direct_fhir - INFO -   Condition: 12950 so far...
2026-04-19 15:19:18,219 - direct_fhir - INFO -   Condition: 13000 so far...
2026-04-19 15:19:18,417 - direct_fhir - INFO -   Condition: 13050 so far...
2026-04-19 15:19:18,562 - direct_fhir - INFO -   Condition: 13089 so far...
[ALL-PATIENTS] Condition: fetched 13089 records
2026-04-19 15:19:18,683 - direct_fhir - INFO -   Consent: 0 so far...
[ALL-PATIENTS] Consent: fetched 0 records
2026-04-19 15:19:18,817 - direct_fhir - INFO -   Contract: 0 so far...
[ALL-PATIENTS] Contract: fetched 0 records
2026-04-19 15:19:18,926 - direct_fhir - INFO -   Coverage: 0 so far...
[ALL-PATIENTS] Coverage: fetched 0 records
2026-04-19 15:19:19,059 - direct_fhir - INFO -   CoverageEligibilityRequest: 0 so far...
[ALL-PATIENTS] CoverageEligibilityRequest: fetched 0 records
2026-04-19 15:19:19,182 - direct_fhir - INFO -   CoverageEligibilityResponse: 0 so far...
[ALL-PATIENTS] CoverageEligibilityResponse: fetched 0 records
2026-04-19 15:19:19,319 - direct_fhir - INFO -   DetectedIssue: 0 so far...
[ALL-PATIENTS] DetectedIssue: fetched 0 records
2026-04-19 15:19:19,428 - direct_fhir - INFO -   Device: 0 so far...
[ALL-PATIENTS] Device: fetched 0 records
2026-04-19 15:19:19,528 - direct_fhir - INFO -   DeviceRequest: 0 so far...
[ALL-PATIENTS] DeviceRequest: fetched 0 records
2026-04-19 15:19:19,646 - direct_fhir - INFO -   DeviceUseStatement: 0 so far...
[ALL-PATIENTS] DeviceUseStatement: fetched 0 records
2026-04-19 15:19:19,761 - direct_fhir - INFO -   DiagnosticReport: 0 so far...
[ALL-PATIENTS] DiagnosticReport: fetched 0 records
2026-04-19 15:19:19,858 - direct_fhir - INFO -   DocumentManifest: 0 so far...
[ALL-PATIENTS] DocumentManifest: fetched 0 records
2026-04-19 15:19:19,942 - direct_fhir - INFO -   DocumentReference: 0 so far...
[ALL-PATIENTS] DocumentReference: fetched 0 records
2026-04-19 15:19:20,107 - direct_fhir - INFO -   Encounter: 50 so far...
2026-04-19 15:19:20,825 - direct_fhir - INFO -   Encounter: 100 so far...
2026-04-19 15:19:20,980 - direct_fhir - INFO -   Encounter: 150 so far...
2026-04-19 15:19:21,160 - direct_fhir - INFO -   Encounter: 200 so far...
2026-04-19 15:19:21,321 - direct_fhir - INFO -   Encounter: 250 so far...
2026-04-19 15:19:21,503 - direct_fhir - INFO -   Encounter: 300 so far...
2026-04-19 15:19:21,710 - direct_fhir - INFO -   Encounter: 350 so far...
2026-04-19 15:19:21,866 - direct_fhir - INFO -   Encounter: 359 so far...
[ALL-PATIENTS] Encounter: fetched 359 records
2026-04-19 15:19:21,981 - direct_fhir - INFO -   EnrollmentRequest: 0 so far...
[ALL-PATIENTS] EnrollmentRequest: fetched 0 records
2026-04-19 15:19:22,095 - direct_fhir - INFO -   EpisodeOfCare: 0 so far...
[ALL-PATIENTS] EpisodeOfCare: fetched 0 records
2026-04-19 15:19:22,225 - direct_fhir - INFO -   ExplanationOfBenefit: 0 so far...
[ALL-PATIENTS] ExplanationOfBenefit: fetched 0 records
2026-04-19 15:19:22,337 - direct_fhir - INFO -   FamilyMemberHistory: 0 so far...
[ALL-PATIENTS] FamilyMemberHistory: fetched 0 records
2026-04-19 15:19:22,527 - direct_fhir - INFO -   Flag: 50 so far...
2026-04-19 15:19:23,276 - direct_fhir - INFO -   Flag: 100 so far...
2026-04-19 15:19:23,469 - direct_fhir - INFO -   Flag: 150 so far...
2026-04-19 15:19:23,646 - direct_fhir - INFO -   Flag: 200 so far...
2026-04-19 15:19:23,855 - direct_fhir - INFO -   Flag: 250 so far...
2026-04-19 15:19:24,034 - direct_fhir - INFO -   Flag: 300 so far...
2026-04-19 15:19:24,259 - direct_fhir - INFO -   Flag: 350 so far...
2026-04-19 15:19:24,491 - direct_fhir - INFO -   Flag: 400 so far...
2026-04-19 15:19:24,731 - direct_fhir - INFO -   Flag: 450 so far...
2026-04-19 15:19:24,903 - direct_fhir - INFO -   Flag: 500 so far...
2026-04-19 15:19:25,610 - direct_fhir - INFO -   Flag: 533 so far...
[ALL-PATIENTS] Flag: fetched 533 records
2026-04-19 15:19:25,761 - direct_fhir - INFO -   Goal: 42 so far...
[ALL-PATIENTS] Goal: fetched 42 records
2026-04-19 15:19:25,876 - direct_fhir - INFO -   GuidanceResponse: 0 so far...
[ALL-PATIENTS] GuidanceResponse: fetched 0 records
2026-04-19 15:19:25,992 - direct_fhir - INFO -   ImagingStudy: 0 so far...
[ALL-PATIENTS] ImagingStudy: fetched 0 records
2026-04-19 15:19:26,119 - direct_fhir - INFO -   Immunization: 0 so far...
[ALL-PATIENTS] Immunization: fetched 0 records
2026-04-19 15:19:26,220 - direct_fhir - INFO -   ImmunizationEvaluation: 0 so far...
[ALL-PATIENTS] ImmunizationEvaluation: fetched 0 records
2026-04-19 15:19:26,326 - direct_fhir - INFO -   ImmunizationRecommendation: 0 so far...
[ALL-PATIENTS] ImmunizationRecommendation: fetched 0 records
2026-04-19 15:19:26,451 - direct_fhir - INFO -   Invoice: 0 so far...
[ALL-PATIENTS] Invoice: fetched 0 records
2026-04-19 15:19:26,645 - direct_fhir - INFO -   List: 50 so far...
2026-04-19 15:19:27,343 - direct_fhir - INFO -   List: 100 so far...
2026-04-19 15:19:27,533 - direct_fhir - INFO -   List: 150 so far...
2026-04-19 15:19:27,699 - direct_fhir - INFO -   List: 200 so far...
2026-04-19 15:19:27,883 - direct_fhir - INFO -   List: 250 so far...
2026-04-19 15:19:28,046 - direct_fhir - INFO -   List: 282 so far...
[ALL-PATIENTS] List: fetched 282 records
2026-04-19 15:19:28,163 - direct_fhir - INFO -   MeasureReport: 0 so far...
[ALL-PATIENTS] MeasureReport: fetched 0 records
2026-04-19 15:19:30,751 - direct_fhir - INFO -   Media: 50 so far...
2026-04-19 15:19:33,487 - direct_fhir - INFO -   Media: 100 so far...
2026-04-19 15:19:35,820 - direct_fhir - INFO -   Media: 150 so far...
2026-04-19 15:19:37,167 - direct_fhir - INFO -   Media: 200 so far...
2026-04-19 15:19:38,327 - direct_fhir - INFO -   Media: 250 so far...
2026-04-19 15:19:39,584 - direct_fhir - INFO -   Media: 300 so far...
2026-04-19 15:19:41,137 - direct_fhir - INFO -   Media: 350 so far...
2026-04-19 15:19:42,735 - direct_fhir - INFO -   Media: 400 so far...
2026-04-19 15:19:44,099 - direct_fhir - INFO -   Media: 450 so far...
2026-04-19 15:19:44,946 - direct_fhir - INFO -   Media: 482 so far...
[ALL-PATIENTS] Media: fetched 482 records
2026-04-19 15:19:45,144 - direct_fhir - INFO -   MedicationAdministration: 50 so far...
2026-04-19 15:19:45,895 - direct_fhir - INFO -   MedicationAdministration: 100 so far...
2026-04-19 15:19:46,089 - direct_fhir - INFO -   MedicationAdministration: 117 so far...
[ALL-PATIENTS] MedicationAdministration: fetched 117 records
2026-04-19 15:19:46,247 - direct_fhir - INFO -   MedicationDispense: 0 so far...
[ALL-PATIENTS] MedicationDispense: fetched 0 records
2026-04-19 15:19:46,417 - direct_fhir - INFO -   MedicationRequest: 50 so far...
2026-04-19 15:19:47,141 - direct_fhir - INFO -   MedicationRequest: 100 so far...
2026-04-19 15:19:47,308 - direct_fhir - INFO -   MedicationRequest: 130 so far...
[ALL-PATIENTS] MedicationRequest: fetched 130 records
2026-04-19 15:19:47,438 - direct_fhir - INFO -   MedicationStatement: 0 so far...
[ALL-PATIENTS] MedicationStatement: fetched 0 records
2026-04-19 15:19:47,586 - direct_fhir - INFO -   MedicinalProductAuthorization: 0 so far...
[ALL-PATIENTS] MedicinalProductAuthorization: fetched 0 records
2026-04-19 15:19:47,727 - direct_fhir - INFO -   MedicinalProductContraindication: 0 so far...
[ALL-PATIENTS] MedicinalProductContraindication: fetched 0 records
2026-04-19 15:19:47,872 - direct_fhir - INFO -   MedicinalProductIndication: 0 so far...
[ALL-PATIENTS] MedicinalProductIndication: fetched 0 records
2026-04-19 15:19:48,032 - direct_fhir - INFO -   MedicinalProductInteraction: 0 so far...
[ALL-PATIENTS] MedicinalProductInteraction: fetched 0 records
2026-04-19 15:19:48,147 - direct_fhir - INFO -   MedicinalProductPackaged: 0 so far...
[ALL-PATIENTS] MedicinalProductPackaged: fetched 0 records
2026-04-19 15:19:48,282 - direct_fhir - INFO -   MedicinalProductUndesirableEffect: 0 so far...
[ALL-PATIENTS] MedicinalProductUndesirableEffect: fetched 0 records
2026-04-19 15:19:48,426 - direct_fhir - INFO -   MolecularSequence: 0 so far...
[ALL-PATIENTS] MolecularSequence: fetched 0 records
2026-04-19 15:19:48,580 - direct_fhir - INFO -   NutritionOrder: 0 so far...
[ALL-PATIENTS] NutritionOrder: fetched 0 records
2026-04-19 15:19:48,766 - direct_fhir - INFO -   Observation: 50 so far...
2026-04-19 15:19:49,522 - direct_fhir - INFO -   Observation: 100 so far...
2026-04-19 15:19:49,749 - direct_fhir - INFO -   Observation: 150 so far...
2026-04-19 15:19:49,993 - direct_fhir - INFO -   Observation: 200 so far...
2026-04-19 15:19:50,180 - direct_fhir - INFO -   Observation: 250 so far...
2026-04-19 15:19:50,376 - direct_fhir - INFO -   Observation: 300 so far...
2026-04-19 15:19:50,572 - direct_fhir - INFO -   Observation: 350 so far...
2026-04-19 15:19:50,748 - direct_fhir - INFO -   Observation: 400 so far...
2026-04-19 15:19:50,936 - direct_fhir - INFO -   Observation: 450 so far...
2026-04-19 15:19:51,136 - direct_fhir - INFO -   Observation: 500 so far...
2026-04-19 15:19:52,023 - direct_fhir - INFO -   Observation: 550 so far...
2026-04-19 15:19:52,215 - direct_fhir - INFO -   Observation: 600 so far...
2026-04-19 15:19:52,504 - direct_fhir - INFO -   Observation: 650 so far...
2026-04-19 15:19:52,737 - direct_fhir - INFO -   Observation: 700 so far...
2026-04-19 15:19:52,975 - direct_fhir - INFO -   Observation: 750 so far...
2026-04-19 15:19:53,184 - direct_fhir - INFO -   Observation: 800 so far...
2026-04-19 15:19:53,362 - direct_fhir - INFO -   Observation: 850 so far...
2026-04-19 15:19:53,530 - direct_fhir - INFO -   Observation: 900 so far...
2026-04-19 15:19:53,733 - direct_fhir - INFO -   Observation: 950 so far...
2026-04-19 15:19:53,936 - direct_fhir - INFO -   Observation: 1000 so far...
2026-04-19 15:19:54,134 - direct_fhir - INFO -   Observation: 1050 so far...
2026-04-19 15:19:54,308 - direct_fhir - INFO -   Observation: 1100 so far...
2026-04-19 15:19:54,506 - direct_fhir - INFO -   Observation: 1150 so far...
2026-04-19 15:19:54,674 - direct_fhir - INFO -   Observation: 1200 so far...
2026-04-19 15:19:54,868 - direct_fhir - INFO -   Observation: 1250 so far...
2026-04-19 15:19:55,054 - direct_fhir - INFO -   Observation: 1300 so far...
2026-04-19 15:19:55,284 - direct_fhir - INFO -   Observation: 1350 so far...
2026-04-19 15:19:55,459 - direct_fhir - INFO -   Observation: 1400 so far...
2026-04-19 15:19:55,655 - direct_fhir - INFO -   Observation: 1450 so far...
2026-04-19 15:19:55,878 - direct_fhir - INFO -   Observation: 1500 so far...
2026-04-19 15:19:56,097 - direct_fhir - INFO -   Observation: 1550 so far...
2026-04-19 15:19:56,267 - direct_fhir - INFO -   Observation: 1600 so far...
2026-04-19 15:19:56,457 - direct_fhir - INFO -   Observation: 1650 so far...
2026-04-19 15:19:56,694 - direct_fhir - INFO -   Observation: 1700 so far...
2026-04-19 15:19:56,962 - direct_fhir - INFO -   Observation: 1750 so far...
2026-04-19 15:19:57,140 - direct_fhir - INFO -   Observation: 1800 so far...
2026-04-19 15:19:57,319 - direct_fhir - INFO -   Observation: 1850 so far...
2026-04-19 15:19:57,505 - direct_fhir - INFO -   Observation: 1900 so far...
2026-04-19 15:19:57,685 - direct_fhir - INFO -   Observation: 1950 so far...
2026-04-19 15:19:57,868 - direct_fhir - INFO -   Observation: 2000 so far...
2026-04-19 15:19:58,795 - direct_fhir - INFO -   Observation: 2050 so far...
2026-04-19 15:19:58,965 - direct_fhir - INFO -   Observation: 2100 so far...
2026-04-19 15:19:59,204 - direct_fhir - INFO -   Observation: 2150 so far...
2026-04-19 15:19:59,356 - direct_fhir - INFO -   Observation: 2200 so far...
2026-04-19 15:19:59,517 - direct_fhir - INFO -   Observation: 2250 so far...
2026-04-19 15:19:59,712 - direct_fhir - INFO -   Observation: 2300 so far...
2026-04-19 15:19:59,881 - direct_fhir - INFO -   Observation: 2350 so far...
2026-04-19 15:20:00,246 - direct_fhir - INFO -   Observation: 2400 so far...
2026-04-19 15:20:00,403 - direct_fhir - INFO -   Observation: 2450 so far...
2026-04-19 15:20:00,566 - direct_fhir - INFO -   Observation: 2500 so far...
2026-04-19 15:20:00,718 - direct_fhir - INFO -   Observation: 2550 so far...
2026-04-19 15:20:00,901 - direct_fhir - INFO -   Observation: 2600 so far...
2026-04-19 15:20:01,127 - direct_fhir - INFO -   Observation: 2650 so far...
2026-04-19 15:20:01,289 - direct_fhir - INFO -   Observation: 2700 so far...
2026-04-19 15:20:01,464 - direct_fhir - INFO -   Observation: 2750 so far...
2026-04-19 15:20:01,677 - direct_fhir - INFO -   Observation: 2800 so far...
2026-04-19 15:20:01,840 - direct_fhir - INFO -   Observation: 2850 so far...
2026-04-19 15:20:02,054 - direct_fhir - INFO -   Observation: 2900 so far...
2026-04-19 15:20:02,229 - direct_fhir - INFO -   Observation: 2950 so far...
2026-04-19 15:20:02,409 - direct_fhir - INFO -   Observation: 3000 so far...
2026-04-19 15:20:02,727 - direct_fhir - INFO -   Observation: 3050 so far...
2026-04-19 15:20:02,903 - direct_fhir - INFO -   Observation: 3100 so far...
2026-04-19 15:20:03,104 - direct_fhir - INFO -   Observation: 3150 so far...
2026-04-19 15:20:03,290 - direct_fhir - INFO -   Observation: 3200 so far...
2026-04-19 15:20:03,483 - direct_fhir - INFO -   Observation: 3250 so far...
2026-04-19 15:20:03,663 - direct_fhir - INFO -   Observation: 3300 so far...
2026-04-19 15:20:03,863 - direct_fhir - INFO -   Observation: 3350 so far...
2026-04-19 15:20:04,056 - direct_fhir - INFO -   Observation: 3400 so far...
2026-04-19 15:20:04,223 - direct_fhir - INFO -   Observation: 3450 so far...
2026-04-19 15:20:04,399 - direct_fhir - INFO -   Observation: 3500 so far...
2026-04-19 15:20:04,556 - direct_fhir - INFO -   Observation: 3550 so far...
2026-04-19 15:20:04,712 - direct_fhir - INFO -   Observation: 3600 so far...
2026-04-19 15:20:04,879 - direct_fhir - INFO -   Observation: 3650 so far...
2026-04-19 15:20:05,057 - direct_fhir - INFO -   Observation: 3700 so far...
2026-04-19 15:20:05,214 - direct_fhir - INFO -   Observation: 3750 so far...
2026-04-19 15:20:05,382 - direct_fhir - INFO -   Observation: 3800 so far...
2026-04-19 15:20:05,541 - direct_fhir - INFO -   Observation: 3850 so far...
2026-04-19 15:20:05,709 - direct_fhir - INFO -   Observation: 3900 so far...
2026-04-19 15:20:05,897 - direct_fhir - INFO -   Observation: 3950 so far...
2026-04-19 15:20:06,094 - direct_fhir - INFO -   Observation: 4000 so far...
2026-04-19 15:20:06,296 - direct_fhir - INFO -   Observation: 4050 so far...
2026-04-19 15:20:06,503 - direct_fhir - INFO -   Observation: 4100 so far...
2026-04-19 15:20:06,677 - direct_fhir - INFO -   Observation: 4150 so far...
2026-04-19 15:20:06,829 - direct_fhir - INFO -   Observation: 4200 so far...
[ALL-PATIENTS] Observation: fetched 4200 records
2026-04-19 15:20:06,946 - direct_fhir - INFO -   Person: 0 so far...
[ALL-PATIENTS] Person: fetched 0 records
2026-04-19 15:20:07,123 - direct_fhir - INFO -   Procedure: 50 so far...
2026-04-19 15:20:07,910 - direct_fhir - INFO -   Procedure: 100 so far...
2026-04-19 15:20:08,081 - direct_fhir - INFO -   Procedure: 150 so far...
2026-04-19 15:20:08,286 - direct_fhir - INFO -   Procedure: 200 so far...
2026-04-19 15:20:08,473 - direct_fhir - INFO -   Procedure: 250 so far...
2026-04-19 15:20:08,632 - direct_fhir - INFO -   Procedure: 300 so far...
2026-04-19 15:20:08,833 - direct_fhir - INFO -   Procedure: 350 so far...
2026-04-19 15:20:08,992 - direct_fhir - INFO -   Procedure: 400 so far...
2026-04-19 15:20:09,175 - direct_fhir - INFO -   Procedure: 450 so far...
2026-04-19 15:20:09,320 - direct_fhir - INFO -   Procedure: 500 so far...
2026-04-19 15:20:10,124 - direct_fhir - INFO -   Procedure: 550 so far...
2026-04-19 15:20:10,289 - direct_fhir - INFO -   Procedure: 600 so far...
2026-04-19 15:20:10,430 - direct_fhir - INFO -   Procedure: 650 so far...
2026-04-19 15:20:10,613 - direct_fhir - INFO -   Procedure: 700 so far...
2026-04-19 15:20:10,774 - direct_fhir - INFO -   Procedure: 750 so far...
2026-04-19 15:20:10,979 - direct_fhir - INFO -   Procedure: 800 so far...
2026-04-19 15:20:11,191 - direct_fhir - INFO -   Procedure: 850 so far...
2026-04-19 15:20:11,361 - direct_fhir - INFO -   Procedure: 900 so far...
2026-04-19 15:20:11,524 - direct_fhir - INFO -   Procedure: 950 so far...
2026-04-19 15:20:11,712 - direct_fhir - INFO -   Procedure: 1000 so far...
2026-04-19 15:20:11,877 - direct_fhir - INFO -   Procedure: 1050 so far...
2026-04-19 15:20:12,043 - direct_fhir - INFO -   Procedure: 1100 so far...
2026-04-19 15:20:12,232 - direct_fhir - INFO -   Procedure: 1150 so far...
2026-04-19 15:20:12,401 - direct_fhir - INFO -   Procedure: 1200 so far...
2026-04-19 15:20:12,603 - direct_fhir - INFO -   Procedure: 1250 so far...
2026-04-19 15:20:12,799 - direct_fhir - INFO -   Procedure: 1300 so far...
2026-04-19 15:20:13,014 - direct_fhir - INFO -   Procedure: 1350 so far...
2026-04-19 15:20:13,204 - direct_fhir - INFO -   Procedure: 1400 so far...
2026-04-19 15:20:13,384 - direct_fhir - INFO -   Procedure: 1450 so far...
2026-04-19 15:20:13,561 - direct_fhir - INFO -   Procedure: 1500 so far...
2026-04-19 15:20:13,743 - direct_fhir - INFO -   Procedure: 1550 so far...
2026-04-19 15:20:13,930 - direct_fhir - INFO -   Procedure: 1600 so far...
2026-04-19 15:20:14,095 - direct_fhir - INFO -   Procedure: 1650 so far...
2026-04-19 15:20:14,293 - direct_fhir - INFO -   Procedure: 1700 so far...
2026-04-19 15:20:14,486 - direct_fhir - INFO -   Procedure: 1750 so far...
2026-04-19 15:20:14,693 - direct_fhir - INFO -   Procedure: 1800 so far...
2026-04-19 15:20:14,882 - direct_fhir - INFO -   Procedure: 1850 so far...
2026-04-19 15:20:15,094 - direct_fhir - INFO -   Procedure: 1900 so far...
2026-04-19 15:20:15,274 - direct_fhir - INFO -   Procedure: 1950 so far...
2026-04-19 15:20:15,494 - direct_fhir - INFO -   Procedure: 2000 so far...
2026-04-19 15:20:16,317 - direct_fhir - INFO -   Procedure: 2050 so far...
2026-04-19 15:20:16,493 - direct_fhir - INFO -   Procedure: 2100 so far...
2026-04-19 15:20:16,671 - direct_fhir - INFO -   Procedure: 2150 so far...
2026-04-19 15:20:16,862 - direct_fhir - INFO -   Procedure: 2200 so far...
2026-04-19 15:20:17,026 - direct_fhir - INFO -   Procedure: 2250 so far...
2026-04-19 15:20:17,177 - direct_fhir - INFO -   Procedure: 2300 so far...
2026-04-19 15:20:17,343 - direct_fhir - INFO -   Procedure: 2350 so far...
2026-04-19 15:20:17,534 - direct_fhir - INFO -   Procedure: 2400 so far...
2026-04-19 15:20:17,712 - direct_fhir - INFO -   Procedure: 2450 so far...
2026-04-19 15:20:17,874 - direct_fhir - INFO -   Procedure: 2500 so far...
2026-04-19 15:20:18,038 - direct_fhir - INFO -   Procedure: 2550 so far...
2026-04-19 15:20:18,200 - direct_fhir - INFO -   Procedure: 2600 so far...
2026-04-19 15:20:18,374 - direct_fhir - INFO -   Procedure: 2650 so far...
2026-04-19 15:20:18,568 - direct_fhir - INFO -   Procedure: 2700 so far...
2026-04-19 15:20:18,718 - direct_fhir - INFO -   Procedure: 2750 so far...
2026-04-19 15:20:18,860 - direct_fhir - INFO -   Procedure: 2800 so far...
2026-04-19 15:20:19,014 - direct_fhir - INFO -   Procedure: 2850 so far...
2026-04-19 15:20:19,161 - direct_fhir - INFO -   Procedure: 2900 so far...
2026-04-19 15:20:19,323 - direct_fhir - INFO -   Procedure: 2950 so far...
2026-04-19 15:20:19,493 - direct_fhir - INFO -   Procedure: 3000 so far...
2026-04-19 15:20:19,675 - direct_fhir - INFO -   Procedure: 3050 so far...
2026-04-19 15:20:19,843 - direct_fhir - INFO -   Procedure: 3100 so far...
2026-04-19 15:20:19,990 - direct_fhir - INFO -   Procedure: 3150 so far...
2026-04-19 15:20:20,145 - direct_fhir - INFO -   Procedure: 3200 so far...
2026-04-19 15:20:20,308 - direct_fhir - INFO -   Procedure: 3250 so far...
2026-04-19 15:20:20,503 - direct_fhir - INFO -   Procedure: 3300 so far...
2026-04-19 15:20:20,671 - direct_fhir - INFO -   Procedure: 3350 so far...
2026-04-19 15:20:20,855 - direct_fhir - INFO -   Procedure: 3354 so far...
[ALL-PATIENTS] Procedure: fetched 3354 records
2026-04-19 15:20:20,966 - direct_fhir - INFO -   Provenance: 0 so far...
[ALL-PATIENTS] Provenance: fetched 0 records
2026-04-19 15:20:21,328 - direct_fhir - INFO -   QuestionnaireResponse: 50 so far...
2026-04-19 15:20:22,860 - direct_fhir - INFO -   QuestionnaireResponse: 100 so far...
2026-04-19 15:20:23,418 - direct_fhir - INFO -   QuestionnaireResponse: 150 so far...
2026-04-19 15:20:23,813 - direct_fhir - INFO -   QuestionnaireResponse: 200 so far...
2026-04-19 15:20:24,161 - direct_fhir - INFO -   QuestionnaireResponse: 250 so far...
2026-04-19 15:20:24,509 - direct_fhir - INFO -   QuestionnaireResponse: 300 so far...
2026-04-19 15:20:24,879 - direct_fhir - INFO -   QuestionnaireResponse: 350 so far...
2026-04-19 15:20:25,232 - direct_fhir - INFO -   QuestionnaireResponse: 400 so far...
2026-04-19 15:20:25,565 - direct_fhir - INFO -   QuestionnaireResponse: 450 so far...
2026-04-19 15:20:25,930 - direct_fhir - INFO -   QuestionnaireResponse: 500 so far...
2026-04-19 15:20:26,990 - direct_fhir - INFO -   QuestionnaireResponse: 550 so far...
2026-04-19 15:20:27,359 - direct_fhir - INFO -   QuestionnaireResponse: 600 so far...
2026-04-19 15:20:27,710 - direct_fhir - INFO -   QuestionnaireResponse: 650 so far...
2026-04-19 15:20:28,102 - direct_fhir - INFO -   QuestionnaireResponse: 700 so far...
2026-04-19 15:20:28,422 - direct_fhir - INFO -   QuestionnaireResponse: 750 so far...
2026-04-19 15:20:28,765 - direct_fhir - INFO -   QuestionnaireResponse: 800 so far...
2026-04-19 15:20:29,236 - direct_fhir - INFO -   QuestionnaireResponse: 850 so far...
2026-04-19 15:20:29,546 - direct_fhir - INFO -   QuestionnaireResponse: 900 so far...
2026-04-19 15:20:29,946 - direct_fhir - INFO -   QuestionnaireResponse: 950 so far...
2026-04-19 15:20:30,311 - direct_fhir - INFO -   QuestionnaireResponse: 1000 so far...
2026-04-19 15:20:30,658 - direct_fhir - INFO -   QuestionnaireResponse: 1050 so far...
2026-04-19 15:20:30,993 - direct_fhir - INFO -   QuestionnaireResponse: 1100 so far...
2026-04-19 15:20:31,337 - direct_fhir - INFO -   QuestionnaireResponse: 1150 so far...
2026-04-19 15:20:31,679 - direct_fhir - INFO -   QuestionnaireResponse: 1200 so far...
2026-04-19 15:20:32,059 - direct_fhir - INFO -   QuestionnaireResponse: 1250 so far...
2026-04-19 15:20:32,458 - direct_fhir - INFO -   QuestionnaireResponse: 1300 so far...
2026-04-19 15:20:32,829 - direct_fhir - INFO -   QuestionnaireResponse: 1350 so far...
2026-04-19 15:20:33,150 - direct_fhir - INFO -   QuestionnaireResponse: 1400 so far...
2026-04-19 15:20:33,529 - direct_fhir - INFO -   QuestionnaireResponse: 1450 so far...
2026-04-19 15:20:33,901 - direct_fhir - INFO -   QuestionnaireResponse: 1500 so far...
2026-04-19 15:20:34,251 - direct_fhir - INFO -   QuestionnaireResponse: 1550 so far...
2026-04-19 15:20:34,619 - direct_fhir - INFO -   QuestionnaireResponse: 1600 so far...
2026-04-19 15:20:34,978 - direct_fhir - INFO -   QuestionnaireResponse: 1650 so far...
2026-04-19 15:20:35,343 - direct_fhir - INFO -   QuestionnaireResponse: 1700 so far...
2026-04-19 15:20:35,732 - direct_fhir - INFO -   QuestionnaireResponse: 1750 so far...
2026-04-19 15:20:36,056 - direct_fhir - INFO -   QuestionnaireResponse: 1800 so far...
2026-04-19 15:20:36,392 - direct_fhir - INFO -   QuestionnaireResponse: 1850 so far...
2026-04-19 15:20:36,769 - direct_fhir - INFO -   QuestionnaireResponse: 1900 so far...
2026-04-19 15:20:37,225 - direct_fhir - INFO -   QuestionnaireResponse: 1950 so far...
2026-04-19 15:20:37,631 - direct_fhir - INFO -   QuestionnaireResponse: 2000 so far...
2026-04-19 15:20:38,995 - direct_fhir - INFO -   QuestionnaireResponse: 2050 so far...
2026-04-19 15:20:39,382 - direct_fhir - INFO -   QuestionnaireResponse: 2100 so far...
2026-04-19 15:20:39,710 - direct_fhir - INFO -   QuestionnaireResponse: 2150 so far...
2026-04-19 15:20:40,143 - direct_fhir - INFO -   QuestionnaireResponse: 2200 so far...
2026-04-19 15:20:40,501 - direct_fhir - INFO -   QuestionnaireResponse: 2250 so far...
2026-04-19 15:20:40,846 - direct_fhir - INFO -   QuestionnaireResponse: 2300 so far...
2026-04-19 15:20:41,305 - direct_fhir - INFO -   QuestionnaireResponse: 2350 so far...
2026-04-19 15:20:41,763 - direct_fhir - INFO -   QuestionnaireResponse: 2400 so far...
2026-04-19 15:20:42,181 - direct_fhir - INFO -   QuestionnaireResponse: 2450 so far...
2026-04-19 15:20:42,623 - direct_fhir - INFO -   QuestionnaireResponse: 2500 so far...
2026-04-19 15:20:42,956 - direct_fhir - INFO -   QuestionnaireResponse: 2550 so far...
2026-04-19 15:20:43,340 - direct_fhir - INFO -   QuestionnaireResponse: 2600 so far...
2026-04-19 15:20:43,788 - direct_fhir - INFO -   QuestionnaireResponse: 2650 so far...
2026-04-19 15:20:44,323 - direct_fhir - INFO -   QuestionnaireResponse: 2700 so far...
2026-04-19 15:20:44,706 - direct_fhir - INFO -   QuestionnaireResponse: 2750 so far...
2026-04-19 15:20:45,067 - direct_fhir - INFO -   QuestionnaireResponse: 2800 so far...
2026-04-19 15:20:45,459 - direct_fhir - INFO -   QuestionnaireResponse: 2850 so far...
2026-04-19 15:20:45,917 - direct_fhir - INFO -   QuestionnaireResponse: 2900 so far...
2026-04-19 15:20:46,278 - direct_fhir - INFO -   QuestionnaireResponse: 2950 so far...
2026-04-19 15:20:46,600 - direct_fhir - INFO -   QuestionnaireResponse: 3000 so far...
2026-04-19 15:20:46,899 - direct_fhir - INFO -   QuestionnaireResponse: 3050 so far...
2026-04-19 15:20:47,231 - direct_fhir - INFO -   QuestionnaireResponse: 3100 so far...
2026-04-19 15:20:47,640 - direct_fhir - INFO -   QuestionnaireResponse: 3150 so far...
2026-04-19 15:20:47,999 - direct_fhir - INFO -   QuestionnaireResponse: 3200 so far...
2026-04-19 15:20:48,317 - direct_fhir - INFO -   QuestionnaireResponse: 3250 so far...
2026-04-19 15:20:48,688 - direct_fhir - INFO -   QuestionnaireResponse: 3300 so far...
2026-04-19 15:20:49,007 - direct_fhir - INFO -   QuestionnaireResponse: 3350 so far...
2026-04-19 15:20:49,316 - direct_fhir - INFO -   QuestionnaireResponse: 3400 so far...
2026-04-19 15:20:49,681 - direct_fhir - INFO -   QuestionnaireResponse: 3450 so far...
2026-04-19 15:20:50,003 - direct_fhir - INFO -   QuestionnaireResponse: 3500 so far...
2026-04-19 15:20:50,303 - direct_fhir - INFO -   QuestionnaireResponse: 3550 so far...
2026-04-19 15:20:50,592 - direct_fhir - INFO -   QuestionnaireResponse: 3600 so far...
2026-04-19 15:20:50,911 - direct_fhir - INFO -   QuestionnaireResponse: 3650 so far...
2026-04-19 15:20:51,288 - direct_fhir - INFO -   QuestionnaireResponse: 3700 so far...
2026-04-19 15:20:51,642 - direct_fhir - INFO -   QuestionnaireResponse: 3750 so far...
2026-04-19 15:20:51,982 - direct_fhir - INFO -   QuestionnaireResponse: 3800 so far...
2026-04-19 15:20:52,266 - direct_fhir - INFO -   QuestionnaireResponse: 3850 so far...
2026-04-19 15:20:52,568 - direct_fhir - INFO -   QuestionnaireResponse: 3900 so far...
2026-04-19 15:20:52,944 - direct_fhir - INFO -   QuestionnaireResponse: 3950 so far...
2026-04-19 15:20:53,316 - direct_fhir - INFO -   QuestionnaireResponse: 4000 so far...
2026-04-19 15:20:53,660 - direct_fhir - INFO -   QuestionnaireResponse: 4050 so far...
2026-04-19 15:20:53,987 - direct_fhir - INFO -   QuestionnaireResponse: 4100 so far...
2026-04-19 15:20:54,492 - direct_fhir - INFO -   QuestionnaireResponse: 4150 so far...
2026-04-19 15:20:54,846 - direct_fhir - INFO -   QuestionnaireResponse: 4200 so far...
2026-04-19 15:20:55,152 - direct_fhir - INFO -   QuestionnaireResponse: 4250 so far...
2026-04-19 15:20:55,523 - direct_fhir - INFO -   QuestionnaireResponse: 4300 so far...
2026-04-19 15:20:55,884 - direct_fhir - INFO -   QuestionnaireResponse: 4350 so far...
2026-04-19 15:20:56,253 - direct_fhir - INFO -   QuestionnaireResponse: 4400 so far...
2026-04-19 15:20:56,639 - direct_fhir - INFO -   QuestionnaireResponse: 4450 so far...
2026-04-19 15:20:57,001 - direct_fhir - INFO -   QuestionnaireResponse: 4500 so far...
2026-04-19 15:20:57,387 - direct_fhir - INFO -   QuestionnaireResponse: 4550 so far...
2026-04-19 15:20:57,782 - direct_fhir - INFO -   QuestionnaireResponse: 4600 so far...
2026-04-19 15:20:58,191 - direct_fhir - INFO -   QuestionnaireResponse: 4650 so far...
2026-04-19 15:20:59,341 - direct_fhir - INFO -   QuestionnaireResponse: 4700 so far...
2026-04-19 15:20:59,860 - direct_fhir - INFO -   QuestionnaireResponse: 4750 so far...
2026-04-19 15:21:00,328 - direct_fhir - INFO -   QuestionnaireResponse: 4800 so far...
2026-04-19 15:21:00,766 - direct_fhir - INFO -   QuestionnaireResponse: 4850 so far...
2026-04-19 15:21:01,254 - direct_fhir - INFO -   QuestionnaireResponse: 4900 so far...
2026-04-19 15:21:01,719 - direct_fhir - INFO -   QuestionnaireResponse: 4950 so far...
2026-04-19 15:21:02,171 - direct_fhir - INFO -   QuestionnaireResponse: 5000 so far...
2026-04-19 15:21:02,518 - direct_fhir - INFO -   QuestionnaireResponse: 5050 so far...
2026-04-19 15:21:02,889 - direct_fhir - INFO -   QuestionnaireResponse: 5100 so far...
2026-04-19 15:21:03,254 - direct_fhir - INFO -   QuestionnaireResponse: 5150 so far...
2026-04-19 15:21:03,683 - direct_fhir - INFO -   QuestionnaireResponse: 5200 so far...
2026-04-19 15:21:04,024 - direct_fhir - INFO -   QuestionnaireResponse: 5250 so far...
2026-04-19 15:21:04,396 - direct_fhir - INFO -   QuestionnaireResponse: 5300 so far...
2026-04-19 15:21:04,759 - direct_fhir - INFO -   QuestionnaireResponse: 5350 so far...
2026-04-19 15:21:05,202 - direct_fhir - INFO -   QuestionnaireResponse: 5400 so far...
2026-04-19 15:21:05,521 - direct_fhir - INFO -   QuestionnaireResponse: 5450 so far...
2026-04-19 15:21:05,880 - direct_fhir - INFO -   QuestionnaireResponse: 5500 so far...
2026-04-19 15:21:06,288 - direct_fhir - INFO -   QuestionnaireResponse: 5550 so far...
2026-04-19 15:21:06,902 - direct_fhir - INFO -   QuestionnaireResponse: 5600 so far...
2026-04-19 15:21:07,251 - direct_fhir - INFO -   QuestionnaireResponse: 5650 so far...
2026-04-19 15:21:07,649 - direct_fhir - INFO -   QuestionnaireResponse: 5700 so far...
2026-04-19 15:21:08,083 - direct_fhir - INFO -   QuestionnaireResponse: 5750 so far...
2026-04-19 15:21:08,436 - direct_fhir - INFO -   QuestionnaireResponse: 5800 so far...
2026-04-19 15:21:08,848 - direct_fhir - INFO -   QuestionnaireResponse: 5850 so far...
2026-04-19 15:21:09,259 - direct_fhir - INFO -   QuestionnaireResponse: 5900 so far...
2026-04-19 15:21:09,741 - direct_fhir - INFO -   QuestionnaireResponse: 5950 so far...
2026-04-19 15:21:10,163 - direct_fhir - INFO -   QuestionnaireResponse: 6000 so far...
2026-04-19 15:21:10,551 - direct_fhir - INFO -   QuestionnaireResponse: 6050 so far...
2026-04-19 15:21:10,950 - direct_fhir - INFO -   QuestionnaireResponse: 6100 so far...
2026-04-19 15:21:11,421 - direct_fhir - INFO -   QuestionnaireResponse: 6150 so far...
2026-04-19 15:21:11,805 - direct_fhir - INFO -   QuestionnaireResponse: 6200 so far...
2026-04-19 15:21:12,144 - direct_fhir - INFO -   QuestionnaireResponse: 6250 so far...
2026-04-19 15:21:12,537 - direct_fhir - INFO -   QuestionnaireResponse: 6300 so far...
2026-04-19 15:21:12,865 - direct_fhir - INFO -   QuestionnaireResponse: 6350 so far...
2026-04-19 15:21:13,191 - direct_fhir - INFO -   QuestionnaireResponse: 6400 so far...
2026-04-19 15:21:13,598 - direct_fhir - INFO -   QuestionnaireResponse: 6450 so far...
2026-04-19 15:21:13,953 - direct_fhir - INFO -   QuestionnaireResponse: 6500 so far...
2026-04-19 15:21:14,281 - direct_fhir - INFO -   QuestionnaireResponse: 6550 so far...
2026-04-19 15:21:14,702 - direct_fhir - INFO -   QuestionnaireResponse: 6600 so far...
2026-04-19 15:21:14,957 - direct_fhir - INFO -   QuestionnaireResponse: 6650 so far...
2026-04-19 15:21:15,315 - direct_fhir - INFO -   QuestionnaireResponse: 6700 so far...
2026-04-19 15:21:15,625 - direct_fhir - INFO -   QuestionnaireResponse: 6750 so far...
2026-04-19 15:21:16,027 - direct_fhir - INFO -   QuestionnaireResponse: 6800 so far...
2026-04-19 15:21:16,298 - direct_fhir - INFO -   QuestionnaireResponse: 6850 so far...
2026-04-19 15:21:16,665 - direct_fhir - INFO -   QuestionnaireResponse: 6900 so far...
2026-04-19 15:21:17,019 - direct_fhir - INFO -   QuestionnaireResponse: 6950 so far...
2026-04-19 15:21:17,483 - direct_fhir - INFO -   QuestionnaireResponse: 7000 so far...
2026-04-19 15:21:17,887 - direct_fhir - INFO -   QuestionnaireResponse: 7050 so far...
2026-04-19 15:21:18,241 - direct_fhir - INFO -   QuestionnaireResponse: 7100 so far...
2026-04-19 15:21:18,584 - direct_fhir - INFO -   QuestionnaireResponse: 7144 so far...
[ALL-PATIENTS] QuestionnaireResponse: fetched 7144 records
2026-04-19 15:21:18,717 - direct_fhir - INFO -   RelatedPerson: 0 so far...
[ALL-PATIENTS] RelatedPerson: fetched 0 records
2026-04-19 15:21:18,904 - direct_fhir - INFO -   RequestGroup: 0 so far...
[ALL-PATIENTS] RequestGroup: fetched 0 records
2026-04-19 15:21:19,000 - direct_fhir - INFO -   ResearchSubject: 0 so far...
[ALL-PATIENTS] ResearchSubject: fetched 0 records
2026-04-19 15:21:19,204 - direct_fhir - INFO -   RiskAssessment: 50 so far...
2026-04-19 15:21:20,001 - direct_fhir - INFO -   RiskAssessment: 100 so far...
2026-04-19 15:21:20,266 - direct_fhir - INFO -   RiskAssessment: 150 so far...
2026-04-19 15:21:20,512 - direct_fhir - INFO -   RiskAssessment: 200 so far...
2026-04-19 15:21:20,744 - direct_fhir - INFO -   RiskAssessment: 250 so far...
2026-04-19 15:21:20,987 - direct_fhir - INFO -   RiskAssessment: 300 so far...
2026-04-19 15:21:21,220 - direct_fhir - INFO -   RiskAssessment: 350 so far...
2026-04-19 15:21:21,459 - direct_fhir - INFO -   RiskAssessment: 400 so far...
2026-04-19 15:21:21,683 - direct_fhir - INFO -   RiskAssessment: 450 so far...
2026-04-19 15:21:21,945 - direct_fhir - INFO -   RiskAssessment: 500 so far...
2026-04-19 15:21:22,770 - direct_fhir - INFO -   RiskAssessment: 550 so far...
2026-04-19 15:21:23,007 - direct_fhir - INFO -   RiskAssessment: 600 so far...
2026-04-19 15:21:23,216 - direct_fhir - INFO -   RiskAssessment: 650 so far...
2026-04-19 15:21:23,538 - direct_fhir - INFO -   RiskAssessment: 700 so far...
2026-04-19 15:21:23,819 - direct_fhir - INFO -   RiskAssessment: 746 so far...
[ALL-PATIENTS] RiskAssessment: fetched 746 records
2026-04-19 15:21:23,999 - direct_fhir - INFO -   ServiceRequest: 50 so far...
2026-04-19 15:21:24,715 - direct_fhir - INFO -   ServiceRequest: 100 so far...
2026-04-19 15:21:24,952 - direct_fhir - INFO -   ServiceRequest: 150 so far...
2026-04-19 15:21:25,147 - direct_fhir - INFO -   ServiceRequest: 200 so far...
2026-04-19 15:21:25,354 - direct_fhir - INFO -   ServiceRequest: 250 so far...
2026-04-19 15:21:25,534 - direct_fhir - INFO -   ServiceRequest: 300 so far...
2026-04-19 15:21:25,705 - direct_fhir - INFO -   ServiceRequest: 350 so far...
2026-04-19 15:21:25,915 - direct_fhir - INFO -   ServiceRequest: 400 so far...
2026-04-19 15:21:26,106 - direct_fhir - INFO -   ServiceRequest: 450 so far...
2026-04-19 15:21:26,292 - direct_fhir - INFO -   ServiceRequest: 500 so far...
2026-04-19 15:21:27,125 - direct_fhir - INFO -   ServiceRequest: 550 so far...
2026-04-19 15:21:27,312 - direct_fhir - INFO -   ServiceRequest: 600 so far...
2026-04-19 15:21:27,513 - direct_fhir - INFO -   ServiceRequest: 650 so far...
2026-04-19 15:21:27,687 - direct_fhir - INFO -   ServiceRequest: 700 so far...
2026-04-19 15:21:27,914 - direct_fhir - INFO -   ServiceRequest: 750 so far...
2026-04-19 15:21:28,089 - direct_fhir - INFO -   ServiceRequest: 800 so far...
2026-04-19 15:21:28,317 - direct_fhir - INFO -   ServiceRequest: 850 so far...
2026-04-19 15:21:28,554 - direct_fhir - INFO -   ServiceRequest: 900 so far...
2026-04-19 15:21:28,744 - direct_fhir - INFO -   ServiceRequest: 950 so far...
2026-04-19 15:21:28,925 - direct_fhir - INFO -   ServiceRequest: 1000 so far...
2026-04-19 15:21:29,114 - direct_fhir - INFO -   ServiceRequest: 1050 so far...
2026-04-19 15:21:29,319 - direct_fhir - INFO -   ServiceRequest: 1100 so far...
2026-04-19 15:21:29,519 - direct_fhir - INFO -   ServiceRequest: 1150 so far...
2026-04-19 15:21:29,721 - direct_fhir - INFO -   ServiceRequest: 1200 so far...
2026-04-19 15:21:29,910 - direct_fhir - INFO -   ServiceRequest: 1250 so far...
2026-04-19 15:21:30,105 - direct_fhir - INFO -   ServiceRequest: 1300 so far...
2026-04-19 15:21:30,314 - direct_fhir - INFO -   ServiceRequest: 1350 so far...
2026-04-19 15:21:30,493 - direct_fhir - INFO -   ServiceRequest: 1400 so far...
2026-04-19 15:21:30,687 - direct_fhir - INFO -   ServiceRequest: 1450 so far...
2026-04-19 15:21:30,845 - direct_fhir - INFO -   ServiceRequest: 1500 so far...
2026-04-19 15:21:31,009 - direct_fhir - INFO -   ServiceRequest: 1550 so far...
2026-04-19 15:21:31,176 - direct_fhir - INFO -   ServiceRequest: 1600 so far...
2026-04-19 15:21:31,354 - direct_fhir - INFO -   ServiceRequest: 1650 so far...
2026-04-19 15:21:31,515 - direct_fhir - INFO -   ServiceRequest: 1700 so far...
2026-04-19 15:21:31,717 - direct_fhir - INFO -   ServiceRequest: 1750 so far...
2026-04-19 15:21:31,899 - direct_fhir - INFO -   ServiceRequest: 1800 so far...
2026-04-19 15:21:32,083 - direct_fhir - INFO -   ServiceRequest: 1850 so far...
2026-04-19 15:21:32,259 - direct_fhir - INFO -   ServiceRequest: 1900 so far...
2026-04-19 15:21:32,445 - direct_fhir - INFO -   ServiceRequest: 1950 so far...
2026-04-19 15:21:32,637 - direct_fhir - INFO -   ServiceRequest: 2000 so far...
2026-04-19 15:21:33,972 - direct_fhir - INFO -   ServiceRequest: 2050 so far...
2026-04-19 15:21:34,123 - direct_fhir - INFO -   ServiceRequest: 2100 so far...
2026-04-19 15:21:34,287 - direct_fhir - INFO -   ServiceRequest: 2150 so far...
2026-04-19 15:21:34,459 - direct_fhir - INFO -   ServiceRequest: 2200 so far...
2026-04-19 15:21:34,602 - direct_fhir - INFO -   ServiceRequest: 2250 so far...
2026-04-19 15:21:34,802 - direct_fhir - INFO -   ServiceRequest: 2300 so far...
2026-04-19 15:21:34,971 - direct_fhir - INFO -   ServiceRequest: 2350 so far...
2026-04-19 15:21:35,155 - direct_fhir - INFO -   ServiceRequest: 2400 so far...
2026-04-19 15:21:35,327 - direct_fhir - INFO -   ServiceRequest: 2450 so far...
2026-04-19 15:21:35,491 - direct_fhir - INFO -   ServiceRequest: 2500 so far...
2026-04-19 15:21:35,649 - direct_fhir - INFO -   ServiceRequest: 2550 so far...
2026-04-19 15:21:35,823 - direct_fhir - INFO -   ServiceRequest: 2600 so far...
2026-04-19 15:21:35,978 - direct_fhir - INFO -   ServiceRequest: 2650 so far...
2026-04-19 15:21:36,125 - direct_fhir - INFO -   ServiceRequest: 2700 so far...
2026-04-19 15:21:36,319 - direct_fhir - INFO -   ServiceRequest: 2750 so far...
2026-04-19 15:21:36,485 - direct_fhir - INFO -   ServiceRequest: 2800 so far...
2026-04-19 15:21:36,696 - direct_fhir - INFO -   ServiceRequest: 2850 so far...
2026-04-19 15:21:36,873 - direct_fhir - INFO -   ServiceRequest: 2900 so far...
2026-04-19 15:21:37,048 - direct_fhir - INFO -   ServiceRequest: 2950 so far...
2026-04-19 15:21:37,201 - direct_fhir - INFO -   ServiceRequest: 3000 so far...
2026-04-19 15:21:37,365 - direct_fhir - INFO -   ServiceRequest: 3050 so far...
2026-04-19 15:21:37,544 - direct_fhir - INFO -   ServiceRequest: 3100 so far...
2026-04-19 15:21:37,866 - direct_fhir - INFO -   ServiceRequest: 3150 so far...
2026-04-19 15:21:39,029 - direct_fhir - INFO -   ServiceRequest: 3200 so far...
2026-04-19 15:21:39,185 - direct_fhir - INFO -   ServiceRequest: 3250 so far...
2026-04-19 15:21:40,653 - direct_fhir - INFO -   ServiceRequest: 3300 so far...
2026-04-19 15:21:41,281 - direct_fhir - INFO -   ServiceRequest: 3350 so far...
2026-04-19 15:21:41,477 - direct_fhir - INFO -   ServiceRequest: 3400 so far...
2026-04-19 15:21:41,646 - direct_fhir - INFO -   ServiceRequest: 3450 so far...
2026-04-19 15:21:41,807 - direct_fhir - INFO -   ServiceRequest: 3500 so far...
2026-04-19 15:21:41,966 - direct_fhir - INFO -   ServiceRequest: 3550 so far...
2026-04-19 15:21:42,116 - direct_fhir - INFO -   ServiceRequest: 3600 so far...
2026-04-19 15:21:42,280 - direct_fhir - INFO -   ServiceRequest: 3650 so far...
2026-04-19 15:21:42,417 - direct_fhir - INFO -   ServiceRequest: 3700 so far...
2026-04-19 15:21:42,583 - direct_fhir - INFO -   ServiceRequest: 3750 so far...
2026-04-19 15:21:42,750 - direct_fhir - INFO -   ServiceRequest: 3800 so far...
2026-04-19 15:21:43,049 - direct_fhir - INFO -   ServiceRequest: 3850 so far...
2026-04-19 15:21:43,250 - direct_fhir - INFO -   ServiceRequest: 3900 so far...
2026-04-19 15:21:43,400 - direct_fhir - INFO -   ServiceRequest: 3950 so far...
2026-04-19 15:21:43,541 - direct_fhir - INFO -   ServiceRequest: 4000 so far...
2026-04-19 15:21:43,736 - direct_fhir - INFO -   ServiceRequest: 4050 so far...
2026-04-19 15:21:43,891 - direct_fhir - INFO -   ServiceRequest: 4100 so far...
2026-04-19 15:21:44,076 - direct_fhir - INFO -   ServiceRequest: 4150 so far...
2026-04-19 15:21:44,252 - direct_fhir - INFO -   ServiceRequest: 4200 so far...
2026-04-19 15:21:44,444 - direct_fhir - INFO -   ServiceRequest: 4250 so far...
2026-04-19 15:21:44,601 - direct_fhir - INFO -   ServiceRequest: 4300 so far...
2026-04-19 15:21:44,795 - direct_fhir - INFO -   ServiceRequest: 4350 so far...
2026-04-19 15:21:44,953 - direct_fhir - INFO -   ServiceRequest: 4400 so far...
2026-04-19 15:21:45,122 - direct_fhir - INFO -   ServiceRequest: 4450 so far...
2026-04-19 15:21:45,278 - direct_fhir - INFO -   ServiceRequest: 4500 so far...
2026-04-19 15:21:45,511 - direct_fhir - INFO -   ServiceRequest: 4550 so far...
2026-04-19 15:21:45,661 - direct_fhir - INFO -   ServiceRequest: 4600 so far...
2026-04-19 15:21:45,849 - direct_fhir - INFO -   ServiceRequest: 4650 so far...
2026-04-19 15:21:46,001 - direct_fhir - INFO -   ServiceRequest: 4700 so far...
2026-04-19 15:21:46,165 - direct_fhir - INFO -   ServiceRequest: 4750 so far...
2026-04-19 15:21:46,364 - direct_fhir - INFO -   ServiceRequest: 4800 so far...
2026-04-19 15:21:46,539 - direct_fhir - INFO -   ServiceRequest: 4850 so far...
2026-04-19 15:21:46,701 - direct_fhir - INFO -   ServiceRequest: 4900 so far...
2026-04-19 15:21:46,925 - direct_fhir - INFO -   ServiceRequest: 4950 so far...
2026-04-19 15:21:47,088 - direct_fhir - INFO -   ServiceRequest: 5000 so far...
2026-04-19 15:21:47,250 - direct_fhir - INFO -   ServiceRequest: 5050 so far...
2026-04-19 15:21:47,392 - direct_fhir - INFO -   ServiceRequest: 5100 so far...
2026-04-19 15:21:47,555 - direct_fhir - INFO -   ServiceRequest: 5150 so far...
2026-04-19 15:21:47,724 - direct_fhir - INFO -   ServiceRequest: 5200 so far...
2026-04-19 15:21:47,875 - direct_fhir - INFO -   ServiceRequest: 5250 so far...
2026-04-19 15:21:48,045 - direct_fhir - INFO -   ServiceRequest: 5294 so far...
[ALL-PATIENTS] ServiceRequest: fetched 5294 records
2026-04-19 15:21:48,199 - direct_fhir - INFO -   Specimen: 0 so far...
[ALL-PATIENTS] Specimen: fetched 0 records
2026-04-19 15:21:48,301 - direct_fhir - INFO -   SupplyDelivery: 0 so far...
[ALL-PATIENTS] SupplyDelivery: fetched 0 records
2026-04-19 15:21:48,443 - direct_fhir - INFO -   SupplyRequest: 0 so far...
[ALL-PATIENTS] SupplyRequest: fetched 0 records
2026-04-19 15:21:48,561 - direct_fhir - INFO -   Task: 0 so far...
[ALL-PATIENTS] Task: fetched 0 records
2026-04-19 15:21:48,673 - direct_fhir - INFO -   VisionPrescription: 0 so far...
[ALL-PATIENTS] VisionPrescription: fetched 0 records
2026-04-19 15:21:48,824 - direct_fhir - INFO -   Observation?category=vital-signs: 50 so far...
2026-04-19 15:21:49,550 - direct_fhir - INFO -   Observation?category=vital-signs: 100 so far...
2026-04-19 15:21:49,723 - direct_fhir - INFO -   Observation?category=vital-signs: 150 so far...
2026-04-19 15:21:49,890 - direct_fhir - INFO -   Observation?category=vital-signs: 200 so far...
2026-04-19 15:21:50,069 - direct_fhir - INFO -   Observation?category=vital-signs: 250 so far...
2026-04-19 15:21:50,227 - direct_fhir - INFO -   Observation?category=vital-signs: 300 so far...
2026-04-19 15:21:50,379 - direct_fhir - INFO -   Observation?category=vital-signs: 350 so far...
2026-04-19 15:21:50,558 - direct_fhir - INFO -   Observation?category=vital-signs: 400 so far...
2026-04-19 15:21:50,770 - direct_fhir - INFO -   Observation?category=vital-signs: 450 so far...
2026-04-19 15:21:50,935 - direct_fhir - INFO -   Observation?category=vital-signs: 500 so far...
2026-04-19 15:21:51,736 - direct_fhir - INFO -   Observation?category=vital-signs: 550 so far...
2026-04-19 15:21:51,909 - direct_fhir - INFO -   Observation?category=vital-signs: 600 so far...
2026-04-19 15:21:52,064 - direct_fhir - INFO -   Observation?category=vital-signs: 650 so far...
2026-04-19 15:21:52,245 - direct_fhir - INFO -   Observation?category=vital-signs: 700 so far...
2026-04-19 15:21:52,413 - direct_fhir - INFO -   Observation?category=vital-signs: 750 so far...
2026-04-19 15:21:52,582 - direct_fhir - INFO -   Observation?category=vital-signs: 800 so far...
2026-04-19 15:21:52,740 - direct_fhir - INFO -   Observation?category=vital-signs: 850 so far...
2026-04-19 15:21:52,892 - direct_fhir - INFO -   Observation?category=vital-signs: 900 so far...
2026-04-19 15:21:53,061 - direct_fhir - INFO -   Observation?category=vital-signs: 950 so far...
2026-04-19 15:21:53,220 - direct_fhir - INFO -   Observation?category=vital-signs: 1000 so far...
2026-04-19 15:21:53,400 - direct_fhir - INFO -   Observation?category=vital-signs: 1050 so far...
2026-04-19 15:21:53,592 - direct_fhir - INFO -   Observation?category=vital-signs: 1100 so far...
2026-04-19 15:21:53,776 - direct_fhir - INFO -   Observation?category=vital-signs: 1150 so far...
2026-04-19 15:21:53,945 - direct_fhir - INFO -   Observation?category=vital-signs: 1200 so far...
2026-04-19 15:21:54,103 - direct_fhir - INFO -   Observation?category=vital-signs: 1250 so far...
2026-04-19 15:21:54,273 - direct_fhir - INFO -   Observation?category=vital-signs: 1300 so far...
2026-04-19 15:21:54,456 - direct_fhir - INFO -   Observation?category=vital-signs: 1350 so far...
2026-04-19 15:21:54,614 - direct_fhir - INFO -   Observation?category=vital-signs: 1400 so far...
2026-04-19 15:21:54,793 - direct_fhir - INFO -   Observation?category=vital-signs: 1450 so far...
2026-04-19 15:21:54,958 - direct_fhir - INFO -   Observation?category=vital-signs: 1500 so far...
2026-04-19 15:21:55,117 - direct_fhir - INFO -   Observation?category=vital-signs: 1550 so far...
2026-04-19 15:21:55,310 - direct_fhir - INFO -   Observation?category=vital-signs: 1600 so far...
2026-04-19 15:21:55,458 - direct_fhir - INFO -   Observation?category=vital-signs: 1650 so far...
2026-04-19 15:21:55,672 - direct_fhir - INFO -   Observation?category=vital-signs: 1700 so far...
2026-04-19 15:21:55,837 - direct_fhir - INFO -   Observation?category=vital-signs: 1750 so far...
2026-04-19 15:21:55,993 - direct_fhir - INFO -   Observation?category=vital-signs: 1800 so far...
2026-04-19 15:21:56,199 - direct_fhir - INFO -   Observation?category=vital-signs: 1850 so far...
2026-04-19 15:21:56,394 - direct_fhir - INFO -   Observation?category=vital-signs: 1900 so far...
2026-04-19 15:21:56,534 - direct_fhir - INFO -   Observation?category=vital-signs: 1950 so far...
2026-04-19 15:21:56,677 - direct_fhir - INFO -   Observation?category=vital-signs: 2000 so far...
2026-04-19 15:21:57,377 - direct_fhir - INFO -   Observation?category=vital-signs: 2050 so far...
2026-04-19 15:21:57,532 - direct_fhir - INFO -   Observation?category=vital-signs: 2100 so far...
2026-04-19 15:21:57,685 - direct_fhir - INFO -   Observation?category=vital-signs: 2150 so far...
2026-04-19 15:21:57,844 - direct_fhir - INFO -   Observation?category=vital-signs: 2200 so far...
2026-04-19 15:21:57,992 - direct_fhir - INFO -   Observation?category=vital-signs: 2250 so far...
2026-04-19 15:21:58,149 - direct_fhir - INFO -   Observation?category=vital-signs: 2259 so far...
[ALL-PATIENTS] vital_signs: fetched 2259 records
[ALL-PATIENTS] patient=fb5b96d1-359f-4324-9b27-53a28585658a data={'allergyintolerance': 2, 'careplan': 1, 'communication': 3, 'condition': 111, 'encounter': 1, 'flag': 1, 'list': 1, 'media': 1, 'observation': 8, 'questionnaireresponse': 41, 'riskassessment': 4, 'vital_signs': 4}
[ALL-PATIENTS] patient=b0c98aff-edfb-4e18-b0f3-449dba8dcfcf data={'allergyintolerance': 1, 'careplan': 1, 'communication': 1, 'condition': 339, 'encounter': 1, 'flag': 1, 'list': 4, 'media': 12, 'observation': 16, 'procedure': 4, 'questionnaireresponse': 123, 'riskassessment': 21, 'servicerequest': 3, 'vital_signs': 5}
[ALL-PATIENTS] patient=e88eea34-5b44-40da-a0d7-4b3c8f4cdc43 data={'careplan': 1, 'condition': 261, 'encounter': 1, 'flag': 1, 'list': 1, 'media': 2, 'observation': 2, 'questionnaireresponse': 67, 'riskassessment': 10, 'servicerequest': 1}
[ALL-PATIENTS] patient=86f0a454-3895-4ce1-9c3d-33e72883cfca data={'flag': 1, 'questionnaireresponse': 2}
[ALL-PATIENTS] patient=99fd6c6d-5040-465c-86ee-40c08db23a7a data={'condition': 17, 'encounter': 1, 'flag': 1, 'media': 1, 'questionnaireresponse': 24, 'riskassessment': 3}
[ALL-PATIENTS] patient=2120a396-d9d2-4f25-ba00-bc7a4600ef04 data={'allergyintolerance': 2, 'careplan': 2, 'communication': 8, 'condition': 146, 'encounter': 1, 'flag': 1, 'list': 2, 'media': 9, 'observation': 63, 'procedure': 7, 'questionnaireresponse': 31, 'riskassessment': 3, 'servicerequest': 10, 'vital_signs': 28}
[ALL-PATIENTS] patient=64433b0c-4df5-40b4-9f0d-de74a5e02d71 data={'allergyintolerance': 1, 'careplan': 1, 'communication': 1, 'condition': 25, 'encounter': 2, 'flag': 2, 'media': 1, 'observation': 14, 'procedure': 7, 'questionnaireresponse': 32, 'riskassessment': 2, 'servicerequest': 7, 'vital_signs': 10}
[ALL-PATIENTS] patient=cb391368-6651-4889-be12-394f9011071a data={'condition': 1, 'encounter': 1, 'flag': 1, 'media': 2, 'observation': 6, 'procedure': 4, 'questionnaireresponse': 1, 'servicerequest': 2}
[ALL-PATIENTS] patient=c0f1f3bc-83c0-4ea3-8a83-88e22a3f19f7 data={'allergyintolerance': 1, 'careplan': 1, 'condition': 22, 'encounter': 1, 'flag': 1, 'list': 1, 'media': 2, 'observation': 3, 'procedure': 1, 'questionnaireresponse': 11, 'riskassessment': 1, 'servicerequest': 4}
[ALL-PATIENTS] patient=8e47a455-0c49-47dc-8640-ce2167b569ef data={'condition': 6, 'encounter': 1, 'flag': 1, 'media': 1, 'observation': 1, 'questionnaireresponse': 10, 'riskassessment': 1}
[ALL-PATIENTS] patient=95ee8c93-2b75-47c0-8ac5-4a9a3efb0eac data={'allergyintolerance': 1, 'careplan': 3, 'communication': 3, 'condition': 132, 'encounter': 1, 'flag': 1, 'list': 2, 'media': 8, 'observation': 22, 'procedure': 1, 'questionnaireresponse': 70, 'riskassessment': 13, 'servicerequest': 8, 'vital_signs': 6}
[ALL-PATIENTS] patient=02da0da3-9f14-4186-9265-cec218c0d6c8 data={'encounter': 1, 'flag': 1, 'questionnaireresponse': 3}
[ALL-PATIENTS] patient=6cc4a856-cd2b-4a62-983d-07d6d9573123 data={'careplan': 1, 'communication': 3, 'condition': 16, 'encounter': 1, 'flag': 1, 'media': 1, 'observation': 32, 'questionnaireresponse': 13, 'riskassessment': 2, 'vital_signs': 26}
[ALL-PATIENTS] patient=955d10c4-fced-4045-9236-926c2d06e9f6 data={'allergyintolerance': 2, 'careplan': 5, 'communication': 5, 'condition': 362, 'encounter': 1, 'flag': 1, 'list': 2, 'media': 8, 'observation': 37, 'procedure': 11, 'questionnaireresponse': 42, 'riskassessment': 9, 'servicerequest': 70, 'vital_signs': 16}
[ALL-PATIENTS] patient=b30cb64b-9f35-45a4-8f71-f2774546ee53 data={'encounter': 1, 'flag': 1, 'questionnaireresponse': 3}
[ALL-PATIENTS] patient=8f5711f4-9d64-41eb-99d3-f642afeaf971 data={'encounter': 2, 'flag': 2, 'media': 1, 'questionnaireresponse': 13, 'riskassessment': 1}
[ALL-PATIENTS] patient=40a9c4e1-a0de-4339-9d78-bc081f579dfe data={'condition': 20, 'encounter': 1, 'flag': 1, 'list': 1, 'media': 2, 'observation': 2, 'questionnaireresponse': 13, 'riskassessment': 1}
[ALL-PATIENTS] patient=d6b91d89-848a-4dab-8dcd-90dc6ed1e62e data={'allergyintolerance': 1, 'careplan': 1, 'condition': 72, 'encounter': 1, 'flag': 1, 'media': 1, 'questionnaireresponse': 30, 'riskassessment': 3}
[ALL-PATIENTS] patient=38070ebd-6458-4b73-b43f-f1cd654dc25f data={'condition': 1, 'encounter': 1, 'flag': 1, 'media': 1, 'questionnaireresponse': 10, 'riskassessment': 1}
[ALL-PATIENTS] patient=28cde7cf-fd48-458e-b8b2-36666e4a091d data={'encounter': 1, 'flag': 1, 'media': 1, 'questionnaireresponse': 15, 'riskassessment': 1}
[ALL-PATIENTS] patient=e71828d5-6a12-4f26-a78b-e56e2ac0aec2 data={'encounter': 1, 'flag': 1, 'media': 1, 'questionnaireresponse': 11, 'riskassessment': 2}
[ALL-PATIENTS] patient=4b840e02-eab5-4d77-8972-5a6347e7e9ee data={'encounter': 1, 'flag': 1, 'questionnaireresponse': 3}
[ALL-PATIENTS] patient=e3b8cf82-19e7-4a3f-99aa-5c8df205056a data={'encounter': 1, 'flag': 1, 'questionnaireresponse': 1}
[ALL-PATIENTS] patient=c17362f3-4ecb-4146-bd8f-872016d5f1b2 data={'encounter': 1, 'flag': 1, 'media': 1, 'questionnaireresponse': 10, 'riskassessment': 1}
[ALL-PATIENTS] patient=05d605aa-6923-4ba7-aa6d-f23576f2b364 data={'condition': 15, 'encounter': 1, 'flag': 1, 'media': 1, 'questionnaireresponse': 22, 'riskassessment': 5}
[ALL-PATIENTS] patient=048f1b2f-4a9c-4faa-8ac5-56d4b3812b54 data={'allergyintolerance': 1, 'careplan': 1, 'condition': 34, 'encounter': 1, 'flag': 1, 'media': 1, 'observation': 2, 'procedure': 5, 'questionnaireresponse': 18, 'riskassessment': 4, 'servicerequest': 4}
[ALL-PATIENTS] patient=a5e464a7-1ff7-4df1-b639-b0e5112155c0 data={'allergyintolerance': 2, 'careplan': 1, 'communication': 1, 'condition': 69, 'encounter': 1, 'flag': 1, 'media': 3, 'observation': 16, 'procedure': 3, 'questionnaireresponse': 12, 'riskassessment': 1, 'servicerequest': 8, 'vital_signs': 10}
[ALL-PATIENTS] patient=3328951d-406b-4d64-ac27-fd0f487578b2 data={'allergyintolerance': 2, 'careplan': 3, 'condition': 120, 'encounter': 1, 'flag': 1, 'list': 2, 'media': 3, 'observation': 9, 'procedure': 20, 'questionnaireresponse': 36, 'riskassessment': 4, 'servicerequest': 53}
[ALL-PATIENTS] patient=f126df8b-88ce-4b0c-baad-6bee7d2097b8 data={'encounter': 1, 'flag': 1, 'list': 1, 'media': 2, 'observation': 10, 'questionnaireresponse': 32, 'riskassessment': 2}
[ALL-PATIENTS] patient=284dde1d-e0f7-4280-abd1-a1b9ba1ebdad data={'allergyintolerance': 2, 'careplan': 3, 'communication': 4, 'condition': 153, 'encounter': 4, 'flag': 4, 'media': 1, 'observation': 29, 'procedure': 11, 'questionnaireresponse': 43, 'riskassessment': 3, 'servicerequest': 20, 'vital_signs': 20}
[ALL-PATIENTS] patient=561b8f07-c7ca-47a8-87f6-98e242318335 data={'allergyintolerance': 2, 'careplan': 1, 'condition': 27, 'encounter': 1, 'flag': 1, 'media': 1, 'observation': 2, 'questionnaireresponse': 63, 'riskassessment': 4}
[ALL-PATIENTS] patient=fe12ebc2-bd3b-4c80-a032-bfb0a77084de data={'careplan': 4, 'communication': 1, 'condition': 139, 'encounter': 1, 'flag': 1, 'list': 1, 'media': 5, 'observation': 9, 'procedure': 17, 'questionnaireresponse': 48, 'riskassessment': 9, 'servicerequest': 11, 'vital_signs': 2}
[ALL-PATIENTS] patient=59f80b34-b72d-4998-b131-78de1512b381 data={'allergyintolerance': 1, 'careplan': 1, 'communication': 3, 'condition': 27, 'encounter': 1, 'flag': 1, 'media': 1, 'observation': 7, 'procedure': 4, 'questionnaireresponse': 16, 'riskassessment': 1, 'servicerequest': 3, 'vital_signs': 4}
[ALL-PATIENTS] patient=5d497096-5cfe-4a05-b719-91ba480d1ced data={'careplan': 1, 'condition': 38, 'encounter': 1, 'flag': 1, 'media': 1, 'observation': 3, 'procedure': 8, 'questionnaireresponse': 10, 'riskassessment': 1, 'servicerequest': 8}
[ALL-PATIENTS] patient=1eec9bfb-78f3-4df7-bd43-ba0b46d29b52 data={'allergyintolerance': 1, 'careplan': 8, 'communication': 11, 'condition': 487, 'encounter': 1, 'flag': 1, 'list': 2, 'media': 2, 'observation': 65, 'procedure': 117, 'questionnaireresponse': 50, 'riskassessment': 12, 'servicerequest': 161, 'vital_signs': 36}
[ALL-PATIENTS] patient=c1810e9d-c2d3-4832-9264-c233f0b2e386 data={'allergyintolerance': 4, 'careplan': 1, 'encounter': 1, 'flag': 1, 'observation': 2, 'questionnaireresponse': 11}
[ALL-PATIENTS] patient=195bf522-635b-4b58-a40e-b64a9ce0cb82 data={'allergyintolerance': 1, 'encounter': 1, 'flag': 1, 'questionnaireresponse': 9}
[ALL-PATIENTS] patient=8ed94367-542c-4cb6-9f3c-197562900e93 data={'encounter': 1, 'flag': 1, 'media': 1, 'observation': 1, 'questionnaireresponse': 3}
[ALL-PATIENTS] patient=778a573a-1927-4815-bb78-59b6658041ab data={'encounter': 1, 'flag': 1, 'questionnaireresponse': 1}
[ALL-PATIENTS] patient=0b2c4c0d-a9ee-407d-964d-641cbf6bcc69 data={'encounter': 1, 'flag': 1, 'observation': 4, 'questionnaireresponse': 7}
[ALL-PATIENTS] patient=ca5a527f-61f3-4dde-b57b-f499107a5c00 data={'careplan': 2, 'communication': 4, 'condition': 92, 'encounter': 1, 'flag': 1, 'list': 1, 'media': 1, 'observation': 35, 'procedure': 16, 'questionnaireresponse': 18, 'riskassessment': 1, 'servicerequest': 17, 'vital_signs': 27}
[ALL-PATIENTS] patient=06d7f392-7d38-411b-b342-3aff89e0e094 data={'encounter': 1, 'flag': 1, 'observation': 1, 'questionnaireresponse': 3}
[ALL-PATIENTS] patient=746e21cd-84fa-48f9-92c3-fdaaea9c237b data={'allergyintolerance': 3, 'careplan': 3, 'communication': 12, 'condition': 139, 'encounter': 1, 'flag': 1, 'list': 2, 'media': 4, 'observation': 93, 'procedure': 44, 'questionnaireresponse': 78, 'riskassessment': 11, 'servicerequest': 45, 'vital_signs': 52}
[ALL-PATIENTS] patient=4691fbe1-3de0-4fcc-92cf-36d0643f423f data={'allergyintolerance': 2, 'careplan': 1, 'communication': 6, 'condition': 58, 'encounter': 1, 'flag': 1, 'list': 2, 'media': 1, 'observation': 18, 'procedure': 3, 'questionnaireresponse': 12, 'riskassessment': 1, 'servicerequest': 10, 'vital_signs': 10}
[ALL-PATIENTS] patient=05b0910c-9df2-435d-9d93-29e16303a3ba data={'allergyintolerance': 1, 'careplan': 2, 'communication': 8, 'condition': 58, 'encounter': 2, 'flag': 2, 'list': 1, 'media': 4, 'observation': 32, 'procedure': 1, 'questionnaireresponse': 37, 'riskassessment': 5, 'servicerequest': 5, 'vital_signs': 26}
[ALL-PATIENTS] patient=6d94c5ec-cdca-4e30-b816-9340ef026137 data={'allergyintolerance': 1, 'careplan': 1, 'communication': 1, 'condition': 64, 'encounter': 1, 'flag': 1, 'media': 1, 'observation': 12, 'procedure': 1, 'questionnaireresponse': 12, 'riskassessment': 1, 'servicerequest': 2, 'vital_signs': 10}
[ALL-PATIENTS] patient=5cf5b1cb-4068-4e62-a7c6-237f45c1e8dd data={'allergyintolerance': 1, 'careplan': 3, 'communication': 6, 'condition': 35, 'encounter': 1, 'flag': 1, 'list': 2, 'media': 3, 'observation': 26, 'procedure': 7, 'questionnaireresponse': 38, 'riskassessment': 7, 'servicerequest': 6, 'vital_signs': 12}
[ALL-PATIENTS] patient=1d25a8ed-cb1c-47b7-b117-d29f2a6a30b8 data={'allergyintolerance': 2, 'careplan': 1, 'communication': 1, 'condition': 45, 'encounter': 1, 'flag': 1, 'list': 1, 'media': 1, 'observation': 13, 'questionnaireresponse': 11, 'riskassessment': 1, 'servicerequest': 14, 'vital_signs': 8}
[ALL-PATIENTS] patient=6f39349c-5b11-4443-a191-9526755a78aa data={'allergyintolerance': 1, 'careplan': 1, 'condition': 40, 'encounter': 1, 'flag': 1, 'list': 1, 'media': 1, 'observation': 3, 'procedure': 1, 'questionnaireresponse': 12, 'riskassessment': 1, 'servicerequest': 2}
[ALL-PATIENTS] patient=3d73b64e-847a-48d8-ae7c-7c2d1da22b01 data={'encounter': 1, 'flag': 1, 'medicationrequest': 1, 'questionnaireresponse': 3}
[ALL-PATIENTS] patient=41b45776-7934-4270-8190-7add4a3f3312 data={'encounter': 1, 'flag': 1, 'observation': 1, 'questionnaireresponse': 3}
[ALL-PATIENTS] patient=3cbb7cbb-5985-4001-984b-337dab7f22f0 data={'encounter': 1, 'flag': 1, 'list': 1, 'media': 2, 'observation': 3, 'questionnaireresponse': 4}
[ALL-PATIENTS] patient=8a729a96-8bb0-41e2-94e6-ef4e0eec146f data={'allergyintolerance': 1, 'encounter': 1, 'flag': 1, 'list': 1, 'media': 1, 'observation': 3, 'questionnaireresponse': 5}
[ALL-PATIENTS] patient=b60e5900-3585-4ee2-828f-25dc2d6c9e6d data={'allergyintolerance': 1, 'encounter': 1, 'flag': 1, 'observation': 1, 'questionnaireresponse': 5}
[ALL-PATIENTS] patient=3499f64e-da5e-4d8b-a663-a0e41d1e0be6 data={'allergyintolerance': 1, 'encounter': 1, 'flag': 1, 'questionnaireresponse': 3}
[ALL-PATIENTS] patient=a60e46a6-f3ff-4903-9e9c-7e5c83a9f10e data={'allergyintolerance': 1, 'careplan': 4, 'communication': 8, 'condition': 225, 'encounter': 5, 'flag': 6, 'list': 6, 'media': 2, 'observation': 65, 'procedure': 54, 'questionnaireresponse': 36, 'riskassessment': 3, 'servicerequest': 155, 'vital_signs': 30}
[ALL-PATIENTS] patient=d2d62f66-f506-437e-a5aa-69cf48ecac55 data={'allergyintolerance': 1, 'careplan': 3, 'condition': 239, 'encounter': 1, 'flag': 1, 'list': 1, 'media': 2, 'observation': 12, 'procedure': 22, 'questionnaireresponse': 41, 'riskassessment': 6, 'servicerequest': 32}
[ALL-PATIENTS] patient=d269164e-c0ee-4cff-ac9e-b92022bd7d1e data={'careplan': 1, 'condition': 29, 'encounter': 1, 'flag': 1, 'media': 2, 'observation': 3, 'procedure': 1, 'questionnaireresponse': 10, 'riskassessment': 1, 'servicerequest': 1}
[ALL-PATIENTS] patient=08f2f336-3037-4c85-8a56-85f429175826 data={'careplan': 1, 'communication': 3, 'condition': 29, 'encounter': 1, 'flag': 1, 'list': 1, 'media': 1, 'observation': 12, 'procedure': 1, 'questionnaireresponse': 19, 'riskassessment': 2, 'servicerequest': 3, 'vital_signs': 9}
[ALL-PATIENTS] patient=94cfce9b-a944-4e75-bc72-75906c379fac data={'encounter': 1, 'flag': 1, 'questionnaireresponse': 1}
[ALL-PATIENTS] patient=ae77ea87-19f5-44ec-a601-cd165abb9012 data={'condition': 69, 'encounter': 1, 'flag': 1, 'list': 1, 'media': 2, 'observation': 10, 'questionnaireresponse': 38, 'riskassessment': 3}
[ALL-PATIENTS] patient=dbaf1718-128d-427d-8284-af0e7e807ae5 data={'careplan': 1, 'condition': 11, 'encounter': 1, 'flag': 1, 'list': 2, 'media': 1, 'observation': 5, 'questionnaireresponse': 13, 'riskassessment': 1}
[ALL-PATIENTS] patient=0deeca53-c951-4c62-9bd7-5b5ab6ae158b data={'encounter': 1, 'flag': 1, 'questionnaireresponse': 5}
[ALL-PATIENTS] patient=9194262a-c768-4901-9d87-0d7ce8a1fd6f data={'encounter': 1, 'flag': 1, 'questionnaireresponse': 9}
[ALL-PATIENTS] patient=b42e6e82-7c1b-4ebd-8dba-edf0525ff386 data={'encounter': 1, 'flag': 1, 'questionnaireresponse': 1}
[ALL-PATIENTS] patient=8ab53206-b6c9-4979-955f-e0641d5a5321 data={'encounter': 1, 'flag': 1, 'questionnaireresponse': 3}
[ALL-PATIENTS] patient=24b07e0e-3942-46c8-9467-f8cb482c07ec data={'encounter': 1, 'flag': 1, 'questionnaireresponse': 1}
[ALL-PATIENTS] patient=a6a70375-b15a-4021-93c8-fa1f0535a0b9 data={'encounter': 1, 'flag': 1, 'questionnaireresponse': 1}
[ALL-PATIENTS] patient=0e20ba57-484a-4ec7-b3b0-603b512647f3 data={'encounter': 1, 'flag': 1, 'questionnaireresponse': 1}
[ALL-PATIENTS] patient=15543f33-949f-426a-a753-d9cd93c26b7d data={'careplan': 1, 'communication': 2, 'condition': 5, 'encounter': 1, 'flag': 1, 'list': 1, 'media': 2, 'observation': 14, 'questionnaireresponse': 10, 'riskassessment': 1, 'servicerequest': 2, 'vital_signs': 10}
[ALL-PATIENTS] patient=d2ac8194-54b3-42ea-aebd-57a00618b32a data={'communication': 1, 'encounter': 1, 'flag': 1, 'media': 1, 'observation': 8, 'questionnaireresponse': 12, 'riskassessment': 1, 'vital_signs': 8}
[ALL-PATIENTS] patient=3c35a3fb-8edd-4d5d-a8f1-2265a3dd9a3f data={'encounter': 1, 'flag': 1, 'media': 1, 'questionnaireresponse': 10, 'riskassessment': 1}
[ALL-PATIENTS] patient=1df10ebf-6315-437b-9b13-15928cc5454f data={'encounter': 1, 'flag': 1, 'questionnaireresponse': 1}
[ALL-PATIENTS] patient=d455d216-1587-4814-bafd-bb3fd0abd32b data={'encounter': 1, 'flag': 1, 'questionnaireresponse': 1}
[ALL-PATIENTS] patient=71b78f98-2a85-4e74-9560-6127324852c6 data={'encounter': 1, 'flag': 2, 'questionnaireresponse': 1}
[ALL-PATIENTS] patient=97b5d019-d18e-465a-829b-38ebf7279d1c data={'encounter': 1, 'flag': 2, 'questionnaireresponse': 1}
[ALL-PATIENTS] patient=30fe1828-8683-44fb-8eb3-f8ab2ee26469 data={'allergyintolerance': 1, 'careplan': 1, 'communication': 1, 'condition': 23, 'encounter': 1, 'flag': 2, 'list': 2, 'media': 4, 'observation': 9, 'procedure': 5, 'questionnaireresponse': 16, 'riskassessment': 1, 'servicerequest': 5, 'vital_signs': 4}
[ALL-PATIENTS] patient=f26a573e-e3f6-418b-92c3-90f43eccf027 data={'communication': 1, 'encounter': 1, 'flag': 1, 'list': 1, 'observation': 2, 'questionnaireresponse': 3, 'servicerequest': 1}
[ALL-PATIENTS] patient=e9dea8de-2435-4f5d-b81e-1300f1a016c8 data={'condition': 40, 'encounter': 1, 'flag': 1, 'list': 2, 'media': 1, 'observation': 10, 'questionnaireresponse': 20, 'riskassessment': 1}
[ALL-PATIENTS] patient=f7db5147-b639-4229-87d3-fd01f0d7e6a1 data={'careplan': 2, 'condition': 61, 'encounter': 1, 'flag': 1, 'list': 4, 'media': 1, 'observation': 8, 'procedure': 72, 'questionnaireresponse': 13, 'riskassessment': 1, 'servicerequest': 121}
[ALL-PATIENTS] patient=84769e45-d7e3-49f3-8e44-c88ae9fcb417 data={'encounter': 1, 'flag': 1, 'media': 1, 'questionnaireresponse': 10, 'riskassessment': 1}
[ALL-PATIENTS] patient=eb4824b8-68a7-4be5-ac3b-3894772defb6 data={'condition': 1, 'encounter': 1, 'flag': 1, 'list': 1, 'media': 2, 'observation': 3, 'questionnaireresponse': 11, 'riskassessment': 1}
[ALL-PATIENTS] patient=730701e5-8cdd-441f-8cce-847d27a8e569 data={'careplan': 4, 'communication': 6, 'condition': 39, 'encounter': 1, 'flag': 1, 'list': 2, 'media': 3, 'observation': 13, 'procedure': 21, 'questionnaireresponse': 54, 'riskassessment': 7, 'servicerequest': 23, 'vital_signs': 6}
[ALL-PATIENTS] patient=d7c0b146-51cc-45bd-9d33-d267149cc298 data={'allergyintolerance': 2, 'careplan': 5, 'communication': 25, 'condition': 207, 'encounter': 1, 'flag': 3, 'goal': 1, 'list': 3, 'media': 17, 'medicationadministration': 5, 'medicationrequest': 6, 'observation': 158, 'procedure': 22, 'questionnaireresponse': 82, 'riskassessment': 7, 'servicerequest': 37, 'vital_signs': 109}
[ALL-PATIENTS] patient=aed2d41f-1049-4c4f-b37f-2d199ac8fe14 data={'careplan': 1, 'communication': 5, 'condition': 7, 'encounter': 1, 'flag': 1, 'list': 2, 'media': 2, 'observation': 26, 'questionnaireresponse': 40, 'riskassessment': 4, 'servicerequest': 2, 'vital_signs': 13}
[ALL-PATIENTS] patient=02af2a87-ba3a-4498-b014-89a209b5d819 data={'allergyintolerance': 1, 'careplan': 2, 'communication': 9, 'condition': 13, 'encounter': 1, 'flag': 1, 'list': 3, 'media': 16, 'observation': 58, 'procedure': 8, 'questionnaireresponse': 49, 'riskassessment': 4, 'servicerequest': 13, 'vital_signs': 18}
[ALL-PATIENTS] patient=8ddce39d-1379-4a94-a44d-c66724db5371 data={'encounter': 1, 'flag': 1, 'questionnaireresponse': 5}
[ALL-PATIENTS] patient=4704c5d8-5df4-43a3-a58c-58bbd5e947f7 data={'communication': 2, 'encounter': 1, 'flag': 1, 'observation': 5, 'questionnaireresponse': 5, 'vital_signs': 4}
[ALL-PATIENTS] patient=1f6803e4-a6b3-4234-809b-909ffab75b6a data={'encounter': 1, 'flag': 1, 'questionnaireresponse': 4}
[ALL-PATIENTS] patient=0bc7c5d5-f2d5-44e4-846e-79b88fa114bd data={'encounter': 1, 'flag': 1, 'list': 2, 'media': 2, 'observation': 6, 'questionnaireresponse': 18}
[ALL-PATIENTS] patient=ffe1b79f-8303-4fc0-8531-2d9911f36f9d data={'encounter': 1, 'flag': 1, 'list': 1, 'media': 7, 'observation': 10, 'questionnaireresponse': 24, 'vital_signs': 1}
[ALL-PATIENTS] patient=7cd0f00b-6895-4fff-969a-7eaa9f2cec39 data={'careplan': 1, 'communication': 2, 'condition': 75, 'encounter': 1, 'flag': 1, 'list': 2, 'media': 1, 'observation': 14, 'questionnaireresponse': 19, 'riskassessment': 2, 'vital_signs': 8}
[ALL-PATIENTS] patient=b925b7b1-4752-4b7b-80b2-6c3982c3dc57 data={'careplan': 1, 'communication': 2, 'condition': 100, 'encounter': 1, 'flag': 1, 'list': 1, 'media': 1, 'observation': 15, 'questionnaireresponse': 44, 'riskassessment': 4, 'servicerequest': 14, 'vital_signs': 9}
[ALL-PATIENTS] patient=7ae5affa-e994-4a9f-b3f6-261d99e23bed data={'careplan': 5, 'communication': 10, 'condition': 642, 'encounter': 1, 'flag': 1, 'list': 6, 'media': 3, 'observation': 85, 'procedure': 331, 'questionnaireresponse': 148, 'riskassessment': 19, 'servicerequest': 411, 'vital_signs': 48}
[ALL-PATIENTS] patient=eb10eba3-39a5-4b87-b512-375e75f8039c data={'careplan': 1, 'condition': 45, 'encounter': 1, 'flag': 1, 'list': 1, 'media': 1, 'observation': 4, 'questionnaireresponse': 11, 'riskassessment': 1}
[ALL-PATIENTS] patient=d2d84ffa-58fd-4c18-bcad-36a0dfbc83db data={'allergyintolerance': 2, 'careplan': 14, 'communication': 46, 'condition': 742, 'encounter': 1, 'flag': 1, 'list': 3, 'media': 13, 'medicationrequest': 4, 'observation': 184, 'procedure': 350, 'questionnaireresponse': 345, 'riskassessment': 31, 'servicerequest': 520, 'vital_signs': 98}
[ALL-PATIENTS] patient=e9165b17-d2d9-4a3b-92d9-2af7e457c8bf data={'communication': 12, 'encounter': 1, 'flag': 1, 'list': 1, 'observation': 38, 'procedure': 2, 'questionnaireresponse': 25, 'servicerequest': 4, 'vital_signs': 12}
[ALL-PATIENTS] patient=272cc302-ea9e-45f2-896b-3f0134ba9a12 data={'allergyintolerance': 1, 'careplan': 3, 'communication': 4, 'condition': 52, 'encounter': 1, 'flag': 1, 'list': 2, 'media': 3, 'observation': 13, 'procedure': 2, 'questionnaireresponse': 73, 'riskassessment': 12, 'servicerequest': 7, 'vital_signs': 7}
[ALL-PATIENTS] patient=97ab74b7-5ac9-43cb-897c-9964a772f8f8 data={'communication': 4, 'encounter': 1, 'flag': 1, 'list': 2, 'media': 1, 'observation': 5, 'questionnaireresponse': 11, 'servicerequest': 1, 'vital_signs': 2}
[ALL-PATIENTS] patient=87a1c22f-1c17-48b7-8456-9efd7a805f20 data={'encounter': 1, 'flag': 1, 'questionnaireresponse': 3}
2026-04-19 15:21:58,157 - direct_fhir - INFO - Done. 100 patients with clinical data attached.
2026-04-19 15:21:58,943 - direct_fhir - INFO -   ActivityDefinition: 0 so far...
[ALL-PATIENTS] ActivityDefinition: fetched 0 records
2026-04-19 15:21:59,342 - direct_fhir - INFO -   Binary: 0 so far...
[ALL-PATIENTS] Binary: fetched 0 records
2026-04-19 15:21:59,560 - direct_fhir - INFO -   BiologicallyDerivedProduct: 0 so far...
[ALL-PATIENTS] BiologicallyDerivedProduct: fetched 0 records
2026-04-19 15:21:59,851 - direct_fhir - INFO -   Bundle: 0 so far...
[ALL-PATIENTS] Bundle: fetched 0 records
2026-04-19 15:22:00,241 - direct_fhir - INFO -   CatalogEntry: 0 so far...
[ALL-PATIENTS] CatalogEntry: fetched 0 records
2026-04-19 15:22:00,425 - direct_fhir - INFO -   ChargeItemDefinition: 0 so far...
[ALL-PATIENTS] ChargeItemDefinition: fetched 0 records
2026-04-19 15:22:00,530 - direct_fhir - INFO -   DeviceDefinition: 0 so far...
[ALL-PATIENTS] DeviceDefinition: fetched 0 records
2026-04-19 15:22:00,626 - direct_fhir - INFO -   DeviceMetric: 0 so far...
[ALL-PATIENTS] DeviceMetric: fetched 0 records
2026-04-19 15:22:00,760 - direct_fhir - INFO -   EffectEvidenceSynthesis: 0 so far...
[ALL-PATIENTS] EffectEvidenceSynthesis: fetched 0 records
2026-04-19 15:22:00,870 - direct_fhir - INFO -   Endpoint: 0 so far...
[ALL-PATIENTS] Endpoint: fetched 0 records
2026-04-19 15:22:00,964 - direct_fhir - INFO -   EnrollmentResponse: 0 so far...
[ALL-PATIENTS] EnrollmentResponse: fetched 0 records
2026-04-19 15:22:01,069 - direct_fhir - INFO -   EventDefinition: 0 so far...
[ALL-PATIENTS] EventDefinition: fetched 0 records
2026-04-19 15:22:01,181 - direct_fhir - INFO -   Evidence: 0 so far...
[ALL-PATIENTS] Evidence: fetched 0 records
2026-04-19 15:22:01,295 - direct_fhir - INFO -   EvidenceVariable: 0 so far...
[ALL-PATIENTS] EvidenceVariable: fetched 0 records
2026-04-19 15:22:01,393 - direct_fhir - INFO -   ExampleScenario: 0 so far...
[ALL-PATIENTS] ExampleScenario: fetched 0 records
2026-04-19 15:22:01,504 - direct_fhir - INFO -   GraphDefinition: 0 so far...
[ALL-PATIENTS] GraphDefinition: fetched 0 records
2026-04-19 15:22:01,636 - direct_fhir - INFO -   Group: 50 so far...
2026-04-19 15:22:02,303 - direct_fhir - INFO -   Group: 54 so far...
[ALL-PATIENTS] Group: fetched 54 records
2026-04-19 15:22:02,446 - direct_fhir - INFO -   HealthcareService: 50 so far...
2026-04-19 15:22:03,147 - direct_fhir - INFO -   HealthcareService: 100 so far...
2026-04-19 15:22:03,320 - direct_fhir - INFO -   HealthcareService: 141 so far...
[ALL-PATIENTS] HealthcareService: fetched 141 records
2026-04-19 15:22:03,412 - direct_fhir - INFO -   InsurancePlan: 0 so far...
[ALL-PATIENTS] InsurancePlan: fetched 0 records
2026-04-19 15:22:03,517 - direct_fhir - INFO -   Library: 0 so far...
[ALL-PATIENTS] Library: fetched 0 records
2026-04-19 15:22:03,649 - direct_fhir - INFO -   Linkage: 0 so far...
[ALL-PATIENTS] Linkage: fetched 0 records
2026-04-19 15:22:03,782 - direct_fhir - INFO -   Location: 33 so far...
[ALL-PATIENTS] Location: fetched 33 records
2026-04-19 15:22:03,879 - direct_fhir - INFO -   Measure: 0 so far...
[ALL-PATIENTS] Measure: fetched 0 records
2026-04-19 15:22:04,022 - direct_fhir - INFO -   Medication: 48 so far...
[ALL-PATIENTS] Medication: fetched 48 records
2026-04-19 15:22:04,116 - direct_fhir - INFO -   MedicationKnowledge: 0 so far...
[ALL-PATIENTS] MedicationKnowledge: fetched 0 records
2026-04-19 15:22:04,216 - direct_fhir - INFO -   MedicinalProduct: 0 so far...
[ALL-PATIENTS] MedicinalProduct: fetched 0 records
2026-04-19 15:22:04,314 - direct_fhir - INFO -   MedicinalProductIngredient: 0 so far...
[ALL-PATIENTS] MedicinalProductIngredient: fetched 0 records
2026-04-19 15:22:04,426 - direct_fhir - INFO -   MedicinalProductManufactured: 0 so far...
[ALL-PATIENTS] MedicinalProductManufactured: fetched 0 records
2026-04-19 15:22:04,527 - direct_fhir - INFO -   MedicinalProductPharmaceutical: 0 so far...
[ALL-PATIENTS] MedicinalProductPharmaceutical: fetched 0 records
2026-04-19 15:22:04,664 - direct_fhir - INFO -   MessageDefinition: 0 so far...
[ALL-PATIENTS] MessageDefinition: fetched 0 records
2026-04-19 15:22:04,774 - direct_fhir - INFO -   MessageHeader: 0 so far...
[ALL-PATIENTS] MessageHeader: fetched 0 records
2026-04-19 15:22:04,884 - direct_fhir - INFO -   ObservationDefinition: 0 so far...
[ALL-PATIENTS] ObservationDefinition: fetched 0 records
2026-04-19 15:22:05,015 - direct_fhir - INFO -   OperationOutcome: 0 so far...
[ALL-PATIENTS] OperationOutcome: fetched 0 records
2026-04-19 15:22:05,113 - direct_fhir - INFO -   Organization: 11 so far...
[ALL-PATIENTS] Organization: fetched 11 records
2026-04-19 15:22:05,212 - direct_fhir - INFO -   OrganizationAffiliation: 0 so far...
[ALL-PATIENTS] OrganizationAffiliation: fetched 0 records
2026-04-19 15:22:05,319 - direct_fhir - INFO -   Parameters: 0 so far...
[ALL-PATIENTS] Parameters: fetched 0 records
2026-04-19 15:22:05,412 - direct_fhir - INFO -   PaymentNotice: 0 so far...
[ALL-PATIENTS] PaymentNotice: fetched 0 records
2026-04-19 15:22:05,524 - direct_fhir - INFO -   PaymentReconciliation: 0 so far...
[ALL-PATIENTS] PaymentReconciliation: fetched 0 records
2026-04-19 15:22:05,627 - direct_fhir - INFO -   PlanDefinition: 0 so far...
[ALL-PATIENTS] PlanDefinition: fetched 0 records
2026-04-19 15:22:05,816 - direct_fhir - INFO -   Practitioner: 48 so far...
[ALL-PATIENTS] Practitioner: fetched 48 records
2026-04-19 15:22:05,966 - direct_fhir - INFO -   PractitionerRole: 48 so far...
[ALL-PATIENTS] PractitionerRole: fetched 48 records
2026-04-19 15:22:06,436 - direct_fhir - INFO -   Questionnaire: 50 so far...
2026-04-19 15:22:06,730 - werkzeug - INFO -  * Detected change in '/Users/ebeneyeraggrey-mills/development/CareIT/CareIT_Vibe_Miniapp/routes/misc_api.py', reloading
2026-04-19 15:22:06,852 - werkzeug - INFO -  * Restarting with stat
2026-04-19 15:22:07,400 - werkzeug - WARNING -  * Debugger is active!
2026-04-19 15:22:07,405 - werkzeug - INFO -  * Debugger PIN: 805-155-362
2026-04-19 15:30:24,455 - werkzeug - INFO -  * Detected change in '/Users/ebeneyeraggrey-mills/development/CareIT/CareIT_Vibe_Miniapp/routes/misc_api.py', reloading
2026-04-19 15:30:24,521 - werkzeug - INFO -  * Restarting with stat
2026-04-19 15:30:24,993 - werkzeug - WARNING -  * Debugger is active!
2026-04-19 15:30:24,997 - werkzeug - INFO -  * Debugger PIN: 805-155-362
2026-04-19 15:31:39,579 - werkzeug - INFO -  * Detected change in '/Users/ebeneyeraggrey-mills/development/CareIT/CareIT_Vibe_Miniapp/routes/misc_api.py', reloading
2026-04-19 15:31:39,665 - werkzeug - INFO -  * Restarting with stat
2026-04-19 15:31:40,115 - werkzeug - WARNING -  * Debugger is active!
2026-04-19 15:31:40,118 - werkzeug - INFO -  * Debugger PIN: 805-155-362
2026-04-19 15:31:43,206 - werkzeug - INFO -  * Detected change in '/Users/ebeneyeraggrey-mills/development/CareIT/CareIT_Vibe_Miniapp/routes/misc_api.py', reloading
2026-04-19 15:31:43,286 - werkzeug - INFO -  * Restarting with stat
2026-04-19 15:31:43,615 - werkzeug - WARNING -  * Debugger is active!
2026-04-19 15:31:43,619 - werkzeug - INFO -  * Debugger PIN: 805-155-362
[REFRESH] Request received for patient_id=all, fhir_base_url=http://38.careit.one:8200
[REFRESH] Queued refresh job 66043510-33f5-4c00-a7e5-527b3fa65c6a
[REFRESH] Starting refresh job 66043510-33f5-4c00-a7e5-527b3fa65c6a for patient_id=all
2026-04-19 15:32:06,920 - werkzeug - INFO - 192.168.0.239 - - [19/Apr/2026 15:32:06] "[35m[1mPOST /api/refresh-patient-context HTTP/1.1[0m" 202 -
2026-04-19 15:32:06,920 - direct_fhir - INFO - Fetching all patients
2026-04-19 15:32:07,169 - direct_fhir - INFO - Found 100 patients
2026-04-19 15:32:07,882 - direct_fhir - INFO -   Account: 0 so far...
[ALL-PATIENTS] Account: fetched 0 records
2026-04-19 15:32:08,035 - direct_fhir - INFO -   AdverseEvent: 0 so far...
[ALL-PATIENTS] AdverseEvent: fetched 0 records
2026-04-19 15:32:08,175 - direct_fhir - INFO -   AllergyIntolerance: 50 so far...
2026-04-19 15:32:08,928 - direct_fhir - INFO -   AllergyIntolerance: 87 so far...
[ALL-PATIENTS] AllergyIntolerance: fetched 87 records
2026-04-19 15:32:09,072 - direct_fhir - INFO -   Appointment: 0 so far...
[ALL-PATIENTS] Appointment: fetched 0 records
2026-04-19 15:32:09,206 - direct_fhir - INFO -   AppointmentResponse: 0 so far...
[ALL-PATIENTS] AppointmentResponse: fetched 0 records
2026-04-19 15:32:09,382 - direct_fhir - INFO -   AuditEvent: 50 so far...
2026-04-19 15:32:10,101 - direct_fhir - INFO -   AuditEvent: 96 so far...
[ALL-PATIENTS] AuditEvent: fetched 96 records
2026-04-19 15:32:10,233 - direct_fhir - INFO -   Basic: 0 so far...
[ALL-PATIENTS] Basic: fetched 0 records
2026-04-19 15:32:10,369 - direct_fhir - INFO -   BodyStructure: 0 so far...
[ALL-PATIENTS] BodyStructure: fetched 0 records
2026-04-19 15:32:10,597 - direct_fhir - INFO -   CarePlan: 50 so far...
2026-04-19 15:32:11,423 - direct_fhir - INFO -   CarePlan: 100 so far...
2026-04-19 15:32:11,621 - direct_fhir - INFO -   CarePlan: 150 so far...
2026-04-19 15:32:11,863 - direct_fhir - INFO -   CarePlan: 200 so far...
2026-04-19 15:32:12,074 - direct_fhir - INFO -   CarePlan: 250 so far...
2026-04-19 15:32:12,384 - direct_fhir - INFO -   CarePlan: 300 so far...
2026-04-19 15:32:12,551 - direct_fhir - INFO -   CarePlan: 304 so far...
[ALL-PATIENTS] CarePlan: fetched 304 records
2026-04-19 15:32:12,673 - direct_fhir - INFO -   CareTeam: 0 so far...
[ALL-PATIENTS] CareTeam: fetched 0 records
2026-04-19 15:32:12,797 - direct_fhir - INFO -   ChargeItem: 0 so far...
[ALL-PATIENTS] ChargeItem: fetched 0 records
2026-04-19 15:32:12,934 - direct_fhir - INFO -   Claim: 0 so far...
[ALL-PATIENTS] Claim: fetched 0 records
2026-04-19 15:32:13,058 - direct_fhir - INFO -   ClaimResponse: 0 so far...
[ALL-PATIENTS] ClaimResponse: fetched 0 records
2026-04-19 15:32:13,153 - direct_fhir - INFO -   ClinicalImpression: 0 so far...
[ALL-PATIENTS] ClinicalImpression: fetched 0 records
2026-04-19 15:32:13,324 - direct_fhir - INFO -   Communication: 50 so far...
2026-04-19 15:32:14,051 - direct_fhir - INFO -   Communication: 100 so far...
2026-04-19 15:32:14,241 - direct_fhir - INFO -   Communication: 150 so far...
2026-04-19 15:32:14,415 - direct_fhir - INFO -   Communication: 200 so far...
2026-04-19 15:32:14,586 - direct_fhir - INFO -   Communication: 250 so far...
2026-04-19 15:32:14,785 - direct_fhir - INFO -   Communication: 300 so far...
2026-04-19 15:32:14,958 - direct_fhir - INFO -   Communication: 350 so far...
2026-04-19 15:32:15,110 - direct_fhir - INFO -   Communication: 400 so far...
2026-04-19 15:32:15,300 - direct_fhir - INFO -   Communication: 450 so far...
2026-04-19 15:32:15,500 - direct_fhir - INFO -   Communication: 500 so far...
2026-04-19 15:32:16,238 - direct_fhir - INFO -   Communication: 550 so far...
2026-04-19 15:32:16,431 - direct_fhir - INFO -   Communication: 600 so far...
2026-04-19 15:32:16,606 - direct_fhir - INFO -   Communication: 650 so far...
2026-04-19 15:32:16,739 - direct_fhir - INFO -   Communication: 655 so far...
[ALL-PATIENTS] Communication: fetched 655 records
2026-04-19 15:32:16,837 - direct_fhir - INFO -   CommunicationRequest: 0 so far...
[ALL-PATIENTS] CommunicationRequest: fetched 0 records
2026-04-19 15:32:16,966 - direct_fhir - INFO -   Composition: 0 so far...
[ALL-PATIENTS] Composition: fetched 0 records
2026-04-19 15:32:17,119 - direct_fhir - INFO -   Condition: 50 so far...
2026-04-19 15:32:17,861 - direct_fhir - INFO -   Condition: 100 so far...
2026-04-19 15:32:18,043 - direct_fhir - INFO -   Condition: 150 so far...
2026-04-19 15:32:18,207 - direct_fhir - INFO -   Condition: 200 so far...
2026-04-19 15:32:18,392 - direct_fhir - INFO -   Condition: 250 so far...
2026-04-19 15:32:18,580 - direct_fhir - INFO -   Condition: 300 so far...
2026-04-19 15:32:18,775 - direct_fhir - INFO -   Condition: 350 so far...
2026-04-19 15:32:18,984 - direct_fhir - INFO -   Condition: 400 so far...
2026-04-19 15:32:19,149 - direct_fhir - INFO -   Condition: 450 so far...
2026-04-19 15:32:19,332 - direct_fhir - INFO -   Condition: 500 so far...
2026-04-19 15:32:20,214 - direct_fhir - INFO -   Condition: 550 so far...
2026-04-19 15:32:20,365 - direct_fhir - INFO -   Condition: 600 so far...
2026-04-19 15:32:20,554 - direct_fhir - INFO -   Condition: 650 so far...
2026-04-19 15:32:20,764 - direct_fhir - INFO -   Condition: 700 so far...
2026-04-19 15:32:20,956 - direct_fhir - INFO -   Condition: 750 so far...
2026-04-19 15:32:21,149 - direct_fhir - INFO -   Condition: 800 so far...
2026-04-19 15:32:21,371 - direct_fhir - INFO -   Condition: 850 so far...
2026-04-19 15:32:21,545 - direct_fhir - INFO -   Condition: 900 so far...
2026-04-19 15:32:21,742 - direct_fhir - INFO -   Condition: 950 so far...
2026-04-19 15:32:21,919 - direct_fhir - INFO -   Condition: 1000 so far...
2026-04-19 15:32:22,096 - direct_fhir - INFO -   Condition: 1050 so far...
2026-04-19 15:32:22,308 - direct_fhir - INFO -   Condition: 1100 so far...
2026-04-19 15:32:22,517 - direct_fhir - INFO -   Condition: 1150 so far...
2026-04-19 15:32:22,745 - direct_fhir - INFO -   Condition: 1200 so far...
2026-04-19 15:32:22,906 - direct_fhir - INFO -   Condition: 1250 so far...
2026-04-19 15:32:23,090 - direct_fhir - INFO -   Condition: 1300 so far...
2026-04-19 15:32:23,264 - direct_fhir - INFO -   Condition: 1350 so far...
2026-04-19 15:32:23,477 - direct_fhir - INFO -   Condition: 1400 so far...
2026-04-19 15:32:23,658 - direct_fhir - INFO -   Condition: 1450 so far...
2026-04-19 15:32:23,817 - direct_fhir - INFO -   Condition: 1500 so far...
2026-04-19 15:32:23,981 - direct_fhir - INFO -   Condition: 1550 so far...
2026-04-19 15:32:24,155 - direct_fhir - INFO -   Condition: 1600 so far...
2026-04-19 15:32:24,343 - direct_fhir - INFO -   Condition: 1650 so far...
2026-04-19 15:32:24,553 - direct_fhir - INFO -   Condition: 1700 so far...
2026-04-19 15:32:24,741 - direct_fhir - INFO -   Condition: 1750 so far...
2026-04-19 15:32:24,902 - direct_fhir - INFO -   Condition: 1800 so far...
2026-04-19 15:32:25,080 - direct_fhir - INFO -   Condition: 1850 so far...
2026-04-19 15:32:25,274 - direct_fhir - INFO -   Condition: 1900 so far...
2026-04-19 15:32:25,469 - direct_fhir - INFO -   Condition: 1950 so far...
2026-04-19 15:32:25,630 - direct_fhir - INFO -   Condition: 2000 so far...
2026-04-19 15:32:27,219 - direct_fhir - INFO -   Condition: 2050 so far...
2026-04-19 15:32:27,428 - direct_fhir - INFO -   Condition: 2100 so far...
2026-04-19 15:32:27,627 - direct_fhir - INFO -   Condition: 2150 so far...
2026-04-19 15:32:27,794 - direct_fhir - INFO -   Condition: 2200 so far...
2026-04-19 15:32:27,953 - direct_fhir - INFO -   Condition: 2250 so far...
2026-04-19 15:32:28,131 - direct_fhir - INFO -   Condition: 2300 so far...
2026-04-19 15:32:28,464 - direct_fhir - INFO -   Condition: 2350 so far...
2026-04-19 15:32:28,678 - direct_fhir - INFO -   Condition: 2400 so far...
2026-04-19 15:32:28,871 - direct_fhir - INFO -   Condition: 2450 so far...
2026-04-19 15:32:29,085 - direct_fhir - INFO -   Condition: 2500 so far...
2026-04-19 15:32:29,257 - direct_fhir - INFO -   Condition: 2550 so far...
2026-04-19 15:32:29,441 - direct_fhir - INFO -   Condition: 2600 so far...
2026-04-19 15:32:29,625 - direct_fhir - INFO -   Condition: 2650 so far...
2026-04-19 15:32:29,810 - direct_fhir - INFO -   Condition: 2700 so far...
2026-04-19 15:32:29,972 - direct_fhir - INFO -   Condition: 2750 so far...
2026-04-19 15:32:30,153 - direct_fhir - INFO -   Condition: 2800 so far...
2026-04-19 15:32:30,334 - direct_fhir - INFO -   Condition: 2850 so far...
2026-04-19 15:32:30,495 - direct_fhir - INFO -   Condition: 2900 so far...
2026-04-19 15:32:30,680 - direct_fhir - INFO -   Condition: 2950 so far...
2026-04-19 15:32:30,841 - direct_fhir - INFO -   Condition: 3000 so far...
2026-04-19 15:32:31,025 - direct_fhir - INFO -   Condition: 3050 so far...
2026-04-19 15:32:31,193 - direct_fhir - INFO -   Condition: 3100 so far...
2026-04-19 15:32:31,350 - direct_fhir - INFO -   Condition: 3150 so far...
2026-04-19 15:32:31,493 - direct_fhir - INFO -   Condition: 3200 so far...
2026-04-19 15:32:31,695 - direct_fhir - INFO -   Condition: 3250 so far...
2026-04-19 15:32:31,878 - direct_fhir - INFO -   Condition: 3300 so far...
2026-04-19 15:32:32,034 - direct_fhir - INFO -   Condition: 3350 so far...
2026-04-19 15:32:32,188 - direct_fhir - INFO -   Condition: 3400 so far...
2026-04-19 15:32:32,388 - direct_fhir - INFO -   Condition: 3450 so far...
2026-04-19 15:32:32,561 - direct_fhir - INFO -   Condition: 3500 so far...
2026-04-19 15:32:32,716 - direct_fhir - INFO -   Condition: 3550 so far...
2026-04-19 15:32:32,881 - direct_fhir - INFO -   Condition: 3600 so far...
2026-04-19 15:32:33,057 - direct_fhir - INFO -   Condition: 3650 so far...
2026-04-19 15:32:33,237 - direct_fhir - INFO -   Condition: 3700 so far...
2026-04-19 15:32:33,417 - direct_fhir - INFO -   Condition: 3750 so far...
2026-04-19 15:32:33,583 - direct_fhir - INFO -   Condition: 3800 so far...
2026-04-19 15:32:33,732 - direct_fhir - INFO -   Condition: 3850 so far...
2026-04-19 15:32:33,886 - direct_fhir - INFO -   Condition: 3900 so far...
2026-04-19 15:32:34,081 - direct_fhir - INFO -   Condition: 3950 so far...
2026-04-19 15:32:34,379 - direct_fhir - INFO -   Condition: 4000 so far...
2026-04-19 15:32:34,597 - direct_fhir - INFO -   Condition: 4050 so far...
2026-04-19 15:32:34,820 - direct_fhir - INFO -   Condition: 4100 so far...
2026-04-19 15:32:35,013 - direct_fhir - INFO -   Condition: 4150 so far...
2026-04-19 15:32:35,216 - direct_fhir - INFO -   Condition: 4200 so far...
2026-04-19 15:32:35,423 - direct_fhir - INFO -   Condition: 4250 so far...
2026-04-19 15:32:35,622 - direct_fhir - INFO -   Condition: 4300 so far...
2026-04-19 15:32:35,792 - direct_fhir - INFO -   Condition: 4350 so far...
2026-04-19 15:32:35,969 - direct_fhir - INFO -   Condition: 4400 so far...
2026-04-19 15:32:36,130 - direct_fhir - INFO -   Condition: 4450 so far...
2026-04-19 15:32:36,294 - direct_fhir - INFO -   Condition: 4500 so far...
2026-04-19 15:32:36,456 - direct_fhir - INFO -   Condition: 4550 so far...
2026-04-19 15:32:36,626 - direct_fhir - INFO -   Condition: 4600 so far...
2026-04-19 15:32:36,815 - direct_fhir - INFO -   Condition: 4650 so far...
2026-04-19 15:32:37,004 - direct_fhir - INFO -   Condition: 4700 so far...
2026-04-19 15:32:37,175 - direct_fhir - INFO -   Condition: 4750 so far...
2026-04-19 15:32:37,342 - direct_fhir - INFO -   Condition: 4800 so far...
2026-04-19 15:32:37,527 - direct_fhir - INFO -   Condition: 4850 so far...
2026-04-19 15:32:37,686 - direct_fhir - INFO -   Condition: 4900 so far...
2026-04-19 15:32:37,904 - direct_fhir - INFO -   Condition: 4950 so far...
2026-04-19 15:32:38,107 - direct_fhir - INFO -   Condition: 5000 so far...
2026-04-19 15:32:38,354 - direct_fhir - INFO -   Condition: 5050 so far...
2026-04-19 15:32:38,544 - direct_fhir - INFO -   Condition: 5100 so far...
2026-04-19 15:32:38,694 - direct_fhir - INFO -   Condition: 5150 so far...
2026-04-19 15:32:38,880 - direct_fhir - INFO -   Condition: 5200 so far...
2026-04-19 15:32:39,117 - direct_fhir - INFO -   Condition: 5250 so far...
2026-04-19 15:32:39,309 - direct_fhir - INFO -   Condition: 5300 so far...
2026-04-19 15:32:39,529 - direct_fhir - INFO -   Condition: 5350 so far...
2026-04-19 15:32:39,734 - direct_fhir - INFO -   Condition: 5400 so far...
2026-04-19 15:32:39,904 - direct_fhir - INFO -   Condition: 5450 so far...
2026-04-19 15:32:40,079 - direct_fhir - INFO -   Condition: 5500 so far...
2026-04-19 15:32:40,275 - direct_fhir - INFO -   Condition: 5550 so far...
2026-04-19 15:32:40,440 - direct_fhir - INFO -   Condition: 5600 so far...
2026-04-19 15:32:40,635 - direct_fhir - INFO -   Condition: 5650 so far...
2026-04-19 15:32:40,811 - direct_fhir - INFO -   Condition: 5700 so far...
2026-04-19 15:32:41,007 - direct_fhir - INFO -   Condition: 5750 so far...
2026-04-19 15:32:41,189 - direct_fhir - INFO -   Condition: 5800 so far...
2026-04-19 15:32:41,362 - direct_fhir - INFO -   Condition: 5850 so far...
2026-04-19 15:32:41,521 - direct_fhir - INFO -   Condition: 5900 so far...
2026-04-19 15:32:41,703 - direct_fhir - INFO -   Condition: 5950 so far...
2026-04-19 15:32:41,985 - direct_fhir - INFO -   Condition: 6000 so far...
2026-04-19 15:32:42,232 - direct_fhir - INFO -   Condition: 6050 so far...
2026-04-19 15:32:42,438 - direct_fhir - INFO -   Condition: 6100 so far...
2026-04-19 15:32:42,636 - direct_fhir - INFO -   Condition: 6150 so far...
2026-04-19 15:32:42,830 - direct_fhir - INFO -   Condition: 6200 so far...
2026-04-19 15:32:42,996 - direct_fhir - INFO -   Condition: 6250 so far...
2026-04-19 15:32:43,182 - direct_fhir - INFO -   Condition: 6300 so far...
2026-04-19 15:32:43,503 - direct_fhir - INFO -   Condition: 6350 so far...
2026-04-19 15:32:43,680 - direct_fhir - INFO -   Condition: 6400 so far...
2026-04-19 15:32:43,854 - direct_fhir - INFO -   Condition: 6450 so far...
2026-04-19 15:32:44,018 - direct_fhir - INFO -   Condition: 6500 so far...
2026-04-19 15:32:44,188 - direct_fhir - INFO -   Condition: 6550 so far...
2026-04-19 15:32:44,366 - direct_fhir - INFO -   Condition: 6600 so far...
2026-04-19 15:32:44,569 - direct_fhir - INFO -   Condition: 6650 so far...
2026-04-19 15:32:44,740 - direct_fhir - INFO -   Condition: 6700 so far...
2026-04-19 15:32:44,892 - direct_fhir - INFO -   Condition: 6750 so far...
2026-04-19 15:32:45,054 - direct_fhir - INFO -   Condition: 6800 so far...
2026-04-19 15:32:45,211 - direct_fhir - INFO -   Condition: 6850 so far...
2026-04-19 15:32:45,375 - direct_fhir - INFO -   Condition: 6900 so far...
2026-04-19 15:32:45,729 - direct_fhir - INFO -   Condition: 6950 so far...
2026-04-19 15:32:45,885 - direct_fhir - INFO -   Condition: 7000 so far...
2026-04-19 15:32:46,061 - direct_fhir - INFO -   Condition: 7050 so far...
2026-04-19 15:32:46,247 - direct_fhir - INFO -   Condition: 7100 so far...
2026-04-19 15:32:46,405 - direct_fhir - INFO -   Condition: 7150 so far...
2026-04-19 15:32:46,634 - direct_fhir - INFO -   Condition: 7200 so far...
2026-04-19 15:32:46,811 - direct_fhir - INFO -   Condition: 7250 so far...
2026-04-19 15:32:46,977 - direct_fhir - INFO -   Condition: 7300 so far...
2026-04-19 15:32:47,133 - direct_fhir - INFO -   Condition: 7350 so far...
2026-04-19 15:32:47,297 - direct_fhir - INFO -   Condition: 7400 so far...
2026-04-19 15:32:47,491 - direct_fhir - INFO -   Condition: 7450 so far...
2026-04-19 15:32:47,686 - direct_fhir - INFO -   Condition: 7500 so far...
2026-04-19 15:32:47,850 - direct_fhir - INFO -   Condition: 7550 so far...
2026-04-19 15:32:48,022 - direct_fhir - INFO -   Condition: 7600 so far...
2026-04-19 15:32:48,190 - direct_fhir - INFO -   Condition: 7650 so far...
2026-04-19 15:32:48,355 - direct_fhir - INFO -   Condition: 7700 so far...
2026-04-19 15:32:48,510 - direct_fhir - INFO -   Condition: 7750 so far...
2026-04-19 15:32:48,692 - direct_fhir - INFO -   Condition: 7800 so far...
2026-04-19 15:32:48,894 - direct_fhir - INFO -   Condition: 7850 so far...
2026-04-19 15:32:49,063 - direct_fhir - INFO -   Condition: 7900 so far...
2026-04-19 15:32:49,229 - direct_fhir - INFO -   Condition: 7950 so far...
2026-04-19 15:32:49,411 - direct_fhir - INFO -   Condition: 8000 so far...
2026-04-19 15:32:49,603 - direct_fhir - INFO -   Condition: 8050 so far...
2026-04-19 15:32:49,780 - direct_fhir - INFO -   Condition: 8100 so far...
2026-04-19 15:32:49,955 - direct_fhir - INFO -   Condition: 8150 so far...
2026-04-19 15:32:50,134 - direct_fhir - INFO -   Condition: 8200 so far...
2026-04-19 15:32:50,330 - direct_fhir - INFO -   Condition: 8250 so far...
2026-04-19 15:32:50,499 - direct_fhir - INFO -   Condition: 8300 so far...
2026-04-19 15:32:50,677 - direct_fhir - INFO -   Condition: 8350 so far...
2026-04-19 15:32:50,846 - direct_fhir - INFO -   Condition: 8400 so far...
2026-04-19 15:32:51,014 - direct_fhir - INFO -   Condition: 8450 so far...
2026-04-19 15:32:51,207 - direct_fhir - INFO -   Condition: 8500 so far...
2026-04-19 15:32:51,366 - direct_fhir - INFO -   Condition: 8550 so far...
2026-04-19 15:32:51,554 - direct_fhir - INFO -   Condition: 8600 so far...
2026-04-19 15:32:51,727 - direct_fhir - INFO -   Condition: 8650 so far...
2026-04-19 15:32:51,892 - direct_fhir - INFO -   Condition: 8700 so far...
2026-04-19 15:32:52,109 - direct_fhir - INFO -   Condition: 8750 so far...
2026-04-19 15:32:52,275 - direct_fhir - INFO -   Condition: 8800 so far...
2026-04-19 15:32:52,487 - direct_fhir - INFO -   Condition: 8850 so far...
2026-04-19 15:32:52,669 - direct_fhir - INFO -   Condition: 8900 so far...
2026-04-19 15:32:52,852 - direct_fhir - INFO -   Condition: 8950 so far...
2026-04-19 15:32:53,019 - direct_fhir - INFO -   Condition: 9000 so far...
2026-04-19 15:32:53,192 - direct_fhir - INFO -   Condition: 9050 so far...
2026-04-19 15:32:53,383 - direct_fhir - INFO -   Condition: 9100 so far...
2026-04-19 15:32:53,576 - direct_fhir - INFO -   Condition: 9150 so far...
2026-04-19 15:32:53,786 - direct_fhir - INFO -   Condition: 9200 so far...
2026-04-19 15:32:53,943 - direct_fhir - INFO -   Condition: 9250 so far...
2026-04-19 15:32:54,138 - direct_fhir - INFO -   Condition: 9300 so far...
2026-04-19 15:32:54,303 - direct_fhir - INFO -   Condition: 9350 so far...
2026-04-19 15:32:54,474 - direct_fhir - INFO -   Condition: 9400 so far...
2026-04-19 15:32:54,646 - direct_fhir - INFO -   Condition: 9450 so far...
2026-04-19 15:32:54,818 - direct_fhir - INFO -   Condition: 9500 so far...
2026-04-19 15:32:55,001 - direct_fhir - INFO -   Condition: 9550 so far...
2026-04-19 15:32:55,156 - direct_fhir - INFO -   Condition: 9600 so far...
2026-04-19 15:32:55,325 - direct_fhir - INFO -   Condition: 9650 so far...
2026-04-19 15:32:55,509 - direct_fhir - INFO -   Condition: 9700 so far...
2026-04-19 15:32:55,714 - direct_fhir - INFO -   Condition: 9750 so far...
2026-04-19 15:32:55,879 - direct_fhir - INFO -   Condition: 9800 so far...
2026-04-19 15:32:56,095 - direct_fhir - INFO -   Condition: 9850 so far...
2026-04-19 15:32:56,294 - direct_fhir - INFO -   Condition: 9900 so far...
2026-04-19 15:32:56,506 - direct_fhir - INFO -   Condition: 9950 so far...
2026-04-19 15:32:56,711 - direct_fhir - INFO -   Condition: 10000 so far...
2026-04-19 15:32:56,883 - direct_fhir - INFO -   Condition: 10050 so far...
2026-04-19 15:32:57,066 - direct_fhir - INFO -   Condition: 10100 so far...
2026-04-19 15:32:57,246 - direct_fhir - INFO -   Condition: 10150 so far...
2026-04-19 15:32:57,488 - direct_fhir - INFO -   Condition: 10200 so far...
2026-04-19 15:32:57,669 - direct_fhir - INFO -   Condition: 10250 so far...
2026-04-19 15:32:57,846 - direct_fhir - INFO -   Condition: 10300 so far...
2026-04-19 15:32:58,013 - direct_fhir - INFO -   Condition: 10350 so far...
2026-04-19 15:32:58,214 - direct_fhir - INFO -   Condition: 10400 so far...
2026-04-19 15:32:58,395 - direct_fhir - INFO -   Condition: 10450 so far...
2026-04-19 15:32:58,602 - direct_fhir - INFO -   Condition: 10500 so far...
2026-04-19 15:32:58,774 - direct_fhir - INFO -   Condition: 10550 so far...
2026-04-19 15:32:58,944 - direct_fhir - INFO -   Condition: 10600 so far...
2026-04-19 15:32:59,141 - direct_fhir - INFO -   Condition: 10650 so far...
2026-04-19 15:32:59,343 - direct_fhir - INFO -   Condition: 10700 so far...
2026-04-19 15:32:59,549 - direct_fhir - INFO -   Condition: 10750 so far...
2026-04-19 15:32:59,744 - direct_fhir - INFO -   Condition: 10800 so far...
2026-04-19 15:32:59,905 - direct_fhir - INFO -   Condition: 10850 so far...
2026-04-19 15:33:00,192 - direct_fhir - INFO -   Condition: 10900 so far...
2026-04-19 15:33:00,362 - direct_fhir - INFO -   Condition: 10950 so far...
2026-04-19 15:33:00,554 - direct_fhir - INFO -   Condition: 11000 so far...
2026-04-19 15:33:00,726 - direct_fhir - INFO -   Condition: 11050 so far...
2026-04-19 15:33:00,918 - direct_fhir - INFO -   Condition: 11100 so far...
2026-04-19 15:33:01,106 - direct_fhir - INFO -   Condition: 11150 so far...
2026-04-19 15:33:01,335 - direct_fhir - INFO -   Condition: 11200 so far...
2026-04-19 15:33:01,516 - direct_fhir - INFO -   Condition: 11250 so far...
2026-04-19 15:33:01,729 - direct_fhir - INFO -   Condition: 11300 so far...
2026-04-19 15:33:01,895 - direct_fhir - INFO -   Condition: 11350 so far...
2026-04-19 15:33:02,074 - direct_fhir - INFO -   Condition: 11400 so far...
2026-04-19 15:33:02,234 - direct_fhir - INFO -   Condition: 11450 so far...
2026-04-19 15:33:02,441 - direct_fhir - INFO -   Condition: 11500 so far...
2026-04-19 15:33:02,610 - direct_fhir - INFO -   Condition: 11550 so far...
2026-04-19 15:33:02,826 - direct_fhir - INFO -   Condition: 11600 so far...
2026-04-19 15:33:02,990 - direct_fhir - INFO -   Condition: 11650 so far...
2026-04-19 15:33:03,153 - direct_fhir - INFO -   Condition: 11700 so far...
2026-04-19 15:33:03,321 - direct_fhir - INFO -   Condition: 11750 so far...
2026-04-19 15:33:03,513 - direct_fhir - INFO -   Condition: 11800 so far...
2026-04-19 15:33:03,671 - direct_fhir - INFO -   Condition: 11850 so far...
2026-04-19 15:33:03,847 - direct_fhir - INFO -   Condition: 11900 so far...
2026-04-19 15:33:04,032 - direct_fhir - INFO -   Condition: 11950 so far...
2026-04-19 15:33:04,216 - direct_fhir - INFO -   Condition: 12000 so far...
2026-04-19 15:33:04,396 - direct_fhir - INFO -   Condition: 12050 so far...
2026-04-19 15:33:04,560 - direct_fhir - INFO -   Condition: 12100 so far...
2026-04-19 15:33:04,710 - direct_fhir - INFO -   Condition: 12150 so far...
2026-04-19 15:33:04,888 - direct_fhir - INFO -   Condition: 12200 so far...
2026-04-19 15:33:05,047 - direct_fhir - INFO -   Condition: 12250 so far...
2026-04-19 15:33:05,201 - direct_fhir - INFO -   Condition: 12300 so far...
2026-04-19 15:33:05,365 - direct_fhir - INFO -   Condition: 12350 so far...
2026-04-19 15:33:05,533 - direct_fhir - INFO -   Condition: 12400 so far...
2026-04-19 15:33:05,719 - direct_fhir - INFO -   Condition: 12450 so far...
2026-04-19 15:33:05,853 - direct_fhir - INFO -   Condition: 12500 so far...
2026-04-19 15:33:06,021 - direct_fhir - INFO -   Condition: 12550 so far...
2026-04-19 15:33:06,178 - direct_fhir - INFO -   Condition: 12600 so far...
2026-04-19 15:33:06,353 - direct_fhir - INFO -   Condition: 12650 so far...
2026-04-19 15:33:06,509 - direct_fhir - INFO -   Condition: 12700 so far...
2026-04-19 15:33:06,659 - direct_fhir - INFO -   Condition: 12750 so far...
2026-04-19 15:33:06,815 - direct_fhir - INFO -   Condition: 12800 so far...
2026-04-19 15:33:06,982 - direct_fhir - INFO -   Condition: 12850 so far...
2026-04-19 15:33:07,147 - direct_fhir - INFO -   Condition: 12900 so far...
2026-04-19 15:33:07,319 - direct_fhir - INFO -   Condition: 12950 so far...
2026-04-19 15:33:07,477 - direct_fhir - INFO -   Condition: 13000 so far...
2026-04-19 15:33:07,682 - direct_fhir - INFO -   Condition: 13050 so far...
2026-04-19 15:33:07,873 - direct_fhir - INFO -   Condition: 13089 so far...
[ALL-PATIENTS] Condition: fetched 13089 records
2026-04-19 15:33:08,042 - direct_fhir - INFO -   Consent: 0 so far...
[ALL-PATIENTS] Consent: fetched 0 records
2026-04-19 15:33:08,178 - direct_fhir - INFO -   Contract: 0 so far...
[ALL-PATIENTS] Contract: fetched 0 records
2026-04-19 15:33:08,306 - direct_fhir - INFO -   Coverage: 0 so far...
[ALL-PATIENTS] Coverage: fetched 0 records
2026-04-19 15:33:08,413 - direct_fhir - INFO -   CoverageEligibilityRequest: 0 so far...
[ALL-PATIENTS] CoverageEligibilityRequest: fetched 0 records
2026-04-19 15:33:08,534 - direct_fhir - INFO -   CoverageEligibilityResponse: 0 so far...
[ALL-PATIENTS] CoverageEligibilityResponse: fetched 0 records
2026-04-19 15:33:08,635 - direct_fhir - INFO -   DetectedIssue: 0 so far...
[ALL-PATIENTS] DetectedIssue: fetched 0 records
2026-04-19 15:33:08,790 - direct_fhir - INFO -   Device: 0 so far...
[ALL-PATIENTS] Device: fetched 0 records
2026-04-19 15:33:08,901 - direct_fhir - INFO -   DeviceRequest: 0 so far...
[ALL-PATIENTS] DeviceRequest: fetched 0 records
2026-04-19 15:33:09,024 - direct_fhir - INFO -   DeviceUseStatement: 0 so far...
[ALL-PATIENTS] DeviceUseStatement: fetched 0 records
2026-04-19 15:33:09,160 - direct_fhir - INFO -   DiagnosticReport: 0 so far...
[ALL-PATIENTS] DiagnosticReport: fetched 0 records
2026-04-19 15:33:09,294 - direct_fhir - INFO -   DocumentManifest: 0 so far...
[ALL-PATIENTS] DocumentManifest: fetched 0 records
2026-04-19 15:33:09,411 - direct_fhir - INFO -   DocumentReference: 0 so far...
[ALL-PATIENTS] DocumentReference: fetched 0 records
2026-04-19 15:33:09,631 - direct_fhir - INFO -   Encounter: 50 so far...
2026-04-19 15:33:10,446 - direct_fhir - INFO -   Encounter: 100 so far...
2026-04-19 15:33:10,647 - direct_fhir - INFO -   Encounter: 150 so far...
2026-04-19 15:33:10,827 - direct_fhir - INFO -   Encounter: 200 so far...
2026-04-19 15:33:10,996 - direct_fhir - INFO -   Encounter: 250 so far...
2026-04-19 15:33:11,171 - direct_fhir - INFO -   Encounter: 300 so far...
2026-04-19 15:33:11,366 - direct_fhir - INFO -   Encounter: 350 so far...
2026-04-19 15:33:11,505 - direct_fhir - INFO -   Encounter: 359 so far...
[ALL-PATIENTS] Encounter: fetched 359 records
2026-04-19 15:33:11,619 - direct_fhir - INFO -   EnrollmentRequest: 0 so far...
[ALL-PATIENTS] EnrollmentRequest: fetched 0 records
2026-04-19 15:33:11,724 - direct_fhir - INFO -   EpisodeOfCare: 0 so far...
[ALL-PATIENTS] EpisodeOfCare: fetched 0 records
2026-04-19 15:33:11,860 - direct_fhir - INFO -   ExplanationOfBenefit: 0 so far...
[ALL-PATIENTS] ExplanationOfBenefit: fetched 0 records
2026-04-19 15:33:11,965 - direct_fhir - INFO -   FamilyMemberHistory: 0 so far...
[ALL-PATIENTS] FamilyMemberHistory: fetched 0 records
2026-04-19 15:33:12,188 - direct_fhir - INFO -   Flag: 50 so far...
2026-04-19 15:33:12,965 - direct_fhir - INFO -   Flag: 100 so far...
2026-04-19 15:33:13,205 - direct_fhir - INFO -   Flag: 150 so far...
2026-04-19 15:33:13,415 - direct_fhir - INFO -   Flag: 200 so far...
2026-04-19 15:33:13,660 - direct_fhir - INFO -   Flag: 250 so far...
2026-04-19 15:33:13,869 - direct_fhir - INFO -   Flag: 300 so far...
2026-04-19 15:33:14,066 - direct_fhir - INFO -   Flag: 350 so far...
2026-04-19 15:33:14,298 - direct_fhir - INFO -   Flag: 400 so far...
2026-04-19 15:33:14,508 - direct_fhir - INFO -   Flag: 450 so far...
2026-04-19 15:33:14,709 - direct_fhir - INFO -   Flag: 500 so far...
2026-04-19 15:33:15,428 - direct_fhir - INFO -   Flag: 533 so far...
[ALL-PATIENTS] Flag: fetched 533 records
2026-04-19 15:33:15,594 - direct_fhir - INFO -   Goal: 42 so far...
[ALL-PATIENTS] Goal: fetched 42 records
2026-04-19 15:33:15,714 - direct_fhir - INFO -   GuidanceResponse: 0 so far...
[ALL-PATIENTS] GuidanceResponse: fetched 0 records
2026-04-19 15:33:15,816 - direct_fhir - INFO -   ImagingStudy: 0 so far...
[ALL-PATIENTS] ImagingStudy: fetched 0 records
2026-04-19 15:33:15,932 - direct_fhir - INFO -   Immunization: 0 so far...
[ALL-PATIENTS] Immunization: fetched 0 records
2026-04-19 15:33:16,052 - direct_fhir - INFO -   ImmunizationEvaluation: 0 so far...
[ALL-PATIENTS] ImmunizationEvaluation: fetched 0 records
2026-04-19 15:33:16,171 - direct_fhir - INFO -   ImmunizationRecommendation: 0 so far...
[ALL-PATIENTS] ImmunizationRecommendation: fetched 0 records
2026-04-19 15:33:16,276 - direct_fhir - INFO -   Invoice: 0 so far...
[ALL-PATIENTS] Invoice: fetched 0 records
2026-04-19 15:33:16,468 - direct_fhir - INFO -   List: 50 so far...
2026-04-19 15:33:17,209 - direct_fhir - INFO -   List: 100 so far...
2026-04-19 15:33:17,407 - direct_fhir - INFO -   List: 150 so far...
2026-04-19 15:33:17,564 - direct_fhir - INFO -   List: 200 so far...
2026-04-19 15:33:17,833 - direct_fhir - INFO -   List: 250 so far...
2026-04-19 15:33:18,114 - direct_fhir - INFO -   List: 282 so far...
[ALL-PATIENTS] List: fetched 282 records
2026-04-19 15:33:18,261 - direct_fhir - INFO -   MeasureReport: 0 so far...
[ALL-PATIENTS] MeasureReport: fetched 0 records
2026-04-19 15:33:20,892 - direct_fhir - INFO -   Media: 50 so far...
2026-04-19 15:33:23,823 - direct_fhir - INFO -   Media: 100 so far...
2026-04-19 15:33:26,165 - direct_fhir - INFO -   Media: 150 so far...
2026-04-19 15:33:27,599 - direct_fhir - INFO -   Media: 200 so far...
2026-04-19 15:33:28,761 - direct_fhir - INFO -   Media: 250 so far...
2026-04-19 15:33:29,935 - direct_fhir - INFO -   Media: 300 so far...
2026-04-19 15:33:31,452 - direct_fhir - INFO -   Media: 350 so far...
2026-04-19 15:33:32,884 - direct_fhir - INFO -   Media: 400 so far...
2026-04-19 15:33:34,289 - direct_fhir - INFO -   Media: 450 so far...
2026-04-19 15:33:35,130 - direct_fhir - INFO -   Media: 482 so far...
[ALL-PATIENTS] Media: fetched 482 records
2026-04-19 15:33:35,286 - direct_fhir - INFO -   MedicationAdministration: 50 so far...
2026-04-19 15:33:35,970 - direct_fhir - INFO -   MedicationAdministration: 100 so far...
2026-04-19 15:33:36,135 - direct_fhir - INFO -   MedicationAdministration: 117 so far...
[ALL-PATIENTS] MedicationAdministration: fetched 117 records
2026-04-19 15:33:36,266 - direct_fhir - INFO -   MedicationDispense: 0 so far...
[ALL-PATIENTS] MedicationDispense: fetched 0 records
2026-04-19 15:33:36,414 - direct_fhir - INFO -   MedicationRequest: 50 so far...
2026-04-19 15:33:37,111 - direct_fhir - INFO -   MedicationRequest: 100 so far...
2026-04-19 15:33:37,275 - direct_fhir - INFO -   MedicationRequest: 130 so far...
[ALL-PATIENTS] MedicationRequest: fetched 130 records
2026-04-19 15:33:37,381 - direct_fhir - INFO -   MedicationStatement: 0 so far...
[ALL-PATIENTS] MedicationStatement: fetched 0 records
2026-04-19 15:33:37,524 - direct_fhir - INFO -   MedicinalProductAuthorization: 0 so far...
[ALL-PATIENTS] MedicinalProductAuthorization: fetched 0 records
2026-04-19 15:33:37,630 - direct_fhir - INFO -   MedicinalProductContraindication: 0 so far...
[ALL-PATIENTS] MedicinalProductContraindication: fetched 0 records
2026-04-19 15:33:37,738 - direct_fhir - INFO -   MedicinalProductIndication: 0 so far...
[ALL-PATIENTS] MedicinalProductIndication: fetched 0 records
2026-04-19 15:33:37,863 - direct_fhir - INFO -   MedicinalProductInteraction: 0 so far...
[ALL-PATIENTS] MedicinalProductInteraction: fetched 0 records
2026-04-19 15:33:37,974 - direct_fhir - INFO -   MedicinalProductPackaged: 0 so far...
[ALL-PATIENTS] MedicinalProductPackaged: fetched 0 records
2026-04-19 15:33:38,070 - direct_fhir - INFO -   MedicinalProductUndesirableEffect: 0 so far...
[ALL-PATIENTS] MedicinalProductUndesirableEffect: fetched 0 records
2026-04-19 15:33:38,211 - direct_fhir - INFO -   MolecularSequence: 0 so far...
[ALL-PATIENTS] MolecularSequence: fetched 0 records
2026-04-19 15:33:38,363 - direct_fhir - INFO -   NutritionOrder: 0 so far...
[ALL-PATIENTS] NutritionOrder: fetched 0 records
2026-04-19 15:33:38,513 - direct_fhir - INFO -   Observation: 50 so far...
2026-04-19 15:33:39,233 - direct_fhir - INFO -   Observation: 100 so far...
2026-04-19 15:33:39,414 - direct_fhir - INFO -   Observation: 150 so far...
2026-04-19 15:33:39,652 - direct_fhir - INFO -   Observation: 200 so far...
2026-04-19 15:33:39,839 - direct_fhir - INFO -   Observation: 250 so far...
2026-04-19 15:33:40,037 - direct_fhir - INFO -   Observation: 300 so far...
2026-04-19 15:33:40,215 - direct_fhir - INFO -   Observation: 350 so far...
2026-04-19 15:33:40,397 - direct_fhir - INFO -   Observation: 400 so far...
2026-04-19 15:33:40,614 - direct_fhir - INFO -   Observation: 450 so far...
2026-04-19 15:33:40,796 - direct_fhir - INFO -   Observation: 500 so far...
2026-04-19 15:33:41,584 - direct_fhir - INFO -   Observation: 550 so far...
2026-04-19 15:33:41,760 - direct_fhir - INFO -   Observation: 600 so far...
2026-04-19 15:33:41,933 - direct_fhir - INFO -   Observation: 650 so far...
2026-04-19 15:33:42,107 - direct_fhir - INFO -   Observation: 700 so far...
2026-04-19 15:33:42,374 - direct_fhir - INFO -   Observation: 750 so far...
2026-04-19 15:33:42,541 - direct_fhir - INFO -   Observation: 800 so far...
2026-04-19 15:33:42,719 - direct_fhir - INFO -   Observation: 850 so far...
2026-04-19 15:33:42,909 - direct_fhir - INFO -   Observation: 900 so far...
2026-04-19 15:33:43,104 - direct_fhir - INFO -   Observation: 950 so far...
2026-04-19 15:33:43,299 - direct_fhir - INFO -   Observation: 1000 so far...
2026-04-19 15:33:43,547 - direct_fhir - INFO -   Observation: 1050 so far...
2026-04-19 15:33:43,761 - direct_fhir - INFO -   Observation: 1100 so far...
2026-04-19 15:33:43,954 - direct_fhir - INFO -   Observation: 1150 so far...
2026-04-19 15:33:44,155 - direct_fhir - INFO -   Observation: 1200 so far...
2026-04-19 15:33:44,342 - direct_fhir - INFO -   Observation: 1250 so far...
2026-04-19 15:33:44,544 - direct_fhir - INFO -   Observation: 1300 so far...
2026-04-19 15:33:44,718 - direct_fhir - INFO -   Observation: 1350 so far...
2026-04-19 15:33:44,901 - direct_fhir - INFO -   Observation: 1400 so far...
2026-04-19 15:33:45,094 - direct_fhir - INFO -   Observation: 1450 so far...
2026-04-19 15:33:45,276 - direct_fhir - INFO -   Observation: 1500 so far...
2026-04-19 15:33:45,484 - direct_fhir - INFO -   Observation: 1550 so far...
2026-04-19 15:33:45,652 - direct_fhir - INFO -   Observation: 1600 so far...
2026-04-19 15:33:45,830 - direct_fhir - INFO -   Observation: 1650 so far...
2026-04-19 15:33:46,011 - direct_fhir - INFO -   Observation: 1700 so far...
2026-04-19 15:33:46,201 - direct_fhir - INFO -   Observation: 1750 so far...
2026-04-19 15:33:46,358 - direct_fhir - INFO -   Observation: 1800 so far...
2026-04-19 15:33:46,551 - direct_fhir - INFO -   Observation: 1850 so far...
2026-04-19 15:33:46,739 - direct_fhir - INFO -   Observation: 1900 so far...
2026-04-19 15:33:46,915 - direct_fhir - INFO -   Observation: 1950 so far...
2026-04-19 15:33:47,075 - direct_fhir - INFO -   Observation: 2000 so far...
2026-04-19 15:33:48,335 - direct_fhir - INFO -   Observation: 2050 so far...
[REFRESH] Request received for patient_id=all, fhir_base_url=http://38.careit.one:8200
[REFRESH] Queued refresh job 98f6bb34-983c-4f9b-892c-eff7ff5eb131
[REFRESH] Starting refresh job 98f6bb34-983c-4f9b-892c-eff7ff5eb131 for patient_id=all2026-04-19 15:33:48,382 - werkzeug - INFO - 192.168.0.239 - - [19/Apr/2026 15:33:48] "[35m[1mPOST /api/refresh-patient-context HTTP/1.1[0m" 202 -

2026-04-19 15:33:48,383 - direct_fhir - INFO - Fetching all patients
2026-04-19 15:33:48,431 - direct_fhir - ERROR - FHIR request failed while fetching all [Observation] at [http://38.careit.one:8200?_getpages=7af8b49d-3c01-432a-ab05-dc68441ddafe&_getpagesoffset=2050&_count=50&_pretty=true&_bundletype=searchset]: 401 Client Error: Unauthorized for url: http://38.careit.one:8200/?_getpages=7af8b49d-3c01-432a-ab05-dc68441ddafe&_getpagesoffset=2050&_count=50&_pretty=true&_bundletype=searchset
[ALL-PATIENTS] Observation: fetched 2050 records
2026-04-19 15:33:48,571 - direct_fhir - INFO - Found 100 patients
2026-04-19 15:33:48,576 - direct_fhir - ERROR - FHIR request failed while fetching all [Person] at [http://38.careit.one:8200/Person]: 401 Client Error: Unauthorized for url: http://38.careit.one:8200/Person
[ALL-PATIENTS] Person: fetched 0 records
2026-04-19 15:33:48,706 - direct_fhir - ERROR - FHIR request failed while fetching all [Procedure] at [http://38.careit.one:8200/Procedure]: 401 Client Error: Unauthorized for url: http://38.careit.one:8200/Procedure
[ALL-PATIENTS] Procedure: fetched 0 records
2026-04-19 15:33:48,850 - direct_fhir - ERROR - FHIR request failed while fetching all [Provenance] at [http://38.careit.one:8200/Provenance]: 401 Client Error: Unauthorized for url: http://38.careit.one:8200/Provenance
[ALL-PATIENTS] Provenance: fetched 0 records
2026-04-19 15:33:48,974 - direct_fhir - ERROR - FHIR request failed while fetching all [QuestionnaireResponse] at [http://38.careit.one:8200/QuestionnaireResponse]: 401 Client Error: Unauthorized for url: http://38.careit.one:8200/QuestionnaireResponse
[ALL-PATIENTS] QuestionnaireResponse: fetched 0 records
2026-04-19 15:33:49,071 - direct_fhir - ERROR - FHIR request failed while fetching all [RelatedPerson] at [http://38.careit.one:8200/RelatedPerson]: 401 Client Error: Unauthorized for url: http://38.careit.one:8200/RelatedPerson
[ALL-PATIENTS] RelatedPerson: fetched 0 records
2026-04-19 15:33:49,659 - direct_fhir - INFO -   Account: 0 so far...
[ALL-PATIENTS] Account: fetched 0 records
2026-04-19 15:33:49,670 - direct_fhir - ERROR - FHIR request failed while fetching all [RequestGroup] at [http://38.careit.one:8200/RequestGroup]: 401 Client Error: Unauthorized for url: http://38.careit.one:8200/RequestGroup
[ALL-PATIENTS] RequestGroup: fetched 0 records
2026-04-19 15:33:49,828 - direct_fhir - ERROR - FHIR request failed while fetching all [ResearchSubject] at [http://38.careit.one:8200/ResearchSubject]: 401 Client Error: Unauthorized for url: http://38.careit.one:8200/ResearchSubject
[ALL-PATIENTS] ResearchSubject: fetched 0 records
2026-04-19 15:33:49,851 - direct_fhir - INFO -   AdverseEvent: 0 so far...
[ALL-PATIENTS] AdverseEvent: fetched 0 records
2026-04-19 15:33:50,003 - direct_fhir - INFO -   AllergyIntolerance: 50 so far...
2026-04-19 15:33:50,013 - direct_fhir - ERROR - FHIR request failed while fetching all [RiskAssessment] at [http://38.careit.one:8200/RiskAssessment]: 401 Client Error: Unauthorized for url: http://38.careit.one:8200/RiskAssessment
[ALL-PATIENTS] RiskAssessment: fetched 0 records
2026-04-19 15:33:50,131 - direct_fhir - ERROR - FHIR request failed while fetching all [ServiceRequest] at [http://38.careit.one:8200/ServiceRequest]: 401 Client Error: Unauthorized for url: http://38.careit.one:8200/ServiceRequest
[ALL-PATIENTS] ServiceRequest: fetched 0 records
2026-04-19 15:33:50,374 - direct_fhir - ERROR - FHIR request failed while fetching all [Specimen] at [http://38.careit.one:8200/Specimen]: 401 Client Error: Unauthorized for url: http://38.careit.one:8200/Specimen
[ALL-PATIENTS] Specimen: fetched 0 records
2026-04-19 15:33:50,499 - direct_fhir - ERROR - FHIR request failed while fetching all [SupplyDelivery] at [http://38.careit.one:8200/SupplyDelivery]: 401 Client Error: Unauthorized for url: http://38.careit.one:8200/SupplyDelivery
[ALL-PATIENTS] SupplyDelivery: fetched 0 records
2026-04-19 15:33:50,611 - direct_fhir - ERROR - FHIR request failed while fetching all [SupplyRequest] at [http://38.careit.one:8200/SupplyRequest]: 401 Client Error: Unauthorized for url: http://38.careit.one:8200/SupplyRequest
[ALL-PATIENTS] SupplyRequest: fetched 0 records
2026-04-19 15:33:50,699 - direct_fhir - ERROR - FHIR request failed while fetching all [Task] at [http://38.careit.one:8200/Task]: 401 Client Error: Unauthorized for url: http://38.careit.one:8200/Task
[ALL-PATIENTS] Task: fetched 0 records2026-04-19 15:33:50,701 - direct_fhir - INFO -   AllergyIntolerance: 87 so far...

[ALL-PATIENTS] AllergyIntolerance: fetched 87 records
2026-04-19 15:33:50,812 - direct_fhir - ERROR - FHIR request failed while fetching all [VisionPrescription] at [http://38.careit.one:8200/VisionPrescription]: 401 Client Error: Unauthorized for url: http://38.careit.one:8200/VisionPrescription
[ALL-PATIENTS] VisionPrescription: fetched 0 records
2026-04-19 15:33:50,825 - direct_fhir - INFO -   Appointment: 0 so far...
[ALL-PATIENTS] Appointment: fetched 0 records
2026-04-19 15:33:50,931 - direct_fhir - ERROR - FHIR request failed while fetching all [Observation?category=vital-signs] at [http://38.careit.one:8200/Observation?category=vital-signs]: 401 Client Error: Unauthorized for url: http://38.careit.one:8200/Observation?category=vital-signs
2026-04-19 15:33:50,931 - direct_fhir - INFO -   AppointmentResponse: 0 so far...
[ALL-PATIENTS] vital_signs: fetched 0 records
[ALL-PATIENTS] patient=fb5b96d1-359f-4324-9b27-53a28585658a data={'allergyintolerance': 2, 'careplan': 1, 'communication': 3, 'condition': 111, 'encounter': 1, 'flag': 1, 'list': 1, 'media': 1, 'observation': 8}[ALL-PATIENTS] AppointmentResponse: fetched 0 records

[ALL-PATIENTS] patient=b0c98aff-edfb-4e18-b0f3-449dba8dcfcf data={'allergyintolerance': 1, 'careplan': 1, 'communication': 1, 'condition': 339, 'encounter': 1, 'flag': 1, 'list': 4, 'media': 12, 'observation': 16}
[ALL-PATIENTS] patient=e88eea34-5b44-40da-a0d7-4b3c8f4cdc43 data={'careplan': 1, 'condition': 261, 'encounter': 1, 'flag': 1, 'list': 1, 'media': 2, 'observation': 2}
[ALL-PATIENTS] patient=86f0a454-3895-4ce1-9c3d-33e72883cfca data={'flag': 1}
[ALL-PATIENTS] patient=99fd6c6d-5040-465c-86ee-40c08db23a7a data={'condition': 17, 'encounter': 1, 'flag': 1, 'media': 1}
[ALL-PATIENTS] patient=2120a396-d9d2-4f25-ba00-bc7a4600ef04 data={'allergyintolerance': 2, 'careplan': 2, 'communication': 8, 'condition': 146, 'encounter': 1, 'flag': 1, 'list': 2, 'media': 9, 'observation': 63}
[ALL-PATIENTS] patient=64433b0c-4df5-40b4-9f0d-de74a5e02d71 data={'allergyintolerance': 1, 'careplan': 1, 'communication': 1, 'condition': 25, 'encounter': 2, 'flag': 2, 'media': 1, 'observation': 14}
[ALL-PATIENTS] patient=cb391368-6651-4889-be12-394f9011071a data={'condition': 1, 'encounter': 1, 'flag': 1, 'media': 2, 'observation': 3}
[ALL-PATIENTS] patient=c0f1f3bc-83c0-4ea3-8a83-88e22a3f19f7 data={'allergyintolerance': 1, 'careplan': 1, 'condition': 22, 'encounter': 1, 'flag': 1, 'list': 1, 'media': 2, 'observation': 3}
[ALL-PATIENTS] patient=8e47a455-0c49-47dc-8640-ce2167b569ef data={'condition': 6, 'encounter': 1, 'flag': 1, 'media': 1}
[ALL-PATIENTS] patient=95ee8c93-2b75-47c0-8ac5-4a9a3efb0eac data={'allergyintolerance': 1, 'careplan': 3, 'communication': 3, 'condition': 132, 'encounter': 1, 'flag': 1, 'list': 2, 'media': 8, 'observation': 22}
[ALL-PATIENTS] patient=02da0da3-9f14-4186-9265-cec218c0d6c8 data={'encounter': 1, 'flag': 1}
[ALL-PATIENTS] patient=6cc4a856-cd2b-4a62-983d-07d6d9573123 data={'careplan': 1, 'communication': 3, 'condition': 16, 'encounter': 1, 'flag': 1, 'media': 1, 'observation': 32}
[ALL-PATIENTS] patient=955d10c4-fced-4045-9236-926c2d06e9f6 data={'allergyintolerance': 2, 'careplan': 5, 'communication': 5, 'condition': 362, 'encounter': 1, 'flag': 1, 'list': 2, 'media': 8, 'observation': 37}
[ALL-PATIENTS] patient=b30cb64b-9f35-45a4-8f71-f2774546ee53 data={'encounter': 1, 'flag': 1}
[ALL-PATIENTS] patient=8f5711f4-9d64-41eb-99d3-f642afeaf971 data={'encounter': 2, 'flag': 2, 'media': 1}
[ALL-PATIENTS] patient=40a9c4e1-a0de-4339-9d78-bc081f579dfe data={'condition': 20, 'encounter': 1, 'flag': 1, 'list': 1, 'media': 2, 'observation': 2}
[ALL-PATIENTS] patient=d6b91d89-848a-4dab-8dcd-90dc6ed1e62e data={'allergyintolerance': 1, 'careplan': 1, 'condition': 72, 'encounter': 1, 'flag': 1, 'media': 1}
[ALL-PATIENTS] patient=38070ebd-6458-4b73-b43f-f1cd654dc25f data={'condition': 1, 'encounter': 1, 'flag': 1, 'media': 1}
[ALL-PATIENTS] patient=28cde7cf-fd48-458e-b8b2-36666e4a091d data={'encounter': 1, 'flag': 1, 'media': 1}
[ALL-PATIENTS] patient=e71828d5-6a12-4f26-a78b-e56e2ac0aec2 data={'encounter': 1, 'flag': 1, 'media': 1}
[ALL-PATIENTS] patient=4b840e02-eab5-4d77-8972-5a6347e7e9ee data={'encounter': 1, 'flag': 1}
[ALL-PATIENTS] patient=e3b8cf82-19e7-4a3f-99aa-5c8df205056a data={'encounter': 1, 'flag': 1}
[ALL-PATIENTS] patient=c17362f3-4ecb-4146-bd8f-872016d5f1b2 data={'encounter': 1, 'flag': 1, 'media': 1}
[ALL-PATIENTS] patient=05d605aa-6923-4ba7-aa6d-f23576f2b364 data={'condition': 15, 'encounter': 1, 'flag': 1, 'media': 1}
[ALL-PATIENTS] patient=048f1b2f-4a9c-4faa-8ac5-56d4b3812b54 data={'allergyintolerance': 1, 'careplan': 1, 'condition': 34, 'encounter': 1, 'flag': 1, 'media': 1, 'observation': 2}
[ALL-PATIENTS] patient=a5e464a7-1ff7-4df1-b639-b0e5112155c0 data={'allergyintolerance': 2, 'careplan': 1, 'communication': 1, 'condition': 69, 'encounter': 1, 'flag': 1, 'media': 3, 'observation': 16}
[ALL-PATIENTS] patient=3328951d-406b-4d64-ac27-fd0f487578b2 data={'allergyintolerance': 2, 'careplan': 3, 'condition': 120, 'encounter': 1, 'flag': 1, 'list': 2, 'media': 3, 'observation': 9}
[ALL-PATIENTS] patient=f126df8b-88ce-4b0c-baad-6bee7d2097b8 data={'encounter': 1, 'flag': 1, 'list': 1, 'media': 2, 'observation': 10}
[ALL-PATIENTS] patient=284dde1d-e0f7-4280-abd1-a1b9ba1ebdad data={'allergyintolerance': 2, 'careplan': 3, 'communication': 4, 'condition': 153, 'encounter': 4, 'flag': 4, 'media': 1, 'observation': 29}
[ALL-PATIENTS] patient=561b8f07-c7ca-47a8-87f6-98e242318335 data={'allergyintolerance': 2, 'careplan': 1, 'condition': 27, 'encounter': 1, 'flag': 1, 'media': 1, 'observation': 2}
[ALL-PATIENTS] patient=fe12ebc2-bd3b-4c80-a032-bfb0a77084de data={'careplan': 4, 'communication': 1, 'condition': 139, 'encounter': 1, 'flag': 1, 'list': 1, 'media': 5, 'observation': 9}
[ALL-PATIENTS] patient=59f80b34-b72d-4998-b131-78de1512b381 data={'allergyintolerance': 1, 'careplan': 1, 'communication': 3, 'condition': 27, 'encounter': 1, 'flag': 1, 'media': 1, 'observation': 7}
[ALL-PATIENTS] patient=5d497096-5cfe-4a05-b719-91ba480d1ced data={'careplan': 1, 'condition': 38, 'encounter': 1, 'flag': 1, 'media': 1, 'observation': 3}
[ALL-PATIENTS] patient=1eec9bfb-78f3-4df7-bd43-ba0b46d29b52 data={'allergyintolerance': 1, 'careplan': 8, 'communication': 11, 'condition': 487, 'encounter': 1, 'flag': 1, 'list': 2, 'media': 2, 'observation': 65}
[ALL-PATIENTS] patient=c1810e9d-c2d3-4832-9264-c233f0b2e386 data={'allergyintolerance': 4, 'careplan': 1, 'encounter': 1, 'flag': 1, 'observation': 2}
[ALL-PATIENTS] patient=195bf522-635b-4b58-a40e-b64a9ce0cb82 data={'allergyintolerance': 1, 'encounter': 1, 'flag': 1}
[ALL-PATIENTS] patient=8ed94367-542c-4cb6-9f3c-197562900e93 data={'encounter': 1, 'flag': 1, 'media': 1, 'observation': 1}
[ALL-PATIENTS] patient=778a573a-1927-4815-bb78-59b6658041ab data={'encounter': 1, 'flag': 1}
[ALL-PATIENTS] patient=0b2c4c0d-a9ee-407d-964d-641cbf6bcc69 data={'encounter': 1, 'flag': 1, 'observation': 4}
[ALL-PATIENTS] patient=ca5a527f-61f3-4dde-b57b-f499107a5c00 data={'careplan': 2, 'communication': 4, 'condition': 92, 'encounter': 1, 'flag': 1, 'list': 1, 'media': 1, 'observation': 35}
[ALL-PATIENTS] patient=06d7f392-7d38-411b-b342-3aff89e0e094 data={'encounter': 1, 'flag': 1, 'observation': 1}
[ALL-PATIENTS] patient=746e21cd-84fa-48f9-92c3-fdaaea9c237b data={'allergyintolerance': 3, 'careplan': 3, 'communication': 12, 'condition': 139, 'encounter': 1, 'flag': 1, 'list': 2, 'media': 4, 'observation': 93}
[ALL-PATIENTS] patient=4691fbe1-3de0-4fcc-92cf-36d0643f423f data={'allergyintolerance': 2, 'careplan': 1, 'communication': 6, 'condition': 58, 'encounter': 1, 'flag': 1, 'list': 2, 'media': 1, 'observation': 18}
[ALL-PATIENTS] patient=05b0910c-9df2-435d-9d93-29e16303a3ba data={'allergyintolerance': 1, 'careplan': 2, 'communication': 8, 'condition': 58, 'encounter': 2, 'flag': 2, 'list': 1, 'media': 4, 'observation': 32}
[ALL-PATIENTS] patient=6d94c5ec-cdca-4e30-b816-9340ef026137 data={'allergyintolerance': 1, 'careplan': 1, 'communication': 1, 'condition': 64, 'encounter': 1, 'flag': 1, 'media': 1, 'observation': 12}
[ALL-PATIENTS] patient=5cf5b1cb-4068-4e62-a7c6-237f45c1e8dd data={'allergyintolerance': 1, 'careplan': 3, 'communication': 6, 'condition': 35, 'encounter': 1, 'flag': 1, 'list': 2, 'media': 3, 'observation': 26}
[ALL-PATIENTS] patient=1d25a8ed-cb1c-47b7-b117-d29f2a6a30b8 data={'allergyintolerance': 2, 'careplan': 1, 'communication': 1, 'condition': 45, 'encounter': 1, 'flag': 1, 'list': 1, 'media': 1, 'observation': 13}
[ALL-PATIENTS] patient=6f39349c-5b11-4443-a191-9526755a78aa data={'allergyintolerance': 1, 'careplan': 1, 'condition': 40, 'encounter': 1, 'flag': 1, 'list': 1, 'media': 1, 'observation': 3}
[ALL-PATIENTS] patient=3d73b64e-847a-48d8-ae7c-7c2d1da22b01 data={'encounter': 1, 'flag': 1, 'medicationrequest': 1}
[ALL-PATIENTS] patient=41b45776-7934-4270-8190-7add4a3f3312 data={'encounter': 1, 'flag': 1, 'observation': 1}
[ALL-PATIENTS] patient=3cbb7cbb-5985-4001-984b-337dab7f22f0 data={'encounter': 1, 'flag': 1, 'list': 1, 'media': 2, 'observation': 3}
[ALL-PATIENTS] patient=8a729a96-8bb0-41e2-94e6-ef4e0eec146f data={'allergyintolerance': 1, 'encounter': 1, 'flag': 1, 'list': 1, 'media': 1, 'observation': 3}
[ALL-PATIENTS] patient=b60e5900-3585-4ee2-828f-25dc2d6c9e6d data={'allergyintolerance': 1, 'encounter': 1, 'flag': 1, 'observation': 1}
[ALL-PATIENTS] patient=3499f64e-da5e-4d8b-a663-a0e41d1e0be6 data={'allergyintolerance': 1, 'encounter': 1, 'flag': 1}
[ALL-PATIENTS] patient=a60e46a6-f3ff-4903-9e9c-7e5c83a9f10e data={'allergyintolerance': 1, 'careplan': 4, 'communication': 8, 'condition': 225, 'encounter': 5, 'flag': 6, 'list': 6, 'media': 2, 'observation': 65}
[ALL-PATIENTS] patient=d2d62f66-f506-437e-a5aa-69cf48ecac55 data={'allergyintolerance': 1, 'careplan': 3, 'condition': 239, 'encounter': 1, 'flag': 1, 'list': 1, 'media': 2, 'observation': 12}
[ALL-PATIENTS] patient=d269164e-c0ee-4cff-ac9e-b92022bd7d1e data={'careplan': 1, 'condition': 29, 'encounter': 1, 'flag': 1, 'media': 2, 'observation': 3}
[ALL-PATIENTS] patient=08f2f336-3037-4c85-8a56-85f429175826 data={'careplan': 1, 'communication': 3, 'condition': 29, 'encounter': 1, 'flag': 1, 'list': 1, 'media': 1, 'observation': 12}
[ALL-PATIENTS] patient=94cfce9b-a944-4e75-bc72-75906c379fac data={'encounter': 1, 'flag': 1}
[ALL-PATIENTS] patient=ae77ea87-19f5-44ec-a601-cd165abb9012 data={'condition': 69, 'encounter': 1, 'flag': 1, 'list': 1, 'media': 2, 'observation': 10}
[ALL-PATIENTS] patient=dbaf1718-128d-427d-8284-af0e7e807ae5 data={'careplan': 1, 'condition': 11, 'encounter': 1, 'flag': 1, 'list': 2, 'media': 1, 'observation': 5}
[ALL-PATIENTS] patient=0deeca53-c951-4c62-9bd7-5b5ab6ae158b data={'encounter': 1, 'flag': 1}
[ALL-PATIENTS] patient=9194262a-c768-4901-9d87-0d7ce8a1fd6f data={'encounter': 1, 'flag': 1}
[ALL-PATIENTS] patient=b42e6e82-7c1b-4ebd-8dba-edf0525ff386 data={'encounter': 1, 'flag': 1}
[ALL-PATIENTS] patient=8ab53206-b6c9-4979-955f-e0641d5a5321 data={'encounter': 1, 'flag': 1}
[ALL-PATIENTS] patient=24b07e0e-3942-46c8-9467-f8cb482c07ec data={'encounter': 1, 'flag': 1}
[ALL-PATIENTS] patient=a6a70375-b15a-4021-93c8-fa1f0535a0b9 data={'encounter': 1, 'flag': 1}
[ALL-PATIENTS] patient=0e20ba57-484a-4ec7-b3b0-603b512647f3 data={'encounter': 1, 'flag': 1}
[ALL-PATIENTS] patient=15543f33-949f-426a-a753-d9cd93c26b7d data={'careplan': 1, 'communication': 2, 'condition': 5, 'encounter': 1, 'flag': 1, 'list': 1, 'media': 2, 'observation': 14}
[ALL-PATIENTS] patient=d2ac8194-54b3-42ea-aebd-57a00618b32a data={'communication': 1, 'encounter': 1, 'flag': 1, 'media': 1, 'observation': 8}
[ALL-PATIENTS] patient=3c35a3fb-8edd-4d5d-a8f1-2265a3dd9a3f data={'encounter': 1, 'flag': 1, 'media': 1}
[ALL-PATIENTS] patient=1df10ebf-6315-437b-9b13-15928cc5454f data={'encounter': 1, 'flag': 1}
[ALL-PATIENTS] patient=d455d216-1587-4814-bafd-bb3fd0abd32b data={'encounter': 1, 'flag': 1}
[ALL-PATIENTS] patient=71b78f98-2a85-4e74-9560-6127324852c6 data={'encounter': 1, 'flag': 2}
[ALL-PATIENTS] patient=97b5d019-d18e-465a-829b-38ebf7279d1c data={'encounter': 1, 'flag': 2}
[ALL-PATIENTS] patient=30fe1828-8683-44fb-8eb3-f8ab2ee26469 data={'allergyintolerance': 1, 'careplan': 1, 'communication': 1, 'condition': 23, 'encounter': 1, 'flag': 2, 'list': 2, 'media': 4, 'observation': 9}
[ALL-PATIENTS] patient=f26a573e-e3f6-418b-92c3-90f43eccf027 data={'communication': 1, 'encounter': 1, 'flag': 1, 'list': 1, 'observation': 2}
[ALL-PATIENTS] patient=e9dea8de-2435-4f5d-b81e-1300f1a016c8 data={'condition': 40, 'encounter': 1, 'flag': 1, 'list': 2, 'media': 1, 'observation': 10}
[ALL-PATIENTS] patient=f7db5147-b639-4229-87d3-fd01f0d7e6a1 data={'careplan': 2, 'condition': 61, 'encounter': 1, 'flag': 1, 'list': 4, 'media': 1, 'observation': 8}
[ALL-PATIENTS] patient=84769e45-d7e3-49f3-8e44-c88ae9fcb417 data={'encounter': 1, 'flag': 1, 'media': 1}
[ALL-PATIENTS] patient=eb4824b8-68a7-4be5-ac3b-3894772defb6 data={'condition': 1, 'encounter': 1, 'flag': 1, 'list': 1, 'media': 2, 'observation': 3}
[ALL-PATIENTS] patient=730701e5-8cdd-441f-8cce-847d27a8e569 data={'careplan': 4, 'communication': 6, 'condition': 39, 'encounter': 1, 'flag': 1, 'list': 2, 'media': 3, 'observation': 13}
[ALL-PATIENTS] patient=d7c0b146-51cc-45bd-9d33-d267149cc298 data={'allergyintolerance': 2, 'careplan': 5, 'communication': 25, 'condition': 207, 'encounter': 1, 'flag': 3, 'goal': 1, 'list': 3, 'media': 17, 'medicationadministration': 5, 'medicationrequest': 6, 'observation': 80}
[ALL-PATIENTS] patient=aed2d41f-1049-4c4f-b37f-2d199ac8fe14 data={'careplan': 1, 'communication': 5, 'condition': 7, 'encounter': 1, 'flag': 1, 'list': 2, 'media': 2, 'observation': 26}
[ALL-PATIENTS] patient=02af2a87-ba3a-4498-b014-89a209b5d819 data={'allergyintolerance': 1, 'careplan': 2, 'communication': 9, 'condition': 13, 'encounter': 1, 'flag': 1, 'list': 3, 'media': 16, 'observation': 58}
[ALL-PATIENTS] patient=8ddce39d-1379-4a94-a44d-c66724db5371 data={'encounter': 1, 'flag': 1}
[ALL-PATIENTS] patient=4704c5d8-5df4-43a3-a58c-58bbd5e947f7 data={'communication': 2, 'encounter': 1, 'flag': 1, 'observation': 1}
[ALL-PATIENTS] patient=1f6803e4-a6b3-4234-809b-909ffab75b6a data={'encounter': 1, 'flag': 1}
[ALL-PATIENTS] patient=0bc7c5d5-f2d5-44e4-846e-79b88fa114bd data={'encounter': 1, 'flag': 1, 'list': 2, 'media': 2, 'observation': 6}
[ALL-PATIENTS] patient=ffe1b79f-8303-4fc0-8531-2d9911f36f9d data={'encounter': 1, 'flag': 1, 'list': 1, 'media': 7, 'observation': 9}
[ALL-PATIENTS] patient=7cd0f00b-6895-4fff-969a-7eaa9f2cec39 data={'careplan': 1, 'communication': 2, 'condition': 75, 'encounter': 1, 'flag': 1, 'list': 2, 'media': 1, 'observation': 14}
[ALL-PATIENTS] patient=b925b7b1-4752-4b7b-80b2-6c3982c3dc57 data={'careplan': 1, 'communication': 2, 'condition': 100, 'encounter': 1, 'flag': 1, 'list': 1, 'media': 1, 'observation': 15}
[ALL-PATIENTS] patient=7ae5affa-e994-4a9f-b3f6-261d99e23bed data={'careplan': 5, 'communication': 10, 'condition': 642, 'encounter': 1, 'flag': 1, 'list': 6, 'media': 3, 'observation': 85}
[ALL-PATIENTS] patient=eb10eba3-39a5-4b87-b512-375e75f8039c data={'careplan': 1, 'condition': 45, 'encounter': 1, 'flag': 1, 'list': 1, 'media': 1, 'observation': 4}
[ALL-PATIENTS] patient=d2d84ffa-58fd-4c18-bcad-36a0dfbc83db data={'allergyintolerance': 2, 'careplan': 14, 'communication': 46, 'condition': 742, 'encounter': 1, 'flag': 1, 'list': 3, 'media': 13, 'medicationrequest': 4, 'observation': 184}
[ALL-PATIENTS] patient=e9165b17-d2d9-4a3b-92d9-2af7e457c8bf data={'communication': 12, 'encounter': 1, 'flag': 1, 'list': 1, 'observation': 38}
[ALL-PATIENTS] patient=272cc302-ea9e-45f2-896b-3f0134ba9a12 data={'allergyintolerance': 1, 'careplan': 3, 'communication': 4, 'condition': 52, 'encounter': 1, 'flag': 1, 'list': 2, 'media': 3, 'observation': 13}
[ALL-PATIENTS] patient=97ab74b7-5ac9-43cb-897c-9964a772f8f8 data={'communication': 4, 'encounter': 1, 'flag': 1, 'list': 2, 'media': 1, 'observation': 5}
[ALL-PATIENTS] patient=87a1c22f-1c17-48b7-8456-9efd7a805f20 data={'encounter': 1, 'flag': 1}
2026-04-19 15:33:50,935 - direct_fhir - INFO - Done. 100 patients with clinical data attached.
2026-04-19 15:33:51,051 - direct_fhir - ERROR - FHIR request failed [metadata]: 401 Client Error: Unauthorized for url: http://38.careit.one:8200/metadata
2026-04-19 15:33:51,092 - direct_fhir - INFO -   AuditEvent: 50 so far...
[REFRESH] Completed refresh job 66043510-33f5-4c00-a7e5-527b3fa65c6a
2026-04-19 15:33:51,812 - direct_fhir - INFO -   AuditEvent: 96 so far...
[ALL-PATIENTS] AuditEvent: fetched 96 records
2026-04-19 15:33:51,939 - direct_fhir - INFO -   Basic: 0 so far...
[ALL-PATIENTS] Basic: fetched 0 records
2026-04-19 15:33:52,061 - direct_fhir - INFO -   BodyStructure: 0 so far...
[ALL-PATIENTS] BodyStructure: fetched 0 records
2026-04-19 15:33:52,239 - direct_fhir - INFO -   CarePlan: 50 so far...
2026-04-19 15:33:52,991 - direct_fhir - INFO -   CarePlan: 100 so far...
2026-04-19 15:33:53,217 - direct_fhir - INFO -   CarePlan: 150 so far...
2026-04-19 15:33:53,451 - direct_fhir - INFO -   CarePlan: 200 so far...
2026-04-19 15:33:53,664 - direct_fhir - INFO -   CarePlan: 250 so far...
2026-04-19 15:33:53,889 - direct_fhir - INFO -   CarePlan: 300 so far...
2026-04-19 15:33:54,053 - direct_fhir - INFO -   CarePlan: 304 so far...
[ALL-PATIENTS] CarePlan: fetched 304 records
2026-04-19 15:33:54,177 - direct_fhir - INFO -   CareTeam: 0 so far...
[ALL-PATIENTS] CareTeam: fetched 0 records
2026-04-19 15:33:54,299 - direct_fhir - INFO -   ChargeItem: 0 so far...
[ALL-PATIENTS] ChargeItem: fetched 0 records
2026-04-19 15:33:54,393 - direct_fhir - INFO -   Claim: 0 so far...
[ALL-PATIENTS] Claim: fetched 0 records
2026-04-19 15:33:54,533 - direct_fhir - INFO -   ClaimResponse: 0 so far...
[ALL-PATIENTS] ClaimResponse: fetched 0 records
2026-04-19 15:33:54,641 - direct_fhir - INFO -   ClinicalImpression: 0 so far...
[ALL-PATIENTS] ClinicalImpression: fetched 0 records
2026-04-19 15:33:54,781 - direct_fhir - INFO -   Communication: 50 so far...
2026-04-19 15:33:55,491 - direct_fhir - INFO -   Communication: 100 so far...
2026-04-19 15:33:55,689 - direct_fhir - INFO -   Communication: 150 so far...
2026-04-19 15:33:55,846 - direct_fhir - INFO -   Communication: 200 so far...
2026-04-19 15:33:56,053 - direct_fhir - INFO -   Communication: 250 so far...
2026-04-19 15:33:56,215 - direct_fhir - INFO -   Communication: 300 so far...
2026-04-19 15:33:56,380 - direct_fhir - INFO -   Communication: 350 so far...
2026-04-19 15:33:56,554 - direct_fhir - INFO -   Communication: 400 so far...
2026-04-19 15:33:56,725 - direct_fhir - INFO -   Communication: 450 so far...
2026-04-19 15:33:56,892 - direct_fhir - INFO -   Communication: 500 so far...
2026-04-19 15:33:57,584 - direct_fhir - INFO -   Communication: 550 so far...
2026-04-19 15:33:57,749 - direct_fhir - INFO -   Communication: 600 so far...
2026-04-19 15:33:57,895 - direct_fhir - INFO -   Communication: 650 so far...
2026-04-19 15:33:58,049 - direct_fhir - INFO -   Communication: 655 so far...
[ALL-PATIENTS] Communication: fetched 655 records
2026-04-19 15:33:58,159 - direct_fhir - INFO -   CommunicationRequest: 0 so far...
[ALL-PATIENTS] CommunicationRequest: fetched 0 records
2026-04-19 15:33:58,256 - direct_fhir - INFO -   Composition: 0 so far...
[ALL-PATIENTS] Composition: fetched 0 records
2026-04-19 15:33:58,400 - direct_fhir - INFO -   Condition: 50 so far...
2026-04-19 15:33:59,115 - direct_fhir - INFO -   Condition: 100 so far...
2026-04-19 15:33:59,289 - direct_fhir - INFO -   Condition: 150 so far...
2026-04-19 15:33:59,478 - direct_fhir - INFO -   Condition: 200 so far...
2026-04-19 15:33:59,674 - direct_fhir - INFO -   Condition: 250 so far...
2026-04-19 15:33:59,836 - direct_fhir - INFO -   Condition: 300 so far...
2026-04-19 15:34:00,096 - direct_fhir - INFO -   Condition: 350 so far...
2026-04-19 15:34:00,307 - direct_fhir - INFO -   Condition: 400 so far...
2026-04-19 15:34:00,461 - direct_fhir - INFO -   Condition: 450 so far...
2026-04-19 15:34:00,628 - direct_fhir - INFO -   Condition: 500 so far...
2026-04-19 15:34:01,423 - direct_fhir - INFO -   Condition: 550 so far...
2026-04-19 15:34:01,621 - direct_fhir - INFO -   Condition: 600 so far...
2026-04-19 15:34:01,811 - direct_fhir - INFO -   Condition: 650 so far...
2026-04-19 15:34:01,970 - direct_fhir - INFO -   Condition: 700 so far...
2026-04-19 15:34:02,160 - direct_fhir - INFO -   Condition: 750 so far...
2026-04-19 15:34:02,355 - direct_fhir - INFO -   Condition: 800 so far...
2026-04-19 15:34:02,515 - direct_fhir - INFO -   Condition: 850 so far...
2026-04-19 15:34:02,693 - direct_fhir - INFO -   Condition: 900 so far...
2026-04-19 15:34:02,846 - direct_fhir - INFO -   Condition: 950 so far...
2026-04-19 15:34:03,022 - direct_fhir - INFO -   Condition: 1000 so far...
2026-04-19 15:34:03,189 - direct_fhir - INFO -   Condition: 1050 so far...
2026-04-19 15:34:03,345 - direct_fhir - INFO -   Condition: 1100 so far...
2026-04-19 15:34:03,509 - direct_fhir - INFO -   Condition: 1150 so far...
2026-04-19 15:34:03,663 - direct_fhir - INFO -   Condition: 1200 so far...
2026-04-19 15:34:03,887 - direct_fhir - INFO -   Condition: 1250 so far...
2026-04-19 15:34:04,072 - direct_fhir - INFO -   Condition: 1300 so far...
2026-04-19 15:34:04,219 - direct_fhir - INFO -   Condition: 1350 so far...
2026-04-19 15:34:04,377 - direct_fhir - INFO -   Condition: 1400 so far...
2026-04-19 15:34:04,525 - direct_fhir - INFO -   Condition: 1450 so far...
2026-04-19 15:34:04,673 - direct_fhir - INFO -   Condition: 1500 so far...
2026-04-19 15:34:04,845 - direct_fhir - INFO -   Condition: 1550 so far...
2026-04-19 15:34:05,012 - direct_fhir - INFO -   Condition: 1600 so far...
2026-04-19 15:34:05,182 - direct_fhir - INFO -   Condition: 1650 so far...
2026-04-19 15:34:05,356 - direct_fhir - INFO -   Condition: 1700 so far...
2026-04-19 15:34:05,532 - direct_fhir - INFO -   Condition: 1750 so far...
2026-04-19 15:34:05,677 - direct_fhir - INFO -   Condition: 1800 so far...
2026-04-19 15:34:05,846 - direct_fhir - INFO -   Condition: 1850 so far...
2026-04-19 15:34:06,028 - direct_fhir - INFO -   Condition: 1900 so far...
2026-04-19 15:34:06,213 - direct_fhir - INFO -   Condition: 1950 so far...
2026-04-19 15:34:06,376 - direct_fhir - INFO -   Condition: 2000 so far...
2026-04-19 15:34:07,867 - direct_fhir - INFO -   Condition: 2050 so far...
2026-04-19 15:34:08,031 - direct_fhir - INFO -   Condition: 2100 so far...
2026-04-19 15:34:08,182 - direct_fhir - INFO -   Condition: 2150 so far...
2026-04-19 15:34:08,372 - direct_fhir - INFO -   Condition: 2200 so far...
2026-04-19 15:34:08,517 - direct_fhir - INFO -   Condition: 2250 so far...
2026-04-19 15:34:08,662 - direct_fhir - INFO -   Condition: 2300 so far...
2026-04-19 15:34:08,827 - direct_fhir - INFO -   Condition: 2350 so far...
2026-04-19 15:34:08,987 - direct_fhir - INFO -   Condition: 2400 so far...
2026-04-19 15:34:09,151 - direct_fhir - INFO -   Condition: 2450 so far...
2026-04-19 15:34:09,328 - direct_fhir - INFO -   Condition: 2500 so far...
2026-04-19 15:34:09,520 - direct_fhir - INFO -   Condition: 2550 so far...
2026-04-19 15:34:09,735 - direct_fhir - INFO -   Condition: 2600 so far...
2026-04-19 15:34:09,914 - direct_fhir - INFO -   Condition: 2650 so far...
2026-04-19 15:34:10,117 - direct_fhir - INFO -   Condition: 2700 so far...
2026-04-19 15:34:10,270 - direct_fhir - INFO -   Condition: 2750 so far...
2026-04-19 15:34:10,418 - direct_fhir - INFO -   Condition: 2800 so far...
2026-04-19 15:34:10,567 - direct_fhir - INFO -   Condition: 2850 so far...
2026-04-19 15:34:10,786 - direct_fhir - INFO -   Condition: 2900 so far...
2026-04-19 15:34:10,949 - direct_fhir - INFO -   Condition: 2950 so far...
2026-04-19 15:34:11,120 - direct_fhir - INFO -   Condition: 3000 so far...
2026-04-19 15:34:11,274 - direct_fhir - INFO -   Condition: 3050 so far...
2026-04-19 15:34:11,442 - direct_fhir - INFO -   Condition: 3100 so far...
2026-04-19 15:34:11,608 - direct_fhir - INFO -   Condition: 3150 so far...
2026-04-19 15:34:11,776 - direct_fhir - INFO -   Condition: 3200 so far...
2026-04-19 15:34:11,948 - direct_fhir - INFO -   Condition: 3250 so far...
2026-04-19 15:34:12,115 - direct_fhir - INFO -   Condition: 3300 so far...
2026-04-19 15:34:12,265 - direct_fhir - INFO -   Condition: 3350 so far...
2026-04-19 15:34:12,424 - direct_fhir - INFO -   Condition: 3400 so far...
2026-04-19 15:34:12,590 - direct_fhir - INFO -   Condition: 3450 so far...
2026-04-19 15:34:12,746 - direct_fhir - INFO -   Condition: 3500 so far...
2026-04-19 15:34:12,954 - direct_fhir - INFO -   Condition: 3550 so far...
2026-04-19 15:34:13,131 - direct_fhir - INFO -   Condition: 3600 so far...
2026-04-19 15:34:13,303 - direct_fhir - INFO -   Condition: 3650 so far...
2026-04-19 15:34:13,443 - direct_fhir - INFO -   Condition: 3700 so far...
2026-04-19 15:34:13,577 - direct_fhir - INFO -   Condition: 3750 so far...
2026-04-19 15:34:13,728 - direct_fhir - INFO -   Condition: 3800 so far...
2026-04-19 15:34:13,889 - direct_fhir - INFO -   Condition: 3850 so far...
2026-04-19 15:34:14,050 - direct_fhir - INFO -   Condition: 3900 so far...
2026-04-19 15:34:14,243 - direct_fhir - INFO -   Condition: 3950 so far...
2026-04-19 15:34:14,391 - direct_fhir - INFO -   Condition: 4000 so far...
2026-04-19 15:34:14,548 - direct_fhir - INFO -   Condition: 4050 so far...
2026-04-19 15:34:14,696 - direct_fhir - INFO -   Condition: 4100 so far...
2026-04-19 15:34:14,864 - direct_fhir - INFO -   Condition: 4150 so far...
2026-04-19 15:34:15,041 - direct_fhir - INFO -   Condition: 4200 so far...
2026-04-19 15:34:15,217 - direct_fhir - INFO -   Condition: 4250 so far...
2026-04-19 15:34:15,363 - direct_fhir - INFO -   Condition: 4300 so far...
2026-04-19 15:34:15,529 - direct_fhir - INFO -   Condition: 4350 so far...
2026-04-19 15:34:15,696 - direct_fhir - INFO -   Condition: 4400 so far...
2026-04-19 15:34:15,871 - direct_fhir - INFO -   Condition: 4450 so far...
2026-04-19 15:34:16,052 - direct_fhir - INFO -   Condition: 4500 so far...
2026-04-19 15:34:16,246 - direct_fhir - INFO -   Condition: 4550 so far...
2026-04-19 15:34:16,469 - direct_fhir - INFO -   Condition: 4600 so far...
2026-04-19 15:34:16,713 - direct_fhir - INFO -   Condition: 4650 so far...
2026-04-19 15:34:16,874 - direct_fhir - INFO -   Condition: 4700 so far...
2026-04-19 15:34:17,043 - direct_fhir - INFO -   Condition: 4750 so far...
2026-04-19 15:34:17,205 - direct_fhir - INFO -   Condition: 4800 so far...
2026-04-19 15:34:17,355 - direct_fhir - INFO -   Condition: 4850 so far...
2026-04-19 15:34:17,507 - direct_fhir - INFO -   Condition: 4900 so far...
2026-04-19 15:34:17,783 - direct_fhir - INFO -   Condition: 4950 so far...
2026-04-19 15:34:17,933 - direct_fhir - INFO -   Condition: 5000 so far...
2026-04-19 15:34:18,125 - direct_fhir - INFO -   Condition: 5050 so far...
2026-04-19 15:34:18,304 - direct_fhir - INFO -   Condition: 5100 so far...
2026-04-19 15:34:18,469 - direct_fhir - INFO -   Condition: 5150 so far...
2026-04-19 15:34:18,641 - direct_fhir - INFO -   Condition: 5200 so far...
2026-04-19 15:34:18,845 - direct_fhir - INFO -   Condition: 5250 so far...
2026-04-19 15:34:19,010 - direct_fhir - INFO -   Condition: 5300 so far...
2026-04-19 15:34:19,179 - direct_fhir - INFO -   Condition: 5350 so far...
2026-04-19 15:34:19,355 - direct_fhir - INFO -   Condition: 5400 so far...
2026-04-19 15:34:19,533 - direct_fhir - INFO -   Condition: 5450 so far...
2026-04-19 15:34:19,696 - direct_fhir - INFO -   Condition: 5500 so far...
2026-04-19 15:34:19,887 - direct_fhir - INFO -   Condition: 5550 so far...
2026-04-19 15:34:20,054 - direct_fhir - INFO -   Condition: 5600 so far...
2026-04-19 15:34:20,239 - direct_fhir - INFO -   Condition: 5650 so far...
2026-04-19 15:34:20,384 - direct_fhir - INFO -   Condition: 5700 so far...
2026-04-19 15:34:20,577 - direct_fhir - INFO -   Condition: 5750 so far...
2026-04-19 15:34:20,733 - direct_fhir - INFO -   Condition: 5800 so far...
2026-04-19 15:34:20,920 - direct_fhir - INFO -   Condition: 5850 so far...
2026-04-19 15:34:21,076 - direct_fhir - INFO -   Condition: 5900 so far...
2026-04-19 15:34:21,232 - direct_fhir - INFO -   Condition: 5950 so far...
2026-04-19 15:34:21,414 - direct_fhir - INFO -   Condition: 6000 so far...
2026-04-19 15:34:21,608 - direct_fhir - INFO -   Condition: 6050 so far...
2026-04-19 15:34:21,782 - direct_fhir - INFO -   Condition: 6100 so far...
2026-04-19 15:34:21,950 - direct_fhir - INFO -   Condition: 6150 so far...
2026-04-19 15:34:22,132 - direct_fhir - INFO -   Condition: 6200 so far...
2026-04-19 15:34:22,307 - direct_fhir - INFO -   Condition: 6250 so far...
2026-04-19 15:34:22,486 - direct_fhir - INFO -   Condition: 6300 so far...
2026-04-19 15:34:22,646 - direct_fhir - INFO -   Condition: 6350 so far...
2026-04-19 15:34:22,807 - direct_fhir - INFO -   Condition: 6400 so far...
2026-04-19 15:34:22,981 - direct_fhir - INFO -   Condition: 6450 so far...
2026-04-19 15:34:23,152 - direct_fhir - INFO -   Condition: 6500 so far...
2026-04-19 15:34:23,301 - direct_fhir - INFO -   Condition: 6550 so far...
2026-04-19 15:34:23,450 - direct_fhir - INFO -   Condition: 6600 so far...
2026-04-19 15:34:23,619 - direct_fhir - INFO -   Condition: 6650 so far...
2026-04-19 15:34:23,769 - direct_fhir - INFO -   Condition: 6700 so far...
2026-04-19 15:34:23,945 - direct_fhir - INFO -   Condition: 6750 so far...
2026-04-19 15:34:24,197 - direct_fhir - INFO -   Condition: 6800 so far...
2026-04-19 15:34:24,379 - direct_fhir - INFO -   Condition: 6850 so far...
2026-04-19 15:34:24,529 - direct_fhir - INFO -   Condition: 6900 so far...
2026-04-19 15:34:24,702 - direct_fhir - INFO -   Condition: 6950 so far...
2026-04-19 15:34:24,852 - direct_fhir - INFO -   Condition: 7000 so far...
2026-04-19 15:34:25,015 - direct_fhir - INFO -   Condition: 7050 so far...
2026-04-19 15:34:25,201 - direct_fhir - INFO -   Condition: 7100 so far...
2026-04-19 15:34:25,356 - direct_fhir - INFO -   Condition: 7150 so far...
2026-04-19 15:34:25,506 - direct_fhir - INFO -   Condition: 7200 so far...
2026-04-19 15:34:25,645 - direct_fhir - INFO -   Condition: 7250 so far...
2026-04-19 15:34:25,783 - direct_fhir - INFO -   Condition: 7300 so far...
2026-04-19 15:34:25,944 - direct_fhir - INFO -   Condition: 7350 so far...
2026-04-19 15:34:26,115 - direct_fhir - INFO -   Condition: 7400 so far...
2026-04-19 15:34:26,273 - direct_fhir - INFO -   Condition: 7450 so far...
2026-04-19 15:34:26,445 - direct_fhir - INFO -   Condition: 7500 so far...
2026-04-19 15:34:26,613 - direct_fhir - INFO -   Condition: 7550 so far...
2026-04-19 15:34:26,826 - direct_fhir - INFO -   Condition: 7600 so far...
2026-04-19 15:34:27,009 - direct_fhir - INFO -   Condition: 7650 so far...
2026-04-19 15:34:27,180 - direct_fhir - INFO -   Condition: 7700 so far...
2026-04-19 15:34:27,385 - direct_fhir - INFO -   Condition: 7750 so far...
2026-04-19 15:34:27,571 - direct_fhir - INFO -   Condition: 7800 so far...
2026-04-19 15:34:27,722 - direct_fhir - INFO -   Condition: 7850 so far...
2026-04-19 15:34:27,914 - direct_fhir - INFO -   Condition: 7900 so far...
2026-04-19 15:34:28,059 - direct_fhir - INFO -   Condition: 7950 so far...
2026-04-19 15:34:28,222 - direct_fhir - INFO -   Condition: 8000 so far...
2026-04-19 15:34:28,436 - direct_fhir - INFO -   Condition: 8050 so far...
2026-04-19 15:34:28,603 - direct_fhir - INFO -   Condition: 8100 so far...
2026-04-19 15:34:28,760 - direct_fhir - INFO -   Condition: 8150 so far...
2026-04-19 15:34:28,929 - direct_fhir - INFO -   Condition: 8200 so far...
2026-04-19 15:34:29,088 - direct_fhir - INFO -   Condition: 8250 so far...
2026-04-19 15:34:29,246 - direct_fhir - INFO -   Condition: 8300 so far...
2026-04-19 15:34:29,413 - direct_fhir - INFO -   Condition: 8350 so far...
2026-04-19 15:34:29,559 - direct_fhir - INFO -   Condition: 8400 so far...
2026-04-19 15:34:29,725 - direct_fhir - INFO -   Condition: 8450 so far...
2026-04-19 15:34:29,873 - direct_fhir - INFO -   Condition: 8500 so far...
2026-04-19 15:34:30,045 - direct_fhir - INFO -   Condition: 8550 so far...
2026-04-19 15:34:30,225 - direct_fhir - INFO -   Condition: 8600 so far...
2026-04-19 15:34:30,386 - direct_fhir - INFO -   Condition: 8650 so far...
2026-04-19 15:34:30,541 - direct_fhir - INFO -   Condition: 8700 so far...
2026-04-19 15:34:30,699 - direct_fhir - INFO -   Condition: 8750 so far...
2026-04-19 15:34:30,838 - direct_fhir - INFO -   Condition: 8800 so far...
2026-04-19 15:34:30,990 - direct_fhir - INFO -   Condition: 8850 so far...
2026-04-19 15:34:31,147 - direct_fhir - INFO -   Condition: 8900 so far...
2026-04-19 15:34:31,293 - direct_fhir - INFO -   Condition: 8950 so far...
2026-04-19 15:34:31,461 - direct_fhir - INFO -   Condition: 9000 so far...
2026-04-19 15:34:31,636 - direct_fhir - INFO -   Condition: 9050 so far...
2026-04-19 15:34:31,817 - direct_fhir - INFO -   Condition: 9100 so far...
2026-04-19 15:34:31,972 - direct_fhir - INFO -   Condition: 9150 so far...
2026-04-19 15:34:32,133 - direct_fhir - INFO -   Condition: 9200 so far...
2026-04-19 15:34:32,322 - direct_fhir - INFO -   Condition: 9250 so far...
2026-04-19 15:34:32,479 - direct_fhir - INFO -   Condition: 9300 so far...
2026-04-19 15:34:32,644 - direct_fhir - INFO -   Condition: 9350 so far...
2026-04-19 15:34:32,800 - direct_fhir - INFO -   Condition: 9400 so far...
2026-04-19 15:34:32,976 - direct_fhir - INFO -   Condition: 9450 so far...
2026-04-19 15:34:33,181 - direct_fhir - INFO -   Condition: 9500 so far...
2026-04-19 15:34:33,336 - direct_fhir - INFO -   Condition: 9550 so far...
2026-04-19 15:34:33,508 - direct_fhir - INFO -   Condition: 9600 so far...
2026-04-19 15:34:33,668 - direct_fhir - INFO -   Condition: 9650 so far...
2026-04-19 15:34:33,806 - direct_fhir - INFO -   Condition: 9700 so far...
2026-04-19 15:34:33,968 - direct_fhir - INFO -   Condition: 9750 so far...
2026-04-19 15:34:34,123 - direct_fhir - INFO -   Condition: 9800 so far...
2026-04-19 15:34:34,268 - direct_fhir - INFO -   Condition: 9850 so far...
2026-04-19 15:34:34,424 - direct_fhir - INFO -   Condition: 9900 so far...
2026-04-19 15:34:34,623 - direct_fhir - INFO -   Condition: 9950 so far...
2026-04-19 15:34:34,764 - direct_fhir - INFO -   Condition: 10000 so far...
2026-04-19 15:34:34,940 - direct_fhir - INFO -   Condition: 10050 so far...
2026-04-19 15:34:35,121 - direct_fhir - INFO -   Condition: 10100 so far...
2026-04-19 15:34:35,284 - direct_fhir - INFO -   Condition: 10150 so far...
2026-04-19 15:34:35,445 - direct_fhir - INFO -   Condition: 10200 so far...
2026-04-19 15:34:35,607 - direct_fhir - INFO -   Condition: 10250 so far...
2026-04-19 15:34:35,781 - direct_fhir - INFO -   Condition: 10300 so far...
2026-04-19 15:34:35,976 - direct_fhir - INFO -   Condition: 10350 so far...
2026-04-19 15:34:36,152 - direct_fhir - INFO -   Condition: 10400 so far...
2026-04-19 15:34:36,326 - direct_fhir - INFO -   Condition: 10450 so far...
2026-04-19 15:34:36,501 - direct_fhir - INFO -   Condition: 10500 so far...
2026-04-19 15:34:36,702 - direct_fhir - INFO -   Condition: 10550 so far...
2026-04-19 15:34:36,862 - direct_fhir - INFO -   Condition: 10600 so far...
2026-04-19 15:34:37,038 - direct_fhir - INFO -   Condition: 10650 so far...
2026-04-19 15:34:37,253 - direct_fhir - INFO -   Condition: 10700 so far...
2026-04-19 15:34:37,436 - direct_fhir - INFO -   Condition: 10750 so far...
2026-04-19 15:34:37,599 - direct_fhir - INFO -   Condition: 10800 so far...
2026-04-19 15:34:37,772 - direct_fhir - INFO -   Condition: 10850 so far...
2026-04-19 15:34:37,949 - direct_fhir - INFO -   Condition: 10900 so far...
2026-04-19 15:34:38,107 - direct_fhir - INFO -   Condition: 10950 so far...
2026-04-19 15:34:38,267 - direct_fhir - INFO -   Condition: 11000 so far...
2026-04-19 15:34:38,428 - direct_fhir - INFO -   Condition: 11050 so far...
2026-04-19 15:34:38,592 - direct_fhir - INFO -   Condition: 11100 so far...
2026-04-19 15:34:38,756 - direct_fhir - INFO -   Condition: 11150 so far...
2026-04-19 15:34:38,936 - direct_fhir - INFO -   Condition: 11200 so far...
2026-04-19 15:34:39,091 - direct_fhir - INFO -   Condition: 11250 so far...
2026-04-19 15:34:39,265 - direct_fhir - INFO -   Condition: 11300 so far...
2026-04-19 15:34:39,432 - direct_fhir - INFO -   Condition: 11350 so far...
2026-04-19 15:34:39,610 - direct_fhir - INFO -   Condition: 11400 so far...
2026-04-19 15:34:39,774 - direct_fhir - INFO -   Condition: 11450 so far...
2026-04-19 15:34:39,919 - direct_fhir - INFO -   Condition: 11500 so far...
2026-04-19 15:34:40,076 - direct_fhir - INFO -   Condition: 11550 so far...
2026-04-19 15:34:40,257 - direct_fhir - INFO -   Condition: 11600 so far...
2026-04-19 15:34:40,499 - direct_fhir - INFO -   Condition: 11650 so far...
2026-04-19 15:34:40,665 - direct_fhir - INFO -   Condition: 11700 so far...
2026-04-19 15:34:40,846 - direct_fhir - INFO -   Condition: 11750 so far...
2026-04-19 15:34:41,008 - direct_fhir - INFO -   Condition: 11800 so far...
2026-04-19 15:34:41,167 - direct_fhir - INFO -   Condition: 11850 so far...
2026-04-19 15:34:41,329 - direct_fhir - INFO -   Condition: 11900 so far...
2026-04-19 15:34:41,495 - direct_fhir - INFO -   Condition: 11950 so far...
2026-04-19 15:34:41,658 - direct_fhir - INFO -   Condition: 12000 so far...
2026-04-19 15:34:41,854 - direct_fhir - INFO -   Condition: 12050 so far...
2026-04-19 15:34:42,035 - direct_fhir - INFO -   Condition: 12100 so far...
2026-04-19 15:34:42,265 - direct_fhir - INFO -   Condition: 12150 so far...
2026-04-19 15:34:42,488 - direct_fhir - INFO -   Condition: 12200 so far...
2026-04-19 15:34:42,689 - direct_fhir - INFO -   Condition: 12250 so far...
2026-04-19 15:34:42,883 - direct_fhir - INFO -   Condition: 12300 so far...
2026-04-19 15:34:43,075 - direct_fhir - INFO -   Condition: 12350 so far...
2026-04-19 15:34:43,233 - direct_fhir - INFO -   Condition: 12400 so far...
2026-04-19 15:34:43,381 - direct_fhir - INFO -   Condition: 12450 so far...
2026-04-19 15:34:43,573 - direct_fhir - INFO -   Condition: 12500 so far...
2026-04-19 15:34:43,724 - direct_fhir - INFO -   Condition: 12550 so far...
2026-04-19 15:34:43,889 - direct_fhir - INFO -   Condition: 12600 so far...
2026-04-19 15:34:44,041 - direct_fhir - INFO -   Condition: 12650 so far...
2026-04-19 15:34:44,233 - direct_fhir - INFO -   Condition: 12700 so far...
2026-04-19 15:34:44,409 - direct_fhir - INFO -   Condition: 12750 so far...
2026-04-19 15:34:44,571 - direct_fhir - INFO -   Condition: 12800 so far...
2026-04-19 15:34:44,761 - direct_fhir - INFO -   Condition: 12850 so far...
2026-04-19 15:34:44,962 - direct_fhir - INFO -   Condition: 12900 so far...
2026-04-19 15:34:45,138 - direct_fhir - INFO -   Condition: 12950 so far...
2026-04-19 15:34:45,312 - direct_fhir - INFO -   Condition: 13000 so far...
2026-04-19 15:34:45,518 - direct_fhir - INFO -   Condition: 13050 so far...
2026-04-19 15:34:45,692 - direct_fhir - INFO -   Condition: 13089 so far...
[ALL-PATIENTS] Condition: fetched 13089 records
2026-04-19 15:34:45,832 - direct_fhir - INFO -   Consent: 0 so far...
[ALL-PATIENTS] Consent: fetched 0 records
2026-04-19 15:34:45,976 - direct_fhir - INFO -   Contract: 0 so far...
[ALL-PATIENTS] Contract: fetched 0 records
2026-04-19 15:34:46,099 - direct_fhir - INFO -   Coverage: 0 so far...
[ALL-PATIENTS] Coverage: fetched 0 records
2026-04-19 15:34:46,190 - direct_fhir - INFO -   CoverageEligibilityRequest: 0 so far...
[ALL-PATIENTS] CoverageEligibilityRequest: fetched 0 records
2026-04-19 15:34:46,315 - direct_fhir - INFO -   CoverageEligibilityResponse: 0 so far...
[ALL-PATIENTS] CoverageEligibilityResponse: fetched 0 records
2026-04-19 15:34:46,436 - direct_fhir - INFO -   DetectedIssue: 0 so far...
[ALL-PATIENTS] DetectedIssue: fetched 0 records
2026-04-19 15:34:46,552 - direct_fhir - INFO -   Device: 0 so far...
[ALL-PATIENTS] Device: fetched 0 records
2026-04-19 15:34:46,652 - direct_fhir - INFO -   DeviceRequest: 0 so far...
[ALL-PATIENTS] DeviceRequest: fetched 0 records
2026-04-19 15:34:46,750 - direct_fhir - INFO -   DeviceUseStatement: 0 so far...
[ALL-PATIENTS] DeviceUseStatement: fetched 0 records
2026-04-19 15:34:46,861 - direct_fhir - INFO -   DiagnosticReport: 0 so far...
[ALL-PATIENTS] DiagnosticReport: fetched 0 records
2026-04-19 15:34:46,997 - direct_fhir - INFO -   DocumentManifest: 0 so far...
[ALL-PATIENTS] DocumentManifest: fetched 0 records
2026-04-19 15:34:47,114 - direct_fhir - INFO -   DocumentReference: 0 so far...
[ALL-PATIENTS] DocumentReference: fetched 0 records
2026-04-19 15:34:47,275 - direct_fhir - INFO -   Encounter: 50 so far...
2026-04-19 15:34:48,004 - direct_fhir - INFO -   Encounter: 100 so far...
2026-04-19 15:34:48,148 - direct_fhir - INFO -   Encounter: 150 so far...
2026-04-19 15:34:48,293 - direct_fhir - INFO -   Encounter: 200 so far...
2026-04-19 15:34:48,459 - direct_fhir - INFO -   Encounter: 250 so far...
2026-04-19 15:34:48,641 - direct_fhir - INFO -   Encounter: 300 so far...
2026-04-19 15:34:48,818 - direct_fhir - INFO -   Encounter: 350 so far...
2026-04-19 15:34:48,978 - direct_fhir - INFO -   Encounter: 359 so far...
[ALL-PATIENTS] Encounter: fetched 359 records
2026-04-19 15:34:49,092 - direct_fhir - INFO -   EnrollmentRequest: 0 so far...
[ALL-PATIENTS] EnrollmentRequest: fetched 0 records
2026-04-19 15:34:49,192 - direct_fhir - INFO -   EpisodeOfCare: 0 so far...
[ALL-PATIENTS] EpisodeOfCare: fetched 0 records
2026-04-19 15:34:49,289 - direct_fhir - INFO -   ExplanationOfBenefit: 0 so far...
[ALL-PATIENTS] ExplanationOfBenefit: fetched 0 records
2026-04-19 15:34:49,394 - direct_fhir - INFO -   FamilyMemberHistory: 0 so far...
[ALL-PATIENTS] FamilyMemberHistory: fetched 0 records
2026-04-19 15:34:49,556 - direct_fhir - INFO -   Flag: 50 so far...
2026-04-19 15:34:50,313 - direct_fhir - INFO -   Flag: 100 so far...
2026-04-19 15:34:50,485 - direct_fhir - INFO -   Flag: 150 so far...
2026-04-19 15:34:50,666 - direct_fhir - INFO -   Flag: 200 so far...
2026-04-19 15:34:50,879 - direct_fhir - INFO -   Flag: 250 so far...
2026-04-19 15:34:51,074 - direct_fhir - INFO -   Flag: 300 so far...
2026-04-19 15:34:51,256 - direct_fhir - INFO -   Flag: 350 so far...
2026-04-19 15:34:51,436 - direct_fhir - INFO -   Flag: 400 so far...
2026-04-19 15:34:51,623 - direct_fhir - INFO -   Flag: 450 so far...
2026-04-19 15:34:51,804 - direct_fhir - INFO -   Flag: 500 so far...
2026-04-19 15:34:52,517 - direct_fhir - INFO -   Flag: 533 so far...
[ALL-PATIENTS] Flag: fetched 533 records
2026-04-19 15:34:52,644 - direct_fhir - INFO -   Goal: 42 so far...
[ALL-PATIENTS] Goal: fetched 42 records
2026-04-19 15:34:52,752 - direct_fhir - INFO -   GuidanceResponse: 0 so far...
[ALL-PATIENTS] GuidanceResponse: fetched 0 records
2026-04-19 15:34:52,858 - direct_fhir - INFO -   ImagingStudy: 0 so far...
[ALL-PATIENTS] ImagingStudy: fetched 0 records
2026-04-19 15:34:52,971 - direct_fhir - INFO -   Immunization: 0 so far...
[ALL-PATIENTS] Immunization: fetched 0 records
2026-04-19 15:34:53,094 - direct_fhir - INFO -   ImmunizationEvaluation: 0 so far...
[ALL-PATIENTS] ImmunizationEvaluation: fetched 0 records
2026-04-19 15:34:53,219 - direct_fhir - INFO -   ImmunizationRecommendation: 0 so far...
[ALL-PATIENTS] ImmunizationRecommendation: fetched 0 records
2026-04-19 15:34:53,323 - direct_fhir - INFO -   Invoice: 0 so far...
[ALL-PATIENTS] Invoice: fetched 0 records
2026-04-19 15:34:53,471 - direct_fhir - INFO -   List: 50 so far...
2026-04-19 15:34:54,154 - direct_fhir - INFO -   List: 100 so far...
2026-04-19 15:34:54,338 - direct_fhir - INFO -   List: 150 so far...
2026-04-19 15:34:54,517 - direct_fhir - INFO -   List: 200 so far...
2026-04-19 15:34:54,727 - direct_fhir - INFO -   List: 250 so far...
2026-04-19 15:34:54,883 - direct_fhir - INFO -   List: 282 so far...
[ALL-PATIENTS] List: fetched 282 records
2026-04-19 15:34:55,042 - direct_fhir - INFO -   MeasureReport: 0 so far...
[ALL-PATIENTS] MeasureReport: fetched 0 records
2026-04-19 15:34:56,700 - direct_fhir - INFO -   Media: 50 so far...
2026-04-19 15:34:59,232 - direct_fhir - INFO -   Media: 100 so far...
2026-04-19 15:35:01,551 - direct_fhir - INFO -   Media: 150 so far...
2026-04-19 15:35:02,897 - direct_fhir - INFO -   Media: 200 so far...
2026-04-19 15:35:04,018 - direct_fhir - INFO -   Media: 250 so far...
2026-04-19 15:35:05,398 - direct_fhir - INFO -   Media: 300 so far...
2026-04-19 15:35:06,959 - direct_fhir - INFO -   Media: 350 so far...
2026-04-19 15:35:08,512 - direct_fhir - INFO -   Media: 400 so far...
2026-04-19 15:35:09,905 - direct_fhir - INFO -   Media: 450 so far...
2026-04-19 15:35:10,739 - direct_fhir - INFO -   Media: 482 so far...
[ALL-PATIENTS] Media: fetched 482 records
2026-04-19 15:35:10,930 - direct_fhir - INFO -   MedicationAdministration: 50 so far...
2026-04-19 15:35:11,655 - direct_fhir - INFO -   MedicationAdministration: 100 so far...
2026-04-19 15:35:11,811 - direct_fhir - INFO -   MedicationAdministration: 117 so far...
[ALL-PATIENTS] MedicationAdministration: fetched 117 records
2026-04-19 15:35:11,931 - direct_fhir - INFO -   MedicationDispense: 0 so far...
[ALL-PATIENTS] MedicationDispense: fetched 0 records
2026-04-19 15:35:12,123 - direct_fhir - INFO -   MedicationRequest: 50 so far...
2026-04-19 15:35:12,827 - direct_fhir - INFO -   MedicationRequest: 100 so far...
2026-04-19 15:35:12,993 - direct_fhir - INFO -   MedicationRequest: 130 so far...
[ALL-PATIENTS] MedicationRequest: fetched 130 records
2026-04-19 15:35:13,111 - direct_fhir - INFO -   MedicationStatement: 0 so far...
[ALL-PATIENTS] MedicationStatement: fetched 0 records
2026-04-19 15:35:13,232 - direct_fhir - INFO -   MedicinalProductAuthorization: 0 so far...
[ALL-PATIENTS] MedicinalProductAuthorization: fetched 0 records
2026-04-19 15:35:13,333 - direct_fhir - INFO -   MedicinalProductContraindication: 0 so far...
[ALL-PATIENTS] MedicinalProductContraindication: fetched 0 records
2026-04-19 15:35:13,475 - direct_fhir - INFO -   MedicinalProductIndication: 0 so far...
[ALL-PATIENTS] MedicinalProductIndication: fetched 0 records
2026-04-19 15:35:13,580 - direct_fhir - INFO -   MedicinalProductInteraction: 0 so far...
[ALL-PATIENTS] MedicinalProductInteraction: fetched 0 records
2026-04-19 15:35:13,670 - direct_fhir - INFO -   MedicinalProductPackaged: 0 so far...
[ALL-PATIENTS] MedicinalProductPackaged: fetched 0 records
2026-04-19 15:35:13,808 - direct_fhir - INFO -   MedicinalProductUndesirableEffect: 0 so far...
[ALL-PATIENTS] MedicinalProductUndesirableEffect: fetched 0 records
2026-04-19 15:35:13,920 - direct_fhir - INFO -   MolecularSequence: 0 so far...
[ALL-PATIENTS] MolecularSequence: fetched 0 records
2026-04-19 15:35:14,027 - direct_fhir - INFO -   NutritionOrder: 0 so far...
[ALL-PATIENTS] NutritionOrder: fetched 0 records
2026-04-19 15:35:14,172 - direct_fhir - INFO -   Observation: 50 so far...
2026-04-19 15:35:14,898 - direct_fhir - INFO -   Observation: 100 so far...
2026-04-19 15:35:15,071 - direct_fhir - INFO -   Observation: 150 so far...
2026-04-19 15:35:15,261 - direct_fhir - INFO -   Observation: 200 so far...
2026-04-19 15:35:15,470 - direct_fhir - INFO -   Observation: 250 so far...
2026-04-19 15:35:15,684 - direct_fhir - INFO -   Observation: 300 so far...
2026-04-19 15:35:15,874 - direct_fhir - INFO -   Observation: 350 so far...
2026-04-19 15:35:16,083 - direct_fhir - INFO -   Observation: 400 so far...
2026-04-19 15:35:16,265 - direct_fhir - INFO -   Observation: 450 so far...
2026-04-19 15:35:16,454 - direct_fhir - INFO -   Observation: 500 so far...
2026-04-19 15:35:17,304 - direct_fhir - INFO -   Observation: 550 so far...
2026-04-19 15:35:17,504 - direct_fhir - INFO -   Observation: 600 so far...
2026-04-19 15:35:17,686 - direct_fhir - INFO -   Observation: 650 so far...
2026-04-19 15:35:17,860 - direct_fhir - INFO -   Observation: 700 so far...
2026-04-19 15:35:18,064 - direct_fhir - INFO -   Observation: 750 so far...
2026-04-19 15:35:18,222 - direct_fhir - INFO -   Observation: 800 so far...
2026-04-19 15:35:18,422 - direct_fhir - INFO -   Observation: 850 so far...
2026-04-19 15:35:18,668 - direct_fhir - INFO -   Observation: 900 so far...
2026-04-19 15:35:18,849 - direct_fhir - INFO -   Observation: 950 so far...
2026-04-19 15:35:19,035 - direct_fhir - INFO -   Observation: 1000 so far...
2026-04-19 15:35:19,234 - direct_fhir - INFO -   Observation: 1050 so far...
2026-04-19 15:35:19,407 - direct_fhir - INFO -   Observation: 1100 so far...
2026-04-19 15:35:19,582 - direct_fhir - INFO -   Observation: 1150 so far...
2026-04-19 15:35:19,761 - direct_fhir - INFO -   Observation: 1200 so far...
2026-04-19 15:35:19,941 - direct_fhir - INFO -   Observation: 1250 so far...
2026-04-19 15:35:20,122 - direct_fhir - INFO -   Observation: 1300 so far...
2026-04-19 15:35:20,332 - direct_fhir - INFO -   Observation: 1350 so far...
2026-04-19 15:35:20,547 - direct_fhir - INFO -   Observation: 1400 so far...
2026-04-19 15:35:20,747 - direct_fhir - INFO -   Observation: 1450 so far...
2026-04-19 15:35:20,920 - direct_fhir - INFO -   Observation: 1500 so far...
2026-04-19 15:35:21,115 - direct_fhir - INFO -   Observation: 1550 so far...
2026-04-19 15:35:21,302 - direct_fhir - INFO -   Observation: 1600 so far...
2026-04-19 15:35:21,497 - direct_fhir - INFO -   Observation: 1650 so far...
2026-04-19 15:35:21,681 - direct_fhir - INFO -   Observation: 1700 so far...
2026-04-19 15:35:21,884 - direct_fhir - INFO -   Observation: 1750 so far...
2026-04-19 15:35:22,071 - direct_fhir - INFO -   Observation: 1800 so far...
2026-04-19 15:35:22,243 - direct_fhir - INFO -   Observation: 1850 so far...
2026-04-19 15:35:22,431 - direct_fhir - INFO -   Observation: 1900 so far...
2026-04-19 15:35:22,600 - direct_fhir - INFO -   Observation: 1950 so far...
2026-04-19 15:35:22,779 - direct_fhir - INFO -   Observation: 2000 so far...
2026-04-19 15:35:23,713 - direct_fhir - INFO -   Observation: 2050 so far...
2026-04-19 15:35:23,878 - direct_fhir - INFO -   Observation: 2100 so far...
2026-04-19 15:35:24,040 - direct_fhir - INFO -   Observation: 2150 so far...
2026-04-19 15:35:24,209 - direct_fhir - INFO -   Observation: 2200 so far...
2026-04-19 15:35:24,369 - direct_fhir - INFO -   Observation: 2250 so far...
2026-04-19 15:35:24,538 - direct_fhir - INFO -   Observation: 2300 so far...
2026-04-19 15:35:24,697 - direct_fhir - INFO -   Observation: 2350 so far...
2026-04-19 15:35:24,847 - direct_fhir - INFO -   Observation: 2400 so far...
2026-04-19 15:35:25,020 - direct_fhir - INFO -   Observation: 2450 so far...
2026-04-19 15:35:25,202 - direct_fhir - INFO -   Observation: 2500 so far...
2026-04-19 15:35:25,402 - direct_fhir - INFO -   Observation: 2550 so far...
2026-04-19 15:35:25,582 - direct_fhir - INFO -   Observation: 2600 so far...
2026-04-19 15:35:25,765 - direct_fhir - INFO -   Observation: 2650 so far...
2026-04-19 15:35:25,946 - direct_fhir - INFO -   Observation: 2700 so far...
2026-04-19 15:35:26,110 - direct_fhir - INFO -   Observation: 2750 so far...
2026-04-19 15:35:26,264 - direct_fhir - INFO -   Observation: 2800 so far...
2026-04-19 15:35:26,425 - direct_fhir - INFO -   Observation: 2850 so far...
2026-04-19 15:35:26,595 - direct_fhir - INFO -   Observation: 2900 so far...
2026-04-19 15:35:26,844 - direct_fhir - INFO -   Observation: 2950 so far...
2026-04-19 15:35:27,031 - direct_fhir - INFO -   Observation: 3000 so far...
2026-04-19 15:35:27,240 - direct_fhir - INFO -   Observation: 3050 so far...
2026-04-19 15:35:27,398 - direct_fhir - INFO -   Observation: 3100 so far...
2026-04-19 15:35:27,571 - direct_fhir - INFO -   Observation: 3150 so far...
2026-04-19 15:35:27,751 - direct_fhir - INFO -   Observation: 3200 so far...
2026-04-19 15:35:27,912 - direct_fhir - INFO -   Observation: 3250 so far...
2026-04-19 15:35:28,075 - direct_fhir - INFO -   Observation: 3300 so far...
2026-04-19 15:35:28,265 - direct_fhir - INFO -   Observation: 3350 so far...
2026-04-19 15:35:28,426 - direct_fhir - INFO -   Observation: 3400 so far...
2026-04-19 15:35:28,638 - direct_fhir - INFO -   Observation: 3450 so far...
2026-04-19 15:35:28,815 - direct_fhir - INFO -   Observation: 3500 so far...
2026-04-19 15:35:29,009 - direct_fhir - INFO -   Observation: 3550 so far...
2026-04-19 15:35:29,167 - direct_fhir - INFO -   Observation: 3600 so far...
2026-04-19 15:35:29,358 - direct_fhir - INFO -   Observation: 3650 so far...
2026-04-19 15:35:29,525 - direct_fhir - INFO -   Observation: 3700 so far...
2026-04-19 15:35:29,680 - direct_fhir - INFO -   Observation: 3750 so far...
2026-04-19 15:35:29,859 - direct_fhir - INFO -   Observation: 3800 so far...
2026-04-19 15:35:30,088 - direct_fhir - INFO -   Observation: 3850 so far...
2026-04-19 15:35:30,253 - direct_fhir - INFO -   Observation: 3900 so far...
2026-04-19 15:35:30,412 - direct_fhir - INFO -   Observation: 3950 so far...
2026-04-19 15:35:30,577 - direct_fhir - INFO -   Observation: 4000 so far...
2026-04-19 15:35:30,768 - direct_fhir - INFO -   Observation: 4050 so far...
2026-04-19 15:35:30,967 - direct_fhir - INFO -   Observation: 4100 so far...
2026-04-19 15:35:31,146 - direct_fhir - INFO -   Observation: 4150 so far...
2026-04-19 15:35:31,330 - direct_fhir - INFO -   Observation: 4200 so far...
[ALL-PATIENTS] Observation: fetched 4200 records
2026-04-19 15:35:31,482 - direct_fhir - INFO -   Person: 0 so far...
[ALL-PATIENTS] Person: fetched 0 records
2026-04-19 15:35:31,673 - direct_fhir - INFO -   Procedure: 50 so far...
2026-04-19 15:35:32,507 - direct_fhir - INFO -   Procedure: 100 so far...
2026-04-19 15:35:32,676 - direct_fhir - INFO -   Procedure: 150 so far...
2026-04-19 15:35:32,833 - direct_fhir - INFO -   Procedure: 200 so far...
2026-04-19 15:35:33,001 - direct_fhir - INFO -   Procedure: 250 so far...
2026-04-19 15:35:33,191 - direct_fhir - INFO -   Procedure: 300 so far...
2026-04-19 15:35:33,368 - direct_fhir - INFO -   Procedure: 350 so far...
2026-04-19 15:35:33,543 - direct_fhir - INFO -   Procedure: 400 so far...
2026-04-19 15:35:33,728 - direct_fhir - INFO -   Procedure: 450 so far...
2026-04-19 15:35:33,873 - direct_fhir - INFO -   Procedure: 500 so far...
2026-04-19 15:35:34,733 - direct_fhir - INFO -   Procedure: 550 so far...
2026-04-19 15:35:34,904 - direct_fhir - INFO -   Procedure: 600 so far...
2026-04-19 15:35:35,074 - direct_fhir - INFO -   Procedure: 650 so far...
2026-04-19 15:35:35,244 - direct_fhir - INFO -   Procedure: 700 so far...
2026-04-19 15:35:35,408 - direct_fhir - INFO -   Procedure: 750 so far...
2026-04-19 15:35:35,589 - direct_fhir - INFO -   Procedure: 800 so far...
2026-04-19 15:35:35,798 - direct_fhir - INFO -   Procedure: 850 so far...
2026-04-19 15:35:35,995 - direct_fhir - INFO -   Procedure: 900 so far...
2026-04-19 15:35:36,262 - direct_fhir - INFO -   Procedure: 950 so far...
2026-04-19 15:35:36,440 - direct_fhir - INFO -   Procedure: 1000 so far...
2026-04-19 15:35:36,621 - direct_fhir - INFO -   Procedure: 1050 so far...
2026-04-19 15:35:36,786 - direct_fhir - INFO -   Procedure: 1100 so far...
2026-04-19 15:35:36,982 - direct_fhir - INFO -   Procedure: 1150 so far...
2026-04-19 15:35:37,155 - direct_fhir - INFO -   Procedure: 1200 so far...
2026-04-19 15:35:37,412 - direct_fhir - INFO -   Procedure: 1250 so far...
2026-04-19 15:35:37,637 - direct_fhir - INFO -   Procedure: 1300 so far...
2026-04-19 15:35:37,841 - direct_fhir - INFO -   Procedure: 1350 so far...
2026-04-19 15:35:38,030 - direct_fhir - INFO -   Procedure: 1400 so far...
2026-04-19 15:35:38,186 - direct_fhir - INFO -   Procedure: 1450 so far...
2026-04-19 15:35:38,360 - direct_fhir - INFO -   Procedure: 1500 so far...
2026-04-19 15:35:38,554 - direct_fhir - INFO -   Procedure: 1550 so far...
2026-04-19 15:35:38,720 - direct_fhir - INFO -   Procedure: 1600 so far...
2026-04-19 15:35:38,915 - direct_fhir - INFO -   Procedure: 1650 so far...
2026-04-19 15:35:39,087 - direct_fhir - INFO -   Procedure: 1700 so far...
2026-04-19 15:35:39,312 - direct_fhir - INFO -   Procedure: 1750 so far...
2026-04-19 15:35:39,501 - direct_fhir - INFO -   Procedure: 1800 so far...
2026-04-19 15:35:39,671 - direct_fhir - INFO -   Procedure: 1850 so far...
2026-04-19 15:35:39,860 - direct_fhir - INFO -   Procedure: 1900 so far...
2026-04-19 15:35:40,034 - direct_fhir - INFO -   Procedure: 1950 so far...
2026-04-19 15:35:40,185 - direct_fhir - INFO -   Procedure: 2000 so far...
2026-04-19 15:35:41,474 - direct_fhir - INFO -   Procedure: 2050 so far...
2026-04-19 15:35:41,625 - direct_fhir - INFO -   Procedure: 2100 so far...
2026-04-19 15:35:41,806 - direct_fhir - INFO -   Procedure: 2150 so far...
2026-04-19 15:35:41,993 - direct_fhir - INFO -   Procedure: 2200 so far...
2026-04-19 15:35:42,185 - direct_fhir - INFO -   Procedure: 2250 so far...
2026-04-19 15:35:42,404 - direct_fhir - INFO -   Procedure: 2300 so far...
2026-04-19 15:35:42,591 - direct_fhir - INFO -   Procedure: 2350 so far...
2026-04-19 15:35:42,743 - direct_fhir - INFO -   Procedure: 2400 so far...
2026-04-19 15:35:42,917 - direct_fhir - INFO -   Procedure: 2450 so far...
2026-04-19 15:35:43,112 - direct_fhir - INFO -   Procedure: 2500 so far...
2026-04-19 15:35:43,252 - direct_fhir - INFO -   Procedure: 2550 so far...
2026-04-19 15:35:43,394 - direct_fhir - INFO -   Procedure: 2600 so far...
2026-04-19 15:35:43,572 - direct_fhir - INFO -   Procedure: 2650 so far...
2026-04-19 15:35:43,737 - direct_fhir - INFO -   Procedure: 2700 so far...
2026-04-19 15:35:43,889 - direct_fhir - INFO -   Procedure: 2750 so far...
2026-04-19 15:35:44,081 - direct_fhir - INFO -   Procedure: 2800 so far...
2026-04-19 15:35:44,236 - direct_fhir - INFO -   Procedure: 2850 so far...
2026-04-19 15:35:44,397 - direct_fhir - INFO -   Procedure: 2900 so far...
2026-04-19 15:35:44,543 - direct_fhir - INFO -   Procedure: 2950 so far...
2026-04-19 15:35:44,691 - direct_fhir - INFO -   Procedure: 3000 so far...
2026-04-19 15:35:44,846 - direct_fhir - INFO -   Procedure: 3050 so far...
2026-04-19 15:35:44,993 - direct_fhir - INFO -   Procedure: 3100 so far...
2026-04-19 15:35:45,162 - direct_fhir - INFO -   Procedure: 3150 so far...
2026-04-19 15:35:45,329 - direct_fhir - INFO -   Procedure: 3200 so far...
2026-04-19 15:35:45,501 - direct_fhir - INFO -   Procedure: 3250 so far...
2026-04-19 15:35:45,695 - direct_fhir - INFO -   Procedure: 3300 so far...
2026-04-19 15:35:45,865 - direct_fhir - INFO -   Procedure: 3350 so far...
2026-04-19 15:35:45,990 - direct_fhir - INFO -   Procedure: 3354 so far...
[ALL-PATIENTS] Procedure: fetched 3354 records
2026-04-19 15:35:46,110 - direct_fhir - INFO -   Provenance: 0 so far...
[ALL-PATIENTS] Provenance: fetched 0 records
2026-04-19 15:35:46,509 - direct_fhir - INFO -   QuestionnaireResponse: 50 so far...
2026-04-19 15:35:47,709 - direct_fhir - INFO -   QuestionnaireResponse: 100 so far...
2026-04-19 15:35:48,346 - direct_fhir - INFO -   QuestionnaireResponse: 150 so far...
2026-04-19 15:35:48,782 - direct_fhir - INFO -   QuestionnaireResponse: 200 so far...
2026-04-19 15:35:49,114 - direct_fhir - INFO -   QuestionnaireResponse: 250 so far...
2026-04-19 15:35:49,488 - direct_fhir - INFO -   QuestionnaireResponse: 300 so far...
2026-04-19 15:35:49,783 - direct_fhir - INFO -   QuestionnaireResponse: 350 so far...
2026-04-19 15:35:50,109 - direct_fhir - INFO -   QuestionnaireResponse: 400 so far...
2026-04-19 15:35:50,438 - direct_fhir - INFO -   QuestionnaireResponse: 450 so far...
2026-04-19 15:35:50,832 - direct_fhir - INFO -   QuestionnaireResponse: 500 so far...
2026-04-19 15:35:51,794 - direct_fhir - INFO -   QuestionnaireResponse: 550 so far...
2026-04-19 15:35:52,111 - direct_fhir - INFO -   QuestionnaireResponse: 600 so far...
2026-04-19 15:35:52,423 - direct_fhir - INFO -   QuestionnaireResponse: 650 so far...
2026-04-19 15:35:52,817 - direct_fhir - INFO -   QuestionnaireResponse: 700 so far...
2026-04-19 15:35:53,137 - direct_fhir - INFO -   QuestionnaireResponse: 750 so far...
2026-04-19 15:35:53,464 - direct_fhir - INFO -   QuestionnaireResponse: 800 so far...
2026-04-19 15:35:53,884 - direct_fhir - INFO -   QuestionnaireResponse: 850 so far...
2026-04-19 15:35:54,187 - direct_fhir - INFO -   QuestionnaireResponse: 900 so far...
2026-04-19 15:35:54,554 - direct_fhir - INFO -   QuestionnaireResponse: 950 so far...
2026-04-19 15:35:54,861 - direct_fhir - INFO -   QuestionnaireResponse: 1000 so far...
2026-04-19 15:35:55,200 - direct_fhir - INFO -   QuestionnaireResponse: 1050 so far...
2026-04-19 15:35:55,534 - direct_fhir - INFO -   QuestionnaireResponse: 1100 so far...
2026-04-19 15:35:55,865 - direct_fhir - INFO -   QuestionnaireResponse: 1150 so far...
2026-04-19 15:35:56,288 - direct_fhir - INFO -   QuestionnaireResponse: 1200 so far...
2026-04-19 15:35:56,690 - direct_fhir - INFO -   QuestionnaireResponse: 1250 so far...
2026-04-19 15:35:57,050 - direct_fhir - INFO -   QuestionnaireResponse: 1300 so far...
2026-04-19 15:35:57,395 - direct_fhir - INFO -   QuestionnaireResponse: 1350 so far...
2026-04-19 15:35:57,689 - direct_fhir - INFO -   QuestionnaireResponse: 1400 so far...
2026-04-19 15:35:58,053 - direct_fhir - INFO -   QuestionnaireResponse: 1450 so far...
2026-04-19 15:35:58,416 - direct_fhir - INFO -   QuestionnaireResponse: 1500 so far...
2026-04-19 15:35:58,757 - direct_fhir - INFO -   QuestionnaireResponse: 1550 so far...
2026-04-19 15:35:59,118 - direct_fhir - INFO -   QuestionnaireResponse: 1600 so far...
2026-04-19 15:35:59,485 - direct_fhir - INFO -   QuestionnaireResponse: 1650 so far...
2026-04-19 15:35:59,821 - direct_fhir - INFO -   QuestionnaireResponse: 1700 so far...
2026-04-19 15:36:00,319 - direct_fhir - INFO -   QuestionnaireResponse: 1750 so far...
2026-04-19 15:36:00,647 - direct_fhir - INFO -   QuestionnaireResponse: 1800 so far...
2026-04-19 15:36:01,047 - direct_fhir - INFO -   QuestionnaireResponse: 1850 so far...
2026-04-19 15:36:01,436 - direct_fhir - INFO -   QuestionnaireResponse: 1900 so far...
2026-04-19 15:36:01,833 - direct_fhir - INFO -   QuestionnaireResponse: 1950 so far...
2026-04-19 15:36:02,177 - direct_fhir - INFO -   QuestionnaireResponse: 2000 so far...
2026-04-19 15:36:03,485 - direct_fhir - INFO -   QuestionnaireResponse: 2050 so far...
2026-04-19 15:36:03,924 - direct_fhir - INFO -   QuestionnaireResponse: 2100 so far...
2026-04-19 15:36:04,259 - direct_fhir - INFO -   QuestionnaireResponse: 2150 so far...
2026-04-19 15:36:04,641 - direct_fhir - INFO -   QuestionnaireResponse: 2200 so far...
2026-04-19 15:36:05,013 - direct_fhir - INFO -   QuestionnaireResponse: 2250 so far...
2026-04-19 15:36:05,383 - direct_fhir - INFO -   QuestionnaireResponse: 2300 so far...
2026-04-19 15:36:05,806 - direct_fhir - INFO -   QuestionnaireResponse: 2350 so far...
2026-04-19 15:36:06,323 - direct_fhir - INFO -   QuestionnaireResponse: 2400 so far...
2026-04-19 15:36:06,739 - direct_fhir - INFO -   QuestionnaireResponse: 2450 so far...
2026-04-19 15:36:06,830 - werkzeug - INFO -  * Detected change in '/Users/ebeneyeraggrey-mills/development/CareIT/CareIT_Vibe_Miniapp/routes/misc_api.py', reloading
2026-04-19 15:36:07,096 - werkzeug - INFO -  * Restarting with stat
2026-04-19 15:36:07,566 - werkzeug - WARNING -  * Debugger is active!
2026-04-19 15:36:07,571 - werkzeug - INFO -  * Debugger PIN: 805-155-362
2026-04-19 15:37:16,323 - werkzeug - INFO -  * Detected change in '/Users/ebeneyeraggrey-mills/development/CareIT/CareIT_Vibe_Miniapp/routes/misc_api.py', reloading
2026-04-19 15:37:16,384 - werkzeug - INFO -  * Restarting with stat
2026-04-19 15:37:16,815 - werkzeug - WARNING -  * Debugger is active!
2026-04-19 15:37:16,819 - werkzeug - INFO -  * Debugger PIN: 805-155-362
2026-04-19 15:37:17,866 - werkzeug - INFO -  * Detected change in '/Users/ebeneyeraggrey-mills/development/CareIT/CareIT_Vibe_Miniapp/routes/misc_api.py', reloading
2026-04-19 15:37:17,933 - werkzeug - INFO -  * Restarting with stat
2026-04-19 15:37:18,245 - werkzeug - WARNING -  * Debugger is active!
2026-04-19 15:37:18,249 - werkzeug - INFO -  * Debugger PIN: 805-155-362
2026-04-19 15:39:24,289 - werkzeug - INFO -  * Detected change in '/Users/ebeneyeraggrey-mills/development/CareIT/CareIT_Vibe_Miniapp/routes/misc_api.py', reloading
2026-04-19 15:39:24,358 - werkzeug - INFO -  * Restarting with stat
2026-04-19 15:39:24,818 - werkzeug - WARNING -  * Debugger is active!
2026-04-19 15:39:24,823 - werkzeug - INFO -  * Debugger PIN: 805-155-362
[REFRESH] Request received for patient_id=all, fhir_base_url=http://38.careit.one:8200
[REFRESH] Queued refresh job e041dbce-54f8-4b84-9998-76ba46f4d98b
[REFRESH] Starting refresh job e041dbce-54f8-4b84-9998-76ba46f4d98b for patient_id=all
2026-04-19 15:39:27,440 - werkzeug - INFO - 192.168.0.239 - - [19/Apr/2026 15:39:27] "[35m[1mPOST /api/refresh-patient-context HTTP/1.1[0m" 202 -
2026-04-19 15:39:27,440 - direct_fhir - INFO - Fetching all patients
2026-04-19 15:39:27,710 - direct_fhir - INFO - Found 100 patients
2026-04-19 15:39:28,560 - direct_fhir - INFO -   Account: 0 so far...
[ALL-PATIENTS] Account: fetched 0 records
2026-04-19 15:39:28,856 - direct_fhir - INFO -   AdverseEvent: 0 so far...
[ALL-PATIENTS] AdverseEvent: fetched 0 records
2026-04-19 15:39:29,322 - direct_fhir - INFO -   AllergyIntolerance: 50 so far...
2026-04-19 15:39:30,787 - direct_fhir - INFO -   AllergyIntolerance: 87 so far...
[ALL-PATIENTS] AllergyIntolerance: fetched 87 records
2026-04-19 15:39:30,891 - direct_fhir - INFO -   Appointment: 0 so far...
[ALL-PATIENTS] Appointment: fetched 0 records
2026-04-19 15:39:30,979 - direct_fhir - INFO -   AppointmentResponse: 0 so far...
[ALL-PATIENTS] AppointmentResponse: fetched 0 records
2026-04-19 15:39:31,135 - direct_fhir - INFO -   AuditEvent: 50 so far...
2026-04-19 15:39:31,851 - direct_fhir - INFO -   AuditEvent: 96 so far...
[ALL-PATIENTS] AuditEvent: fetched 96 records
2026-04-19 15:39:31,960 - direct_fhir - INFO -   Basic: 0 so far...
[ALL-PATIENTS] Basic: fetched 0 records
2026-04-19 15:39:32,073 - direct_fhir - INFO -   BodyStructure: 0 so far...
[ALL-PATIENTS] BodyStructure: fetched 0 records
2026-04-19 15:39:32,335 - direct_fhir - INFO -   CarePlan: 50 so far...
2026-04-19 15:39:33,105 - direct_fhir - INFO -   CarePlan: 100 so far...
2026-04-19 15:39:33,330 - direct_fhir - INFO -   CarePlan: 150 so far...
2026-04-19 15:39:33,538 - direct_fhir - INFO -   CarePlan: 200 so far...
2026-04-19 15:39:33,766 - direct_fhir - INFO -   CarePlan: 250 so far...
2026-04-19 15:39:34,092 - direct_fhir - INFO -   CarePlan: 300 so far...
2026-04-19 15:39:34,241 - direct_fhir - INFO -   CarePlan: 304 so far...
[ALL-PATIENTS] CarePlan: fetched 304 records
2026-04-19 15:39:34,352 - direct_fhir - INFO -   CareTeam: 0 so far...
[ALL-PATIENTS] CareTeam: fetched 0 records
2026-04-19 15:39:34,454 - direct_fhir - INFO -   ChargeItem: 0 so far...
[ALL-PATIENTS] ChargeItem: fetched 0 records
2026-04-19 15:39:34,559 - direct_fhir - INFO -   Claim: 0 so far...
[ALL-PATIENTS] Claim: fetched 0 records
2026-04-19 15:39:34,682 - direct_fhir - INFO -   ClaimResponse: 0 so far...
[ALL-PATIENTS] ClaimResponse: fetched 0 records
2026-04-19 15:39:34,807 - direct_fhir - INFO -   ClinicalImpression: 0 so far...
[ALL-PATIENTS] ClinicalImpression: fetched 0 records
2026-04-19 15:39:34,996 - direct_fhir - INFO -   Communication: 50 so far...
2026-04-19 15:39:35,764 - direct_fhir - INFO -   Communication: 100 so far...
2026-04-19 15:39:35,921 - direct_fhir - INFO -   Communication: 150 so far...
2026-04-19 15:39:36,109 - direct_fhir - INFO -   Communication: 200 so far...
2026-04-19 15:39:36,278 - direct_fhir - INFO -   Communication: 250 so far...
2026-04-19 15:39:36,460 - direct_fhir - INFO -   Communication: 300 so far...
2026-04-19 15:39:36,620 - direct_fhir - INFO -   Communication: 350 so far...
2026-04-19 15:39:36,798 - direct_fhir - INFO -   Communication: 400 so far...
2026-04-19 15:39:36,989 - direct_fhir - INFO -   Communication: 450 so far...
2026-04-19 15:39:37,178 - direct_fhir - INFO -   Communication: 500 so far...
2026-04-19 15:39:37,870 - direct_fhir - INFO -   Communication: 550 so far...
2026-04-19 15:39:38,039 - direct_fhir - INFO -   Communication: 600 so far...
2026-04-19 15:39:38,195 - direct_fhir - INFO -   Communication: 650 so far...
2026-04-19 15:39:38,334 - direct_fhir - INFO -   Communication: 655 so far...
[ALL-PATIENTS] Communication: fetched 655 records
2026-04-19 15:39:38,449 - direct_fhir - INFO -   CommunicationRequest: 0 so far...
[ALL-PATIENTS] CommunicationRequest: fetched 0 records
2026-04-19 15:39:38,565 - direct_fhir - INFO -   Composition: 0 so far...
[ALL-PATIENTS] Composition: fetched 0 records
2026-04-19 15:39:38,694 - direct_fhir - INFO -   Condition: 50 so far...
2026-04-19 15:39:39,443 - direct_fhir - INFO -   Condition: 100 so far...
2026-04-19 15:39:39,612 - direct_fhir - INFO -   Condition: 150 so far...
2026-04-19 15:39:39,774 - direct_fhir - INFO -   Condition: 200 so far...
2026-04-19 15:39:39,954 - direct_fhir - INFO -   Condition: 250 so far...
2026-04-19 15:39:40,131 - direct_fhir - INFO -   Condition: 300 so far...
2026-04-19 15:39:40,323 - direct_fhir - INFO -   Condition: 350 so far...
2026-04-19 15:39:40,507 - direct_fhir - INFO -   Condition: 400 so far...
2026-04-19 15:39:40,676 - direct_fhir - INFO -   Condition: 450 so far...
2026-04-19 15:39:40,842 - direct_fhir - INFO -   Condition: 500 so far...
2026-04-19 15:39:41,629 - direct_fhir - INFO -   Condition: 550 so far...
2026-04-19 15:39:41,838 - direct_fhir - INFO -   Condition: 600 so far...
2026-04-19 15:39:42,033 - direct_fhir - INFO -   Condition: 650 so far...
2026-04-19 15:39:42,223 - direct_fhir - INFO -   Condition: 700 so far...
2026-04-19 15:39:42,424 - direct_fhir - INFO -   Condition: 750 so far...
2026-04-19 15:39:42,651 - direct_fhir - INFO -   Condition: 800 so far...
2026-04-19 15:39:42,837 - direct_fhir - INFO -   Condition: 850 so far...
2026-04-19 15:39:43,041 - direct_fhir - INFO -   Condition: 900 so far...
2026-04-19 15:39:43,223 - direct_fhir - INFO -   Condition: 950 so far...
2026-04-19 15:39:43,395 - direct_fhir - INFO -   Condition: 1000 so far...
2026-04-19 15:39:43,589 - direct_fhir - INFO -   Condition: 1050 so far...
2026-04-19 15:39:43,779 - direct_fhir - INFO -   Condition: 1100 so far...
2026-04-19 15:39:43,961 - direct_fhir - INFO -   Condition: 1150 so far...
2026-04-19 15:39:44,155 - direct_fhir - INFO -   Condition: 1200 so far...
2026-04-19 15:39:44,342 - direct_fhir - INFO -   Condition: 1250 so far...
2026-04-19 15:39:44,525 - direct_fhir - INFO -   Condition: 1300 so far...
2026-04-19 15:39:44,704 - direct_fhir - INFO -   Condition: 1350 so far...
2026-04-19 15:39:44,848 - direct_fhir - INFO -   Condition: 1400 so far...
2026-04-19 15:39:45,035 - direct_fhir - INFO -   Condition: 1450 so far...
2026-04-19 15:39:45,223 - direct_fhir - INFO -   Condition: 1500 so far...
2026-04-19 15:39:45,377 - direct_fhir - INFO -   Condition: 1550 so far...
2026-04-19 15:39:45,546 - direct_fhir - INFO -   Condition: 1600 so far...
2026-04-19 15:39:45,714 - direct_fhir - INFO -   Condition: 1650 so far...
2026-04-19 15:39:45,876 - direct_fhir - INFO -   Condition: 1700 so far...
2026-04-19 15:39:46,019 - direct_fhir - INFO -   Condition: 1750 so far...
2026-04-19 15:39:46,197 - direct_fhir - INFO -   Condition: 1800 so far...
2026-04-19 15:39:46,348 - direct_fhir - INFO -   Condition: 1850 so far...
2026-04-19 15:39:46,519 - direct_fhir - INFO -   Condition: 1900 so far...
2026-04-19 15:39:46,685 - direct_fhir - INFO -   Condition: 1950 so far...
2026-04-19 15:39:46,841 - direct_fhir - INFO -   Condition: 2000 so far...
2026-04-19 15:39:48,264 - direct_fhir - INFO -   Condition: 2050 so far...
2026-04-19 15:39:48,463 - direct_fhir - INFO -   Condition: 2100 so far...
2026-04-19 15:39:48,666 - direct_fhir - INFO -   Condition: 2150 so far...
2026-04-19 15:39:48,838 - direct_fhir - INFO -   Condition: 2200 so far...
2026-04-19 15:39:49,012 - direct_fhir - INFO -   Condition: 2250 so far...
2026-04-19 15:39:49,187 - direct_fhir - INFO -   Condition: 2300 so far...
2026-04-19 15:39:49,378 - direct_fhir - INFO -   Condition: 2350 so far...
2026-04-19 15:39:49,572 - direct_fhir - INFO -   Condition: 2400 so far...
2026-04-19 15:39:49,753 - direct_fhir - INFO -   Condition: 2450 so far...
2026-04-19 15:39:49,933 - direct_fhir - INFO -   Condition: 2500 so far...
2026-04-19 15:39:50,100 - direct_fhir - INFO -   Condition: 2550 so far...
2026-04-19 15:39:50,290 - direct_fhir - INFO -   Condition: 2600 so far...
2026-04-19 15:39:50,461 - direct_fhir - INFO -   Condition: 2650 so far...
2026-04-19 15:39:50,646 - direct_fhir - INFO -   Condition: 2700 so far...
2026-04-19 15:39:50,822 - direct_fhir - INFO -   Condition: 2750 so far...
2026-04-19 15:39:50,986 - direct_fhir - INFO -   Condition: 2800 so far...
2026-04-19 15:39:51,173 - direct_fhir - INFO -   Condition: 2850 so far...
2026-04-19 15:39:51,350 - direct_fhir - INFO -   Condition: 2900 so far...
2026-04-19 15:39:51,552 - direct_fhir - INFO -   Condition: 2950 so far...
2026-04-19 15:39:51,745 - direct_fhir - INFO -   Condition: 3000 so far...
2026-04-19 15:39:51,930 - direct_fhir - INFO -   Condition: 3050 so far...
2026-04-19 15:39:52,106 - direct_fhir - INFO -   Condition: 3100 so far...
2026-04-19 15:39:52,283 - direct_fhir - INFO -   Condition: 3150 so far...
2026-04-19 15:39:52,465 - direct_fhir - INFO -   Condition: 3200 so far...
2026-04-19 15:39:52,670 - direct_fhir - INFO -   Condition: 3250 so far...
2026-04-19 15:39:52,864 - direct_fhir - INFO -   Condition: 3300 so far...
2026-04-19 15:39:53,047 - direct_fhir - INFO -   Condition: 3350 so far...
2026-04-19 15:39:53,215 - direct_fhir - INFO -   Condition: 3400 so far...
2026-04-19 15:39:53,392 - direct_fhir - INFO -   Condition: 3450 so far...
2026-04-19 15:39:53,554 - direct_fhir - INFO -   Condition: 3500 so far...
2026-04-19 15:39:53,736 - direct_fhir - INFO -   Condition: 3550 so far...
2026-04-19 15:39:53,908 - direct_fhir - INFO -   Condition: 3600 so far...
2026-04-19 15:39:54,073 - direct_fhir - INFO -   Condition: 3650 so far...
2026-04-19 15:39:54,240 - direct_fhir - INFO -   Condition: 3700 so far...
2026-04-19 15:39:54,428 - direct_fhir - INFO -   Condition: 3750 so far...
2026-04-19 15:39:54,582 - direct_fhir - INFO -   Condition: 3800 so far...
2026-04-19 15:39:54,752 - direct_fhir - INFO -   Condition: 3850 so far...
2026-04-19 15:39:54,924 - direct_fhir - INFO -   Condition: 3900 so far...
2026-04-19 15:39:55,109 - direct_fhir - INFO -   Condition: 3950 so far...
2026-04-19 15:39:55,287 - direct_fhir - INFO -   Condition: 4000 so far...
2026-04-19 15:39:55,449 - direct_fhir - INFO -   Condition: 4050 so far...
2026-04-19 15:39:55,687 - direct_fhir - INFO -   Condition: 4100 so far...
2026-04-19 15:39:55,900 - direct_fhir - INFO -   Condition: 4150 so far...
2026-04-19 15:39:56,084 - direct_fhir - INFO -   Condition: 4200 so far...
2026-04-19 15:39:56,281 - direct_fhir - INFO -   Condition: 4250 so far...
2026-04-19 15:39:56,476 - direct_fhir - INFO -   Condition: 4300 so far...
2026-04-19 15:39:56,668 - direct_fhir - INFO -   Condition: 4350 so far...
2026-04-19 15:39:56,862 - direct_fhir - INFO -   Condition: 4400 so far...
2026-04-19 15:39:57,079 - direct_fhir - INFO -   Condition: 4450 so far...
2026-04-19 15:39:57,246 - direct_fhir - INFO -   Condition: 4500 so far...
2026-04-19 15:39:57,438 - direct_fhir - INFO -   Condition: 4550 so far...
2026-04-19 15:39:57,650 - direct_fhir - INFO -   Condition: 4600 so far...
2026-04-19 15:39:57,809 - direct_fhir - INFO -   Condition: 4650 so far...
2026-04-19 15:39:57,985 - direct_fhir - INFO -   Condition: 4700 so far...
2026-04-19 15:39:58,174 - direct_fhir - INFO -   Condition: 4750 so far...
2026-04-19 15:39:58,366 - direct_fhir - INFO -   Condition: 4800 so far...
2026-04-19 15:39:58,558 - direct_fhir - INFO -   Condition: 4850 so far...
2026-04-19 15:39:58,743 - direct_fhir - INFO -   Condition: 4900 so far...
2026-04-19 15:39:58,957 - direct_fhir - INFO -   Condition: 4950 so far...
2026-04-19 15:39:59,140 - direct_fhir - INFO -   Condition: 5000 so far...
2026-04-19 15:39:59,314 - direct_fhir - INFO -   Condition: 5050 so far...
2026-04-19 15:39:59,487 - direct_fhir - INFO -   Condition: 5100 so far...
2026-04-19 15:39:59,672 - direct_fhir - INFO -   Condition: 5150 so far...
2026-04-19 15:39:59,867 - direct_fhir - INFO -   Condition: 5200 so far...
2026-04-19 15:40:00,113 - direct_fhir - INFO -   Condition: 5250 so far...
2026-04-19 15:40:00,313 - direct_fhir - INFO -   Condition: 5300 so far...
2026-04-19 15:40:00,490 - direct_fhir - INFO -   Condition: 5350 so far...
2026-04-19 15:40:00,663 - direct_fhir - INFO -   Condition: 5400 so far...
2026-04-19 15:40:00,843 - direct_fhir - INFO -   Condition: 5450 so far...
2026-04-19 15:40:01,017 - direct_fhir - INFO -   Condition: 5500 so far...
2026-04-19 15:40:01,203 - direct_fhir - INFO -   Condition: 5550 so far...
2026-04-19 15:40:01,405 - direct_fhir - INFO -   Condition: 5600 so far...
2026-04-19 15:40:01,584 - direct_fhir - INFO -   Condition: 5650 so far...
2026-04-19 15:40:01,773 - direct_fhir - INFO -   Condition: 5700 so far...
2026-04-19 15:40:01,983 - direct_fhir - INFO -   Condition: 5750 so far...
2026-04-19 15:40:02,171 - direct_fhir - INFO -   Condition: 5800 so far...
2026-04-19 15:40:02,343 - direct_fhir - INFO -   Condition: 5850 so far...
2026-04-19 15:40:02,532 - direct_fhir - INFO -   Condition: 5900 so far...
2026-04-19 15:40:02,719 - direct_fhir - INFO -   Condition: 5950 so far...
2026-04-19 15:40:02,927 - direct_fhir - INFO -   Condition: 6000 so far...
2026-04-19 15:40:03,168 - direct_fhir - INFO -   Condition: 6050 so far...
2026-04-19 15:40:03,347 - direct_fhir - INFO -   Condition: 6100 so far...
2026-04-19 15:40:03,535 - direct_fhir - INFO -   Condition: 6150 so far...
2026-04-19 15:40:03,714 - direct_fhir - INFO -   Condition: 6200 so far...
2026-04-19 15:40:03,899 - direct_fhir - INFO -   Condition: 6250 so far...
2026-04-19 15:40:04,075 - direct_fhir - INFO -   Condition: 6300 so far...
2026-04-19 15:40:04,250 - direct_fhir - INFO -   Condition: 6350 so far...
2026-04-19 15:40:04,432 - direct_fhir - INFO -   Condition: 6400 so far...
2026-04-19 15:40:04,620 - direct_fhir - INFO -   Condition: 6450 so far...
2026-04-19 15:40:04,783 - direct_fhir - INFO -   Condition: 6500 so far...
2026-04-19 15:40:04,975 - direct_fhir - INFO -   Condition: 6550 so far...
2026-04-19 15:40:05,127 - direct_fhir - INFO -   Condition: 6600 so far...
2026-04-19 15:40:05,342 - direct_fhir - INFO -   Condition: 6650 so far...
2026-04-19 15:40:05,502 - direct_fhir - INFO -   Condition: 6700 so far...
2026-04-19 15:40:05,682 - direct_fhir - INFO -   Condition: 6750 so far...
2026-04-19 15:40:05,826 - direct_fhir - INFO -   Condition: 6800 so far...
2026-04-19 15:40:05,978 - direct_fhir - INFO -   Condition: 6850 so far...
2026-04-19 15:40:06,169 - direct_fhir - INFO -   Condition: 6900 so far...
2026-04-19 15:40:06,417 - direct_fhir - INFO -   Condition: 6950 so far...
2026-04-19 15:40:06,577 - direct_fhir - INFO -   Condition: 7000 so far...
2026-04-19 15:40:06,728 - direct_fhir - INFO -   Condition: 7050 so far...
2026-04-19 15:40:06,885 - direct_fhir - INFO -   Condition: 7100 so far...
2026-04-19 15:40:07,050 - direct_fhir - INFO -   Condition: 7150 so far...
2026-04-19 15:40:07,223 - direct_fhir - INFO -   Condition: 7200 so far...
2026-04-19 15:40:07,363 - direct_fhir - INFO -   Condition: 7250 so far...
2026-04-19 15:40:07,559 - direct_fhir - INFO -   Condition: 7300 so far...
2026-04-19 15:40:07,718 - direct_fhir - INFO -   Condition: 7350 so far...
2026-04-19 15:40:07,876 - direct_fhir - INFO -   Condition: 7400 so far...
2026-04-19 15:40:08,059 - direct_fhir - INFO -   Condition: 7450 so far...
2026-04-19 15:40:08,228 - direct_fhir - INFO -   Condition: 7500 so far...
2026-04-19 15:40:08,378 - direct_fhir - INFO -   Condition: 7550 so far...
2026-04-19 15:40:08,540 - direct_fhir - INFO -   Condition: 7600 so far...
2026-04-19 15:40:08,736 - direct_fhir - INFO -   Condition: 7650 so far...
2026-04-19 15:40:08,890 - direct_fhir - INFO -   Condition: 7700 so far...
2026-04-19 15:40:09,054 - direct_fhir - INFO -   Condition: 7750 so far...
2026-04-19 15:40:09,193 - direct_fhir - INFO -   Condition: 7800 so far...
2026-04-19 15:40:09,346 - direct_fhir - INFO -   Condition: 7850 so far...
2026-04-19 15:40:09,522 - direct_fhir - INFO -   Condition: 7900 so far...
2026-04-19 15:40:09,718 - direct_fhir - INFO -   Condition: 7950 so far...
2026-04-19 15:40:09,887 - direct_fhir - INFO -   Condition: 8000 so far...
2026-04-19 15:40:10,072 - direct_fhir - INFO -   Condition: 8050 so far...
2026-04-19 15:40:10,230 - direct_fhir - INFO -   Condition: 8100 so far...
2026-04-19 15:40:10,395 - direct_fhir - INFO -   Condition: 8150 so far...
2026-04-19 15:40:10,537 - direct_fhir - INFO -   Condition: 8200 so far...
2026-04-19 15:40:10,694 - direct_fhir - INFO -   Condition: 8250 so far...
2026-04-19 15:40:10,847 - direct_fhir - INFO -   Condition: 8300 so far...
2026-04-19 15:40:11,006 - direct_fhir - INFO -   Condition: 8350 so far...
2026-04-19 15:40:11,171 - direct_fhir - INFO -   Condition: 8400 so far...
2026-04-19 15:40:11,347 - direct_fhir - INFO -   Condition: 8450 so far...
2026-04-19 15:40:11,519 - direct_fhir - INFO -   Condition: 8500 so far...
2026-04-19 15:40:11,680 - direct_fhir - INFO -   Condition: 8550 so far...
2026-04-19 15:40:11,838 - direct_fhir - INFO -   Condition: 8600 so far...
2026-04-19 15:40:12,010 - direct_fhir - INFO -   Condition: 8650 so far...
2026-04-19 15:40:12,204 - direct_fhir - INFO -   Condition: 8700 so far...
2026-04-19 15:40:12,366 - direct_fhir - INFO -   Condition: 8750 so far...
2026-04-19 15:40:12,549 - direct_fhir - INFO -   Condition: 8800 so far...
2026-04-19 15:40:12,714 - direct_fhir - INFO -   Condition: 8850 so far...
2026-04-19 15:40:12,892 - direct_fhir - INFO -   Condition: 8900 so far...
2026-04-19 15:40:13,055 - direct_fhir - INFO -   Condition: 8950 so far...
2026-04-19 15:40:13,245 - direct_fhir - INFO -   Condition: 9000 so far...
2026-04-19 15:40:13,414 - direct_fhir - INFO -   Condition: 9050 so far...
2026-04-19 15:40:13,586 - direct_fhir - INFO -   Condition: 9100 so far...
2026-04-19 15:40:13,745 - direct_fhir - INFO -   Condition: 9150 so far...
2026-04-19 15:40:13,907 - direct_fhir - INFO -   Condition: 9200 so far...
2026-04-19 15:40:14,056 - direct_fhir - INFO -   Condition: 9250 so far...
2026-04-19 15:40:14,238 - direct_fhir - INFO -   Condition: 9300 so far...
2026-04-19 15:40:14,405 - direct_fhir - INFO -   Condition: 9350 so far...
2026-04-19 15:40:14,564 - direct_fhir - INFO -   Condition: 9400 so far...
2026-04-19 15:40:14,735 - direct_fhir - INFO -   Condition: 9450 so far...
2026-04-19 15:40:14,917 - direct_fhir - INFO -   Condition: 9500 so far...
2026-04-19 15:40:15,083 - direct_fhir - INFO -   Condition: 9550 so far...
2026-04-19 15:40:15,234 - direct_fhir - INFO -   Condition: 9600 so far...
2026-04-19 15:40:15,386 - direct_fhir - INFO -   Condition: 9650 so far...
2026-04-19 15:40:15,542 - direct_fhir - INFO -   Condition: 9700 so far...
2026-04-19 15:40:15,700 - direct_fhir - INFO -   Condition: 9750 so far...
2026-04-19 15:40:15,890 - direct_fhir - INFO -   Condition: 9800 so far...
2026-04-19 15:40:16,036 - direct_fhir - INFO -   Condition: 9850 so far...
2026-04-19 15:40:16,201 - direct_fhir - INFO -   Condition: 9900 so far...
2026-04-19 15:40:16,374 - direct_fhir - INFO -   Condition: 9950 so far...
2026-04-19 15:40:16,555 - direct_fhir - INFO -   Condition: 10000 so far...
2026-04-19 15:40:16,722 - direct_fhir - INFO -   Condition: 10050 so far...
2026-04-19 15:40:16,874 - direct_fhir - INFO -   Condition: 10100 so far...
2026-04-19 15:40:17,054 - direct_fhir - INFO -   Condition: 10150 so far...
2026-04-19 15:40:17,201 - direct_fhir - INFO -   Condition: 10200 so far...
2026-04-19 15:40:17,363 - direct_fhir - INFO -   Condition: 10250 so far...
2026-04-19 15:40:17,519 - direct_fhir - INFO -   Condition: 10300 so far...
2026-04-19 15:40:17,674 - direct_fhir - INFO -   Condition: 10350 so far...
2026-04-19 15:40:17,807 - direct_fhir - INFO -   Condition: 10400 so far...
2026-04-19 15:40:17,949 - direct_fhir - INFO -   Condition: 10450 so far...
2026-04-19 15:40:18,121 - direct_fhir - INFO -   Condition: 10500 so far...
2026-04-19 15:40:18,286 - direct_fhir - INFO -   Condition: 10550 so far...
2026-04-19 15:40:18,448 - direct_fhir - INFO -   Condition: 10600 so far...
2026-04-19 15:40:18,608 - direct_fhir - INFO -   Condition: 10650 so far...
2026-04-19 15:40:18,764 - direct_fhir - INFO -   Condition: 10700 so far...
2026-04-19 15:40:18,896 - direct_fhir - INFO -   Condition: 10750 so far...
2026-04-19 15:40:19,044 - direct_fhir - INFO -   Condition: 10800 so far...
2026-04-19 15:40:19,216 - direct_fhir - INFO -   Condition: 10850 so far...
2026-04-19 15:40:19,381 - direct_fhir - INFO -   Condition: 10900 so far...
2026-04-19 15:40:19,543 - direct_fhir - INFO -   Condition: 10950 so far...
2026-04-19 15:40:19,767 - direct_fhir - INFO -   Condition: 11000 so far...
2026-04-19 15:40:19,909 - direct_fhir - INFO -   Condition: 11050 so far...
2026-04-19 15:40:20,069 - direct_fhir - INFO -   Condition: 11100 so far...
2026-04-19 15:40:20,240 - direct_fhir - INFO -   Condition: 11150 so far...
2026-04-19 15:40:20,413 - direct_fhir - INFO -   Condition: 11200 so far...
2026-04-19 15:40:20,570 - direct_fhir - INFO -   Condition: 11250 so far...
2026-04-19 15:40:20,714 - direct_fhir - INFO -   Condition: 11300 so far...
2026-04-19 15:40:20,853 - direct_fhir - INFO -   Condition: 11350 so far...
2026-04-19 15:40:21,012 - direct_fhir - INFO -   Condition: 11400 so far...
2026-04-19 15:40:21,173 - direct_fhir - INFO -   Condition: 11450 so far...
2026-04-19 15:40:21,364 - direct_fhir - INFO -   Condition: 11500 so far...
2026-04-19 15:40:21,515 - direct_fhir - INFO -   Condition: 11550 so far...
2026-04-19 15:40:21,725 - direct_fhir - INFO -   Condition: 11600 so far...
2026-04-19 15:40:21,889 - direct_fhir - INFO -   Condition: 11650 so far...
2026-04-19 15:40:22,056 - direct_fhir - INFO -   Condition: 11700 so far...
2026-04-19 15:40:22,228 - direct_fhir - INFO -   Condition: 11750 so far...
2026-04-19 15:40:22,405 - direct_fhir - INFO -   Condition: 11800 so far...
2026-04-19 15:40:22,568 - direct_fhir - INFO -   Condition: 11850 so far...
2026-04-19 15:40:22,764 - direct_fhir - INFO -   Condition: 11900 so far...
2026-04-19 15:40:22,925 - direct_fhir - INFO -   Condition: 11950 so far...
2026-04-19 15:40:23,084 - direct_fhir - INFO -   Condition: 12000 so far...
2026-04-19 15:40:23,269 - direct_fhir - INFO -   Condition: 12050 so far...
2026-04-19 15:40:23,488 - direct_fhir - INFO -   Condition: 12100 so far...
2026-04-19 15:40:23,673 - direct_fhir - INFO -   Condition: 12150 so far...
2026-04-19 15:40:23,845 - direct_fhir - INFO -   Condition: 12200 so far...
2026-04-19 15:40:24,012 - direct_fhir - INFO -   Condition: 12250 so far...
2026-04-19 15:40:24,165 - direct_fhir - INFO -   Condition: 12300 so far...
2026-04-19 15:40:24,363 - direct_fhir - INFO -   Condition: 12350 so far...
2026-04-19 15:40:24,527 - direct_fhir - INFO -   Condition: 12400 so far...
2026-04-19 15:40:24,717 - direct_fhir - INFO -   Condition: 12450 so far...
2026-04-19 15:40:24,897 - direct_fhir - INFO -   Condition: 12500 so far...
2026-04-19 15:40:25,059 - direct_fhir - INFO -   Condition: 12550 so far...
2026-04-19 15:40:25,226 - direct_fhir - INFO -   Condition: 12600 so far...
2026-04-19 15:40:25,379 - direct_fhir - INFO -   Condition: 12650 so far...
2026-04-19 15:40:25,530 - direct_fhir - INFO -   Condition: 12700 so far...
2026-04-19 15:40:25,684 - direct_fhir - INFO -   Condition: 12750 so far...
2026-04-19 15:40:25,834 - direct_fhir - INFO -   Condition: 12800 so far...
2026-04-19 15:40:25,992 - direct_fhir - INFO -   Condition: 12850 so far...
2026-04-19 15:40:26,188 - direct_fhir - INFO -   Condition: 12900 so far...
2026-04-19 15:40:26,348 - direct_fhir - INFO -   Condition: 12950 so far...
2026-04-19 15:40:26,533 - direct_fhir - INFO -   Condition: 13000 so far...
2026-04-19 15:40:26,683 - direct_fhir - INFO -   Condition: 13050 so far...
2026-04-19 15:40:26,856 - direct_fhir - INFO -   Condition: 13089 so far...
[ALL-PATIENTS] Condition: fetched 13089 records
2026-04-19 15:40:27,061 - direct_fhir - INFO -   Consent: 0 so far...
[ALL-PATIENTS] Consent: fetched 0 records
2026-04-19 15:40:27,199 - direct_fhir - INFO -   Contract: 0 so far...
[ALL-PATIENTS] Contract: fetched 0 records
2026-04-19 15:40:27,363 - direct_fhir - INFO -   Coverage: 0 so far...
[ALL-PATIENTS] Coverage: fetched 0 records
2026-04-19 15:40:27,471 - direct_fhir - INFO -   CoverageEligibilityRequest: 0 so far...
[ALL-PATIENTS] CoverageEligibilityRequest: fetched 0 records
2026-04-19 15:40:27,579 - direct_fhir - INFO -   CoverageEligibilityResponse: 0 so far...
[ALL-PATIENTS] CoverageEligibilityResponse: fetched 0 records
2026-04-19 15:40:27,685 - direct_fhir - INFO -   DetectedIssue: 0 so far...
[ALL-PATIENTS] DetectedIssue: fetched 0 records
2026-04-19 15:40:27,782 - direct_fhir - INFO -   Device: 0 so far...
[ALL-PATIENTS] Device: fetched 0 records
2026-04-19 15:40:27,905 - direct_fhir - INFO -   DeviceRequest: 0 so far...
[ALL-PATIENTS] DeviceRequest: fetched 0 records
2026-04-19 15:40:28,013 - direct_fhir - INFO -   DeviceUseStatement: 0 so far...
[ALL-PATIENTS] DeviceUseStatement: fetched 0 records
2026-04-19 15:40:28,122 - direct_fhir - INFO -   DiagnosticReport: 0 so far...
[ALL-PATIENTS] DiagnosticReport: fetched 0 records
2026-04-19 15:40:28,239 - direct_fhir - INFO -   DocumentManifest: 0 so far...
[ALL-PATIENTS] DocumentManifest: fetched 0 records
2026-04-19 15:40:28,379 - direct_fhir - INFO -   DocumentReference: 0 so far...
[ALL-PATIENTS] DocumentReference: fetched 0 records
2026-04-19 15:40:28,554 - direct_fhir - INFO -   Encounter: 50 so far...
2026-04-19 15:40:29,305 - direct_fhir - INFO -   Encounter: 100 so far...
2026-04-19 15:40:29,461 - direct_fhir - INFO -   Encounter: 150 so far...
2026-04-19 15:40:29,637 - direct_fhir - INFO -   Encounter: 200 so far...
2026-04-19 15:40:29,865 - direct_fhir - INFO -   Encounter: 250 so far...
2026-04-19 15:40:30,052 - direct_fhir - INFO -   Encounter: 300 so far...
2026-04-19 15:40:30,234 - direct_fhir - INFO -   Encounter: 350 so far...
2026-04-19 15:40:30,377 - direct_fhir - INFO -   Encounter: 359 so far...
[ALL-PATIENTS] Encounter: fetched 359 records
2026-04-19 15:40:30,503 - direct_fhir - INFO -   EnrollmentRequest: 0 so far...
[ALL-PATIENTS] EnrollmentRequest: fetched 0 records
2026-04-19 15:40:30,590 - direct_fhir - INFO -   EpisodeOfCare: 0 so far...
[ALL-PATIENTS] EpisodeOfCare: fetched 0 records
2026-04-19 15:40:30,691 - direct_fhir - INFO -   ExplanationOfBenefit: 0 so far...
[ALL-PATIENTS] ExplanationOfBenefit: fetched 0 records
2026-04-19 15:40:30,823 - direct_fhir - INFO -   FamilyMemberHistory: 0 so far...
[ALL-PATIENTS] FamilyMemberHistory: fetched 0 records
2026-04-19 15:40:31,001 - direct_fhir - INFO -   Flag: 50 so far...
2026-04-19 15:40:31,747 - direct_fhir - INFO -   Flag: 100 so far...
2026-04-19 15:40:31,936 - direct_fhir - INFO -   Flag: 150 so far...
2026-04-19 15:40:32,145 - direct_fhir - INFO -   Flag: 200 so far...
2026-04-19 15:40:32,304 - direct_fhir - INFO -   Flag: 250 so far...
2026-04-19 15:40:32,494 - direct_fhir - INFO -   Flag: 300 so far...
2026-04-19 15:40:32,695 - direct_fhir - INFO -   Flag: 350 so far...
2026-04-19 15:40:32,890 - direct_fhir - INFO -   Flag: 400 so far...
2026-04-19 15:40:33,073 - direct_fhir - INFO -   Flag: 450 so far...
2026-04-19 15:40:33,269 - direct_fhir - INFO -   Flag: 500 so far...
2026-04-19 15:40:33,991 - direct_fhir - INFO -   Flag: 533 so far...
[ALL-PATIENTS] Flag: fetched 533 records
2026-04-19 15:40:34,124 - direct_fhir - INFO -   Goal: 42 so far...
[ALL-PATIENTS] Goal: fetched 42 records
2026-04-19 15:40:34,248 - direct_fhir - INFO -   GuidanceResponse: 0 so far...
[ALL-PATIENTS] GuidanceResponse: fetched 0 records
2026-04-19 15:40:34,364 - direct_fhir - INFO -   ImagingStudy: 0 so far...
[ALL-PATIENTS] ImagingStudy: fetched 0 records
2026-04-19 15:40:34,463 - direct_fhir - INFO -   Immunization: 0 so far...
[ALL-PATIENTS] Immunization: fetched 0 records
2026-04-19 15:40:34,568 - direct_fhir - INFO -   ImmunizationEvaluation: 0 so far...
[ALL-PATIENTS] ImmunizationEvaluation: fetched 0 records
2026-04-19 15:40:34,711 - direct_fhir - INFO -   ImmunizationRecommendation: 0 so far...
[ALL-PATIENTS] ImmunizationRecommendation: fetched 0 records
2026-04-19 15:40:34,837 - direct_fhir - INFO -   Invoice: 0 so far...
[ALL-PATIENTS] Invoice: fetched 0 records
2026-04-19 15:40:35,061 - direct_fhir - INFO -   List: 50 so far...
2026-04-19 15:40:35,750 - direct_fhir - INFO -   List: 100 so far...
2026-04-19 15:40:35,960 - direct_fhir - INFO -   List: 150 so far...
2026-04-19 15:40:36,107 - direct_fhir - INFO -   List: 200 so far...
2026-04-19 15:40:36,307 - direct_fhir - INFO -   List: 250 so far...
2026-04-19 15:40:36,440 - direct_fhir - INFO -   List: 282 so far...
[ALL-PATIENTS] List: fetched 282 records
2026-04-19 15:40:36,554 - direct_fhir - INFO -   MeasureReport: 0 so far...
[ALL-PATIENTS] MeasureReport: fetched 0 records
2026-04-19 15:40:38,163 - direct_fhir - INFO -   Media: 50 so far...
2026-04-19 15:40:40,714 - direct_fhir - INFO -   Media: 100 so far...
2026-04-19 15:40:43,160 - direct_fhir - INFO -   Media: 150 so far...
2026-04-19 15:40:44,429 - direct_fhir - INFO -   Media: 200 so far...
2026-04-19 15:40:45,705 - direct_fhir - INFO -   Media: 250 so far...
2026-04-19 15:40:46,844 - direct_fhir - INFO -   Media: 300 so far...
2026-04-19 15:40:48,305 - direct_fhir - INFO -   Media: 350 so far...
2026-04-19 15:40:49,837 - direct_fhir - INFO -   Media: 400 so far...
2026-04-19 15:40:51,264 - direct_fhir - INFO -   Media: 450 so far...
2026-04-19 15:40:52,155 - direct_fhir - INFO -   Media: 482 so far...
[ALL-PATIENTS] Media: fetched 482 records
2026-04-19 15:40:52,321 - direct_fhir - INFO -   MedicationAdministration: 50 so far...
2026-04-19 15:40:53,041 - direct_fhir - INFO -   MedicationAdministration: 100 so far...
2026-04-19 15:40:53,187 - direct_fhir - INFO -   MedicationAdministration: 117 so far...
[ALL-PATIENTS] MedicationAdministration: fetched 117 records
2026-04-19 15:40:53,297 - direct_fhir - INFO -   MedicationDispense: 0 so far...
[ALL-PATIENTS] MedicationDispense: fetched 0 records
2026-04-19 15:40:53,462 - direct_fhir - INFO -   MedicationRequest: 50 so far...
2026-04-19 15:40:54,720 - direct_fhir - INFO -   MedicationRequest: 100 so far...
2026-04-19 15:40:54,844 - direct_fhir - INFO -   MedicationRequest: 130 so far...
[ALL-PATIENTS] MedicationRequest: fetched 130 records
2026-04-19 15:40:54,969 - direct_fhir - INFO -   MedicationStatement: 0 so far...
[ALL-PATIENTS] MedicationStatement: fetched 0 records
2026-04-19 15:40:55,085 - direct_fhir - INFO -   MedicinalProductAuthorization: 0 so far...
[ALL-PATIENTS] MedicinalProductAuthorization: fetched 0 records
2026-04-19 15:40:55,192 - direct_fhir - INFO -   MedicinalProductContraindication: 0 so far...
[ALL-PATIENTS] MedicinalProductContraindication: fetched 0 records
2026-04-19 15:40:55,323 - direct_fhir - INFO -   MedicinalProductIndication: 0 so far...
[ALL-PATIENTS] MedicinalProductIndication: fetched 0 records
2026-04-19 15:40:55,450 - direct_fhir - INFO -   MedicinalProductInteraction: 0 so far...
[ALL-PATIENTS] MedicinalProductInteraction: fetched 0 records
2026-04-19 15:40:55,563 - direct_fhir - INFO -   MedicinalProductPackaged: 0 so far...
[ALL-PATIENTS] MedicinalProductPackaged: fetched 0 records
2026-04-19 15:40:55,668 - direct_fhir - INFO -   MedicinalProductUndesirableEffect: 0 so far...
[ALL-PATIENTS] MedicinalProductUndesirableEffect: fetched 0 records
2026-04-19 15:40:55,795 - direct_fhir - INFO -   MolecularSequence: 0 so far...
[ALL-PATIENTS] MolecularSequence: fetched 0 records
2026-04-19 15:40:55,909 - direct_fhir - INFO -   NutritionOrder: 0 so far...
[ALL-PATIENTS] NutritionOrder: fetched 0 records
2026-04-19 15:40:56,062 - direct_fhir - INFO -   Observation: 50 so far...
2026-04-19 15:40:56,777 - direct_fhir - INFO -   Observation: 100 so far...
2026-04-19 15:40:56,910 - direct_fhir - INFO -   Observation: 150 so far...
2026-04-19 15:40:57,068 - direct_fhir - INFO -   Observation: 200 so far...
2026-04-19 15:40:57,218 - direct_fhir - INFO -   Observation: 250 so far...
2026-04-19 15:40:57,361 - direct_fhir - INFO -   Observation: 300 so far...
2026-04-19 15:40:57,512 - direct_fhir - INFO -   Observation: 350 so far...
2026-04-19 15:40:57,682 - direct_fhir - INFO -   Observation: 400 so far...
2026-04-19 15:40:57,822 - direct_fhir - INFO -   Observation: 450 so far...
2026-04-19 15:40:57,972 - direct_fhir - INFO -   Observation: 500 so far...
2026-04-19 15:40:58,709 - direct_fhir - INFO -   Observation: 550 so far...
2026-04-19 15:40:58,852 - direct_fhir - INFO -   Observation: 600 so far...
2026-04-19 15:40:58,989 - direct_fhir - INFO -   Observation: 650 so far...
2026-04-19 15:40:59,140 - direct_fhir - INFO -   Observation: 700 so far...
2026-04-19 15:40:59,279 - direct_fhir - INFO -   Observation: 750 so far...
2026-04-19 15:40:59,419 - direct_fhir - INFO -   Observation: 800 so far...
2026-04-19 15:40:59,597 - direct_fhir - INFO -   Observation: 850 so far...
2026-04-19 15:40:59,743 - direct_fhir - INFO -   Observation: 900 so far...
2026-04-19 15:40:59,902 - direct_fhir - INFO -   Observation: 950 so far...
2026-04-19 15:41:00,215 - direct_fhir - INFO -   Observation: 1000 so far...
2026-04-19 15:41:00,370 - direct_fhir - INFO -   Observation: 1050 so far...
2026-04-19 15:41:00,541 - direct_fhir - INFO -   Observation: 1100 so far...
2026-04-19 15:41:00,704 - direct_fhir - INFO -   Observation: 1150 so far...
2026-04-19 15:41:00,865 - direct_fhir - INFO -   Observation: 1200 so far...
2026-04-19 15:41:01,032 - direct_fhir - INFO -   Observation: 1250 so far...
2026-04-19 15:41:01,181 - direct_fhir - INFO -   Observation: 1300 so far...
2026-04-19 15:41:01,342 - direct_fhir - INFO -   Observation: 1350 so far...
2026-04-19 15:41:01,502 - direct_fhir - INFO -   Observation: 1400 so far...
2026-04-19 15:41:01,662 - direct_fhir - INFO -   Observation: 1450 so far...
2026-04-19 15:41:01,846 - direct_fhir - INFO -   Observation: 1500 so far...
2026-04-19 15:41:02,018 - direct_fhir - INFO -   Observation: 1550 so far...
2026-04-19 15:41:02,158 - direct_fhir - INFO -   Observation: 1600 so far...
2026-04-19 15:41:02,301 - direct_fhir - INFO -   Observation: 1650 so far...
2026-04-19 15:41:02,473 - direct_fhir - INFO -   Observation: 1700 so far...
2026-04-19 15:41:02,645 - direct_fhir - INFO -   Observation: 1750 so far...
2026-04-19 15:41:02,787 - direct_fhir - INFO -   Observation: 1800 so far...
2026-04-19 15:41:02,946 - direct_fhir - INFO -   Observation: 1850 so far...
2026-04-19 15:41:03,105 - direct_fhir - INFO -   Observation: 1900 so far...
2026-04-19 15:41:03,264 - direct_fhir - INFO -   Observation: 1950 so far...
2026-04-19 15:41:03,424 - direct_fhir - INFO -   Observation: 2000 so far...
2026-04-19 15:41:04,240 - direct_fhir - INFO -   Observation: 2050 so far...
2026-04-19 15:41:04,365 - direct_fhir - INFO -   Observation: 2100 so far...
2026-04-19 15:41:04,515 - direct_fhir - INFO -   Observation: 2150 so far...
2026-04-19 15:41:04,645 - direct_fhir - INFO -   Observation: 2200 so far...
2026-04-19 15:41:04,785 - direct_fhir - INFO -   Observation: 2250 so far...
2026-04-19 15:41:04,902 - direct_fhir - INFO -   Observation: 2300 so far...
2026-04-19 15:41:05,039 - direct_fhir - INFO -   Observation: 2350 so far...
2026-04-19 15:41:05,185 - direct_fhir - INFO -   Observation: 2400 so far...
2026-04-19 15:41:05,309 - direct_fhir - INFO -   Observation: 2450 so far...
2026-04-19 15:41:05,462 - direct_fhir - INFO -   Observation: 2500 so far...
2026-04-19 15:41:05,634 - direct_fhir - INFO -   Observation: 2550 so far...
2026-04-19 15:41:05,767 - direct_fhir - INFO -   Observation: 2600 so far...
2026-04-19 15:41:05,933 - direct_fhir - INFO -   Observation: 2650 so far...
2026-04-19 15:41:06,103 - direct_fhir - INFO -   Observation: 2700 so far...
2026-04-19 15:41:06,227 - direct_fhir - INFO -   Observation: 2750 so far...
2026-04-19 15:41:06,358 - direct_fhir - INFO -   Observation: 2800 so far...
2026-04-19 15:41:06,498 - direct_fhir - INFO -   Observation: 2850 so far...
2026-04-19 15:41:06,649 - direct_fhir - INFO -   Observation: 2900 so far...
2026-04-19 15:41:06,787 - direct_fhir - INFO -   Observation: 2950 so far...
2026-04-19 15:41:06,918 - direct_fhir - INFO -   Observation: 3000 so far...
2026-04-19 15:41:07,039 - direct_fhir - INFO -   Observation: 3050 so far...
2026-04-19 15:41:07,199 - direct_fhir - INFO -   Observation: 3100 so far...
2026-04-19 15:41:07,331 - direct_fhir - INFO -   Observation: 3150 so far...
2026-04-19 15:41:07,451 - direct_fhir - INFO -   Observation: 3200 so far...
2026-04-19 15:41:07,598 - direct_fhir - INFO -   Observation: 3250 so far...
2026-04-19 15:41:07,745 - direct_fhir - INFO -   Observation: 3300 so far...
2026-04-19 15:41:07,906 - direct_fhir - INFO -   Observation: 3350 so far...
2026-04-19 15:41:08,102 - direct_fhir - INFO -   Observation: 3400 so far...
2026-04-19 15:41:08,276 - direct_fhir - INFO -   Observation: 3450 so far...
2026-04-19 15:41:08,418 - direct_fhir - INFO -   Observation: 3500 so far...
2026-04-19 15:41:08,644 - direct_fhir - INFO -   Observation: 3550 so far...
2026-04-19 15:41:08,786 - direct_fhir - INFO -   Observation: 3600 so far...
2026-04-19 15:41:08,924 - direct_fhir - INFO -   Observation: 3650 so far...
2026-04-19 15:41:09,062 - direct_fhir - INFO -   Observation: 3700 so far...
2026-04-19 15:41:09,219 - direct_fhir - INFO -   Observation: 3750 so far...
2026-04-19 15:41:09,365 - direct_fhir - INFO -   Observation: 3800 so far...
2026-04-19 15:41:09,521 - direct_fhir - INFO -   Observation: 3850 so far...
2026-04-19 15:41:09,667 - direct_fhir - INFO -   Observation: 3900 so far...
2026-04-19 15:41:09,825 - direct_fhir - INFO -   Observation: 3950 so far...
2026-04-19 15:41:09,962 - direct_fhir - INFO -   Observation: 4000 so far...
2026-04-19 15:41:10,091 - direct_fhir - INFO -   Observation: 4050 so far...
2026-04-19 15:41:10,274 - direct_fhir - INFO -   Observation: 4100 so far...
2026-04-19 15:41:10,435 - direct_fhir - INFO -   Observation: 4150 so far...
2026-04-19 15:41:10,600 - direct_fhir - INFO -   Observation: 4200 so far...
[ALL-PATIENTS] Observation: fetched 4200 records
2026-04-19 15:41:10,713 - direct_fhir - INFO -   Person: 0 so far...
[ALL-PATIENTS] Person: fetched 0 records
2026-04-19 15:41:10,899 - direct_fhir - INFO -   Procedure: 50 so far...
2026-04-19 15:41:11,555 - direct_fhir - INFO -   Procedure: 100 so far...
2026-04-19 15:41:11,714 - direct_fhir - INFO -   Procedure: 150 so far...
2026-04-19 15:41:11,872 - direct_fhir - INFO -   Procedure: 200 so far...
2026-04-19 15:41:12,029 - direct_fhir - INFO -   Procedure: 250 so far...
2026-04-19 15:41:12,175 - direct_fhir - INFO -   Procedure: 300 so far...
2026-04-19 15:41:12,310 - direct_fhir - INFO -   Procedure: 350 so far...
2026-04-19 15:41:12,434 - direct_fhir - INFO -   Procedure: 400 so far...
2026-04-19 15:41:12,573 - direct_fhir - INFO -   Procedure: 450 so far...
2026-04-19 15:41:12,718 - direct_fhir - INFO -   Procedure: 500 so far...
2026-04-19 15:41:13,435 - direct_fhir - INFO -   Procedure: 550 so far...
2026-04-19 15:41:13,582 - direct_fhir - INFO -   Procedure: 600 so far...
2026-04-19 15:41:13,710 - direct_fhir - INFO -   Procedure: 650 so far...
2026-04-19 15:41:13,840 - direct_fhir - INFO -   Procedure: 700 so far...
2026-04-19 15:41:13,985 - direct_fhir - INFO -   Procedure: 750 so far...
2026-04-19 15:41:14,122 - direct_fhir - INFO -   Procedure: 800 so far...
2026-04-19 15:41:14,259 - direct_fhir - INFO -   Procedure: 850 so far...
2026-04-19 15:41:14,398 - direct_fhir - INFO -   Procedure: 900 so far...
2026-04-19 15:41:14,546 - direct_fhir - INFO -   Procedure: 950 so far...
2026-04-19 15:41:14,745 - direct_fhir - INFO -   Procedure: 1000 so far...
2026-04-19 15:41:14,944 - direct_fhir - INFO -   Procedure: 1050 so far...
2026-04-19 15:41:15,094 - direct_fhir - INFO -   Procedure: 1100 so far...
2026-04-19 15:41:15,262 - direct_fhir - INFO -   Procedure: 1150 so far...
2026-04-19 15:41:15,397 - direct_fhir - INFO -   Procedure: 1200 so far...
2026-04-19 15:41:15,545 - direct_fhir - INFO -   Procedure: 1250 so far...
2026-04-19 15:41:15,702 - direct_fhir - INFO -   Procedure: 1300 so far...
2026-04-19 15:41:15,860 - direct_fhir - INFO -   Procedure: 1350 so far...
2026-04-19 15:41:16,017 - direct_fhir - INFO -   Procedure: 1400 so far...
2026-04-19 15:41:16,165 - direct_fhir - INFO -   Procedure: 1450 so far...
2026-04-19 15:41:16,324 - direct_fhir - INFO -   Procedure: 1500 so far...
2026-04-19 15:41:16,502 - direct_fhir - INFO -   Procedure: 1550 so far...
2026-04-19 15:41:16,630 - direct_fhir - INFO -   Procedure: 1600 so far...
2026-04-19 15:41:16,783 - direct_fhir - INFO -   Procedure: 1650 so far...
2026-04-19 15:41:16,912 - direct_fhir - INFO -   Procedure: 1700 so far...
2026-04-19 15:41:17,074 - direct_fhir - INFO -   Procedure: 1750 so far...
2026-04-19 15:41:17,278 - direct_fhir - INFO -   Procedure: 1800 so far...
2026-04-19 15:41:17,435 - direct_fhir - INFO -   Procedure: 1850 so far...
2026-04-19 15:41:17,589 - direct_fhir - INFO -   Procedure: 1900 so far...
2026-04-19 15:41:17,767 - direct_fhir - INFO -   Procedure: 1950 so far...
2026-04-19 15:41:17,888 - direct_fhir - INFO -   Procedure: 2000 so far...
2026-04-19 15:41:18,660 - direct_fhir - INFO -   Procedure: 2050 so far...
2026-04-19 15:41:18,799 - direct_fhir - INFO -   Procedure: 2100 so far...
2026-04-19 15:41:18,944 - direct_fhir - INFO -   Procedure: 2150 so far...
2026-04-19 15:41:19,103 - direct_fhir - INFO -   Procedure: 2200 so far...
2026-04-19 15:41:19,265 - direct_fhir - INFO -   Procedure: 2250 so far...
2026-04-19 15:41:19,424 - direct_fhir - INFO -   Procedure: 2300 so far...
2026-04-19 15:41:19,544 - direct_fhir - INFO -   Procedure: 2350 so far...
2026-04-19 15:41:19,710 - direct_fhir - INFO -   Procedure: 2400 so far...
2026-04-19 15:41:19,853 - direct_fhir - INFO -   Procedure: 2450 so far...
2026-04-19 15:41:19,997 - direct_fhir - INFO -   Procedure: 2500 so far...
2026-04-19 15:41:20,146 - direct_fhir - INFO -   Procedure: 2550 so far...
2026-04-19 15:41:20,272 - direct_fhir - INFO -   Procedure: 2600 so far...
2026-04-19 15:41:20,411 - direct_fhir - INFO -   Procedure: 2650 so far...
2026-04-19 15:41:20,560 - direct_fhir - INFO -   Procedure: 2700 so far...
2026-04-19 15:41:20,686 - direct_fhir - INFO -   Procedure: 2750 so far...
2026-04-19 15:41:20,805 - direct_fhir - INFO -   Procedure: 2800 so far...
2026-04-19 15:41:20,928 - direct_fhir - INFO -   Procedure: 2850 so far...
2026-04-19 15:41:21,104 - direct_fhir - INFO -   Procedure: 2900 so far...
2026-04-19 15:41:21,215 - direct_fhir - INFO -   Procedure: 2950 so far...
2026-04-19 15:41:21,345 - direct_fhir - INFO -   Procedure: 3000 so far...
2026-04-19 15:41:21,464 - direct_fhir - INFO -   Procedure: 3050 so far...
2026-04-19 15:41:21,588 - direct_fhir - INFO -   Procedure: 3100 so far...
2026-04-19 15:41:21,717 - direct_fhir - INFO -   Procedure: 3150 so far...
2026-04-19 15:41:21,862 - direct_fhir - INFO -   Procedure: 3200 so far...
2026-04-19 15:41:22,003 - direct_fhir - INFO -   Procedure: 3250 so far...
2026-04-19 15:41:22,145 - direct_fhir - INFO -   Procedure: 3300 so far...
2026-04-19 15:41:22,300 - direct_fhir - INFO -   Procedure: 3350 so far...
2026-04-19 15:41:22,410 - direct_fhir - INFO -   Procedure: 3354 so far...
[ALL-PATIENTS] Procedure: fetched 3354 records
2026-04-19 15:41:22,550 - direct_fhir - INFO -   Provenance: 0 so far...
[ALL-PATIENTS] Provenance: fetched 0 records
2026-04-19 15:41:22,865 - direct_fhir - INFO -   QuestionnaireResponse: 50 so far...
2026-04-19 15:41:23,975 - direct_fhir - INFO -   QuestionnaireResponse: 100 so far...
2026-04-19 15:41:24,242 - direct_fhir - INFO -   QuestionnaireResponse: 150 so far...
2026-04-19 15:41:24,736 - direct_fhir - INFO -   QuestionnaireResponse: 200 so far...
2026-04-19 15:41:25,099 - direct_fhir - INFO -   QuestionnaireResponse: 250 so far...
2026-04-19 15:41:25,441 - direct_fhir - INFO -   QuestionnaireResponse: 300 so far...
2026-04-19 15:41:25,708 - direct_fhir - INFO -   QuestionnaireResponse: 350 so far...
2026-04-19 15:41:25,970 - direct_fhir - INFO -   QuestionnaireResponse: 400 so far...
2026-04-19 15:41:26,228 - direct_fhir - INFO -   QuestionnaireResponse: 450 so far...
2026-04-19 15:41:26,490 - direct_fhir - INFO -   QuestionnaireResponse: 500 so far...
2026-04-19 15:41:27,415 - direct_fhir - INFO -   QuestionnaireResponse: 550 so far...
2026-04-19 15:41:27,763 - direct_fhir - INFO -   QuestionnaireResponse: 600 so far...
2026-04-19 15:41:28,063 - direct_fhir - INFO -   QuestionnaireResponse: 650 so far...
2026-04-19 15:41:28,516 - direct_fhir - INFO -   QuestionnaireResponse: 700 so far...
2026-04-19 15:41:28,802 - direct_fhir - INFO -   QuestionnaireResponse: 750 so far...
2026-04-19 15:41:29,089 - direct_fhir - INFO -   QuestionnaireResponse: 800 so far...
2026-04-19 15:41:29,494 - direct_fhir - INFO -   QuestionnaireResponse: 850 so far...
2026-04-19 15:41:29,770 - direct_fhir - INFO -   QuestionnaireResponse: 900 so far...
2026-04-19 15:41:30,103 - direct_fhir - INFO -   QuestionnaireResponse: 950 so far...
2026-04-19 15:41:30,390 - direct_fhir - INFO -   QuestionnaireResponse: 1000 so far...
2026-04-19 15:41:30,700 - direct_fhir - INFO -   QuestionnaireResponse: 1050 so far...
2026-04-19 15:41:31,072 - direct_fhir - INFO -   QuestionnaireResponse: 1100 so far...
2026-04-19 15:41:31,347 - direct_fhir - INFO -   QuestionnaireResponse: 1150 so far...
2026-04-19 15:41:31,754 - direct_fhir - INFO -   QuestionnaireResponse: 1200 so far...
2026-04-19 15:41:32,126 - direct_fhir - INFO -   QuestionnaireResponse: 1250 so far...
2026-04-19 15:41:32,451 - direct_fhir - INFO -   QuestionnaireResponse: 1300 so far...
2026-04-19 15:41:32,770 - direct_fhir - INFO -   QuestionnaireResponse: 1350 so far...
2026-04-19 15:41:33,074 - direct_fhir - INFO -   QuestionnaireResponse: 1400 so far...
2026-04-19 15:41:33,397 - direct_fhir - INFO -   QuestionnaireResponse: 1450 so far...
2026-04-19 15:41:33,712 - direct_fhir - INFO -   QuestionnaireResponse: 1500 so far...
2026-04-19 15:41:34,045 - direct_fhir - INFO -   QuestionnaireResponse: 1550 so far...
2026-04-19 15:41:34,333 - direct_fhir - INFO -   QuestionnaireResponse: 1600 so far...
2026-04-19 15:41:34,595 - direct_fhir - INFO -   QuestionnaireResponse: 1650 so far...
2026-04-19 15:41:34,990 - direct_fhir - INFO -   QuestionnaireResponse: 1700 so far...
2026-04-19 15:41:35,259 - direct_fhir - INFO -   QuestionnaireResponse: 1750 so far...
2026-04-19 15:41:35,555 - direct_fhir - INFO -   QuestionnaireResponse: 1800 so far...
2026-04-19 15:41:35,983 - direct_fhir - INFO -   QuestionnaireResponse: 1850 so far...
2026-04-19 15:41:36,281 - direct_fhir - INFO -   QuestionnaireResponse: 1900 so far...
2026-04-19 15:41:36,586 - direct_fhir - INFO -   QuestionnaireResponse: 1950 so far...
2026-04-19 15:41:36,933 - direct_fhir - INFO -   QuestionnaireResponse: 2000 so far...
2026-04-19 15:41:38,252 - direct_fhir - INFO -   QuestionnaireResponse: 2050 so far...
2026-04-19 15:41:38,624 - direct_fhir - INFO -   QuestionnaireResponse: 2100 so far...
2026-04-19 15:41:38,907 - direct_fhir - INFO -   QuestionnaireResponse: 2150 so far...
2026-04-19 15:41:39,222 - direct_fhir - INFO -   QuestionnaireResponse: 2200 so far...
2026-04-19 15:41:39,567 - direct_fhir - INFO -   QuestionnaireResponse: 2250 so far...
2026-04-19 15:41:40,069 - direct_fhir - INFO -   QuestionnaireResponse: 2300 so far...
2026-04-19 15:41:40,519 - direct_fhir - INFO -   QuestionnaireResponse: 2350 so far...
2026-04-19 15:41:41,114 - direct_fhir - INFO -   QuestionnaireResponse: 2400 so far...
2026-04-19 15:41:41,602 - direct_fhir - INFO -   QuestionnaireResponse: 2450 so far...
2026-04-19 15:41:42,076 - direct_fhir - INFO -   QuestionnaireResponse: 2500 so far...
2026-04-19 15:41:42,462 - direct_fhir - INFO -   QuestionnaireResponse: 2550 so far...
2026-04-19 15:41:42,828 - direct_fhir - INFO -   QuestionnaireResponse: 2600 so far...
2026-04-19 15:41:43,293 - direct_fhir - INFO -   QuestionnaireResponse: 2650 so far...
2026-04-19 15:41:43,717 - direct_fhir - INFO -   QuestionnaireResponse: 2700 so far...
2026-04-19 15:41:44,083 - direct_fhir - INFO -   QuestionnaireResponse: 2750 so far...
2026-04-19 15:41:44,449 - direct_fhir - INFO -   QuestionnaireResponse: 2800 so far...
2026-04-19 15:41:44,819 - direct_fhir - INFO -   QuestionnaireResponse: 2850 so far...
2026-04-19 15:41:45,212 - direct_fhir - INFO -   QuestionnaireResponse: 2900 so far...
2026-04-19 15:41:45,697 - direct_fhir - INFO -   QuestionnaireResponse: 2950 so far...
2026-04-19 15:41:46,005 - direct_fhir - INFO -   QuestionnaireResponse: 3000 so far...
2026-04-19 15:41:46,235 - direct_fhir - INFO -   QuestionnaireResponse: 3050 so far...
2026-04-19 15:41:46,510 - direct_fhir - INFO -   QuestionnaireResponse: 3100 so far...
2026-04-19 15:41:46,841 - direct_fhir - INFO -   QuestionnaireResponse: 3150 so far...
2026-04-19 15:41:47,154 - direct_fhir - INFO -   QuestionnaireResponse: 3200 so far...
2026-04-19 15:41:47,471 - direct_fhir - INFO -   QuestionnaireResponse: 3250 so far...
2026-04-19 15:41:47,770 - direct_fhir - INFO -   QuestionnaireResponse: 3300 so far...
2026-04-19 15:41:48,099 - direct_fhir - INFO -   QuestionnaireResponse: 3350 so far...
2026-04-19 15:41:48,400 - direct_fhir - INFO -   QuestionnaireResponse: 3400 so far...
2026-04-19 15:41:48,659 - direct_fhir - INFO -   QuestionnaireResponse: 3450 so far...
2026-04-19 15:41:48,903 - direct_fhir - INFO -   QuestionnaireResponse: 3500 so far...
2026-04-19 15:41:49,166 - direct_fhir - INFO -   QuestionnaireResponse: 3550 so far...
2026-04-19 15:41:49,438 - direct_fhir - INFO -   QuestionnaireResponse: 3600 so far...
2026-04-19 15:41:49,738 - direct_fhir - INFO -   QuestionnaireResponse: 3650 so far...
2026-04-19 15:41:50,157 - direct_fhir - INFO -   QuestionnaireResponse: 3700 so far...
2026-04-19 15:41:50,505 - direct_fhir - INFO -   QuestionnaireResponse: 3750 so far...
2026-04-19 15:41:50,779 - direct_fhir - INFO -   QuestionnaireResponse: 3800 so far...
2026-04-19 15:41:51,063 - direct_fhir - INFO -   QuestionnaireResponse: 3850 so far...
2026-04-19 15:41:51,333 - direct_fhir - INFO -   QuestionnaireResponse: 3900 so far...
2026-04-19 15:41:51,681 - direct_fhir - INFO -   QuestionnaireResponse: 3950 so far...
2026-04-19 15:41:51,995 - direct_fhir - INFO -   QuestionnaireResponse: 4000 so far...
2026-04-19 15:41:52,311 - direct_fhir - INFO -   QuestionnaireResponse: 4050 so far...
2026-04-19 15:41:52,631 - direct_fhir - INFO -   QuestionnaireResponse: 4100 so far...
2026-04-19 15:41:53,051 - direct_fhir - INFO -   QuestionnaireResponse: 4150 so far...
2026-04-19 15:41:53,352 - direct_fhir - INFO -   QuestionnaireResponse: 4200 so far...
2026-04-19 15:41:53,674 - direct_fhir - INFO -   QuestionnaireResponse: 4250 so far...
2026-04-19 15:41:54,054 - direct_fhir - INFO -   QuestionnaireResponse: 4300 so far...
2026-04-19 15:41:54,393 - direct_fhir - INFO -   QuestionnaireResponse: 4350 so far...
2026-04-19 15:41:54,744 - direct_fhir - INFO -   QuestionnaireResponse: 4400 so far...
2026-04-19 15:41:55,047 - direct_fhir - INFO -   QuestionnaireResponse: 4450 so far...
2026-04-19 15:41:55,409 - direct_fhir - INFO -   QuestionnaireResponse: 4500 so far...
2026-04-19 15:41:55,898 - direct_fhir - INFO -   QuestionnaireResponse: 4550 so far...
2026-04-19 15:41:56,410 - direct_fhir - INFO -   QuestionnaireResponse: 4600 so far...
2026-04-19 15:41:56,894 - direct_fhir - INFO -   QuestionnaireResponse: 4650 so far...
2026-04-19 15:41:57,336 - direct_fhir - INFO -   QuestionnaireResponse: 4700 so far...
2026-04-19 15:41:57,667 - direct_fhir - INFO -   QuestionnaireResponse: 4750 so far...
2026-04-19 15:41:57,958 - direct_fhir - INFO -   QuestionnaireResponse: 4800 so far...
2026-04-19 15:41:58,288 - direct_fhir - INFO -   QuestionnaireResponse: 4850 so far...
2026-04-19 15:41:58,577 - direct_fhir - INFO -   QuestionnaireResponse: 4900 so far...
2026-04-19 15:41:58,908 - direct_fhir - INFO -   QuestionnaireResponse: 4950 so far...
2026-04-19 15:41:59,277 - direct_fhir - INFO -   QuestionnaireResponse: 5000 so far...
2026-04-19 15:41:59,612 - direct_fhir - INFO -   QuestionnaireResponse: 5050 so far...
2026-04-19 15:41:59,874 - direct_fhir - INFO -   QuestionnaireResponse: 5100 so far...
2026-04-19 15:42:00,218 - direct_fhir - INFO -   QuestionnaireResponse: 5150 so far...
2026-04-19 15:42:00,594 - direct_fhir - INFO -   QuestionnaireResponse: 5200 so far...
2026-04-19 15:42:00,896 - direct_fhir - INFO -   QuestionnaireResponse: 5250 so far...
2026-04-19 15:42:01,203 - direct_fhir - INFO -   QuestionnaireResponse: 5300 so far...
2026-04-19 15:42:01,511 - direct_fhir - INFO -   QuestionnaireResponse: 5350 so far...
2026-04-19 15:42:01,792 - direct_fhir - INFO -   QuestionnaireResponse: 5400 so far...
2026-04-19 15:42:02,103 - direct_fhir - INFO -   QuestionnaireResponse: 5450 so far...
2026-04-19 15:42:02,419 - direct_fhir - INFO -   QuestionnaireResponse: 5500 so far...
2026-04-19 15:42:02,855 - direct_fhir - INFO -   QuestionnaireResponse: 5550 so far...
2026-04-19 15:42:03,301 - direct_fhir - INFO -   QuestionnaireResponse: 5600 so far...
2026-04-19 15:42:03,624 - direct_fhir - INFO -   QuestionnaireResponse: 5650 so far...
2026-04-19 15:42:03,929 - direct_fhir - INFO -   QuestionnaireResponse: 5700 so far...
2026-04-19 15:42:04,262 - direct_fhir - INFO -   QuestionnaireResponse: 5750 so far...
2026-04-19 15:42:04,550 - direct_fhir - INFO -   QuestionnaireResponse: 5800 so far...
2026-04-19 15:42:04,896 - direct_fhir - INFO -   QuestionnaireResponse: 5850 so far...
2026-04-19 15:42:05,254 - direct_fhir - INFO -   QuestionnaireResponse: 5900 so far...
2026-04-19 15:42:05,657 - direct_fhir - INFO -   QuestionnaireResponse: 5950 so far...
2026-04-19 15:42:06,056 - direct_fhir - INFO -   QuestionnaireResponse: 6000 so far...
2026-04-19 15:42:06,426 - direct_fhir - INFO -   QuestionnaireResponse: 6050 so far...
2026-04-19 15:42:06,822 - direct_fhir - INFO -   QuestionnaireResponse: 6100 so far...
2026-04-19 15:42:07,187 - direct_fhir - INFO -   QuestionnaireResponse: 6150 so far...
2026-04-19 15:42:07,558 - direct_fhir - INFO -   QuestionnaireResponse: 6200 so far...
2026-04-19 15:42:07,883 - direct_fhir - INFO -   QuestionnaireResponse: 6250 so far...
2026-04-19 15:42:08,195 - direct_fhir - INFO -   QuestionnaireResponse: 6300 so far...
2026-04-19 15:42:08,533 - direct_fhir - INFO -   QuestionnaireResponse: 6350 so far...
2026-04-19 15:42:08,880 - direct_fhir - INFO -   QuestionnaireResponse: 6400 so far...
2026-04-19 15:42:09,219 - direct_fhir - INFO -   QuestionnaireResponse: 6450 so far...
2026-04-19 15:42:09,562 - direct_fhir - INFO -   QuestionnaireResponse: 6500 so far...
2026-04-19 15:42:10,024 - direct_fhir - INFO -   QuestionnaireResponse: 6550 so far...
2026-04-19 15:42:10,920 - direct_fhir - INFO -   QuestionnaireResponse: 6600 so far...
2026-04-19 15:42:11,531 - direct_fhir - INFO -   QuestionnaireResponse: 6650 so far...
2026-04-19 15:42:11,849 - direct_fhir - INFO -   QuestionnaireResponse: 6700 so far...
2026-04-19 15:42:12,222 - direct_fhir - INFO -   QuestionnaireResponse: 6750 so far...
2026-04-19 15:42:12,521 - direct_fhir - INFO -   QuestionnaireResponse: 6800 so far...
2026-04-19 15:42:12,810 - direct_fhir - INFO -   QuestionnaireResponse: 6850 so far...
2026-04-19 15:42:13,136 - direct_fhir - INFO -   QuestionnaireResponse: 6900 so far...
2026-04-19 15:42:13,513 - direct_fhir - INFO -   QuestionnaireResponse: 6950 so far...
2026-04-19 15:42:13,974 - direct_fhir - INFO -   QuestionnaireResponse: 7000 so far...
2026-04-19 15:42:14,362 - direct_fhir - INFO -   QuestionnaireResponse: 7050 so far...
2026-04-19 15:42:14,652 - direct_fhir - INFO -   QuestionnaireResponse: 7100 so far...
2026-04-19 15:42:15,035 - direct_fhir - INFO -   QuestionnaireResponse: 7144 so far...
[ALL-PATIENTS] QuestionnaireResponse: fetched 7144 records
2026-04-19 15:42:15,154 - direct_fhir - INFO -   RelatedPerson: 0 so far...
[ALL-PATIENTS] RelatedPerson: fetched 0 records
2026-04-19 15:42:15,296 - direct_fhir - INFO -   RequestGroup: 0 so far...
[ALL-PATIENTS] RequestGroup: fetched 0 records
2026-04-19 15:42:15,430 - direct_fhir - INFO -   ResearchSubject: 0 so far...
[ALL-PATIENTS] ResearchSubject: fetched 0 records
2026-04-19 15:42:15,637 - direct_fhir - INFO -   RiskAssessment: 50 so far...
2026-04-19 15:42:16,467 - direct_fhir - INFO -   RiskAssessment: 100 so far...
2026-04-19 15:42:16,693 - direct_fhir - INFO -   RiskAssessment: 150 so far...
2026-04-19 15:42:16,965 - direct_fhir - INFO -   RiskAssessment: 200 so far...
2026-04-19 15:42:17,363 - direct_fhir - INFO -   RiskAssessment: 250 so far...
2026-04-19 15:42:17,870 - direct_fhir - INFO -   RiskAssessment: 300 so far...
2026-04-19 15:42:18,084 - direct_fhir - INFO -   RiskAssessment: 350 so far...
2026-04-19 15:42:18,293 - direct_fhir - INFO -   RiskAssessment: 400 so far...
2026-04-19 15:42:18,506 - direct_fhir - INFO -   RiskAssessment: 450 so far...
2026-04-19 15:42:18,711 - direct_fhir - INFO -   RiskAssessment: 500 so far...
2026-04-19 15:42:19,437 - direct_fhir - INFO -   RiskAssessment: 550 so far...
2026-04-19 15:42:19,618 - direct_fhir - INFO -   RiskAssessment: 600 so far...
2026-04-19 15:42:19,802 - direct_fhir - INFO -   RiskAssessment: 650 so far...
2026-04-19 15:42:20,033 - direct_fhir - INFO -   RiskAssessment: 700 so far...
2026-04-19 15:42:20,237 - direct_fhir - INFO -   RiskAssessment: 746 so far...
[ALL-PATIENTS] RiskAssessment: fetched 746 records
2026-04-19 15:42:20,409 - direct_fhir - INFO -   ServiceRequest: 50 so far...
2026-04-19 15:42:21,103 - direct_fhir - INFO -   ServiceRequest: 100 so far...
2026-04-19 15:42:21,244 - direct_fhir - INFO -   ServiceRequest: 150 so far...
2026-04-19 15:42:21,415 - direct_fhir - INFO -   ServiceRequest: 200 so far...
2026-04-19 15:42:21,567 - direct_fhir - INFO -   ServiceRequest: 250 so far...
2026-04-19 15:42:21,699 - direct_fhir - INFO -   ServiceRequest: 300 so far...
2026-04-19 15:42:21,864 - direct_fhir - INFO -   ServiceRequest: 350 so far...
2026-04-19 15:42:22,003 - direct_fhir - INFO -   ServiceRequest: 400 so far...
2026-04-19 15:42:22,148 - direct_fhir - INFO -   ServiceRequest: 450 so far...
2026-04-19 15:42:22,309 - direct_fhir - INFO -   ServiceRequest: 500 so far...
2026-04-19 15:42:23,104 - direct_fhir - INFO -   ServiceRequest: 550 so far...
2026-04-19 15:42:23,288 - direct_fhir - INFO -   ServiceRequest: 600 so far...
2026-04-19 15:42:23,443 - direct_fhir - INFO -   ServiceRequest: 650 so far...
2026-04-19 15:42:23,589 - direct_fhir - INFO -   ServiceRequest: 700 so far...
2026-04-19 15:42:23,750 - direct_fhir - INFO -   ServiceRequest: 750 so far...
2026-04-19 15:42:23,918 - direct_fhir - INFO -   ServiceRequest: 800 so far...
2026-04-19 15:42:24,069 - direct_fhir - INFO -   ServiceRequest: 850 so far...
2026-04-19 15:42:24,204 - direct_fhir - INFO -   ServiceRequest: 900 so far...
2026-04-19 15:42:24,364 - direct_fhir - INFO -   ServiceRequest: 950 so far...
2026-04-19 15:42:24,545 - direct_fhir - INFO -   ServiceRequest: 1000 so far...
2026-04-19 15:42:24,696 - direct_fhir - INFO -   ServiceRequest: 1050 so far...
2026-04-19 15:42:24,853 - direct_fhir - INFO -   ServiceRequest: 1100 so far...
2026-04-19 15:42:25,021 - direct_fhir - INFO -   ServiceRequest: 1150 so far...
2026-04-19 15:42:25,175 - direct_fhir - INFO -   ServiceRequest: 1200 so far...
2026-04-19 15:42:25,316 - direct_fhir - INFO -   ServiceRequest: 1250 so far...
2026-04-19 15:42:25,458 - direct_fhir - INFO -   ServiceRequest: 1300 so far...
2026-04-19 15:42:25,585 - direct_fhir - INFO -   ServiceRequest: 1350 so far...
2026-04-19 15:42:25,732 - direct_fhir - INFO -   ServiceRequest: 1400 so far...
2026-04-19 15:42:25,897 - direct_fhir - INFO -   ServiceRequest: 1450 so far...
2026-04-19 15:42:26,037 - direct_fhir - INFO -   ServiceRequest: 1500 so far...
2026-04-19 15:42:26,176 - direct_fhir - INFO -   ServiceRequest: 1550 so far...
2026-04-19 15:42:26,359 - direct_fhir - INFO -   ServiceRequest: 1600 so far...
2026-04-19 15:42:26,500 - direct_fhir - INFO -   ServiceRequest: 1650 so far...
2026-04-19 15:42:26,672 - direct_fhir - INFO -   ServiceRequest: 1700 so far...
2026-04-19 15:42:26,830 - direct_fhir - INFO -   ServiceRequest: 1750 so far...
2026-04-19 15:42:27,009 - direct_fhir - INFO -   ServiceRequest: 1800 so far...
2026-04-19 15:42:27,169 - direct_fhir - INFO -   ServiceRequest: 1850 so far...
2026-04-19 15:42:27,311 - direct_fhir - INFO -   ServiceRequest: 1900 so far...
2026-04-19 15:42:27,483 - direct_fhir - INFO -   ServiceRequest: 1950 so far...
2026-04-19 15:42:27,649 - direct_fhir - INFO -   ServiceRequest: 2000 so far...
2026-04-19 15:42:28,644 - direct_fhir - INFO -   ServiceRequest: 2050 so far...
2026-04-19 15:42:28,796 - direct_fhir - INFO -   ServiceRequest: 2100 so far...
2026-04-19 15:42:28,935 - direct_fhir - INFO -   ServiceRequest: 2150 so far...
2026-04-19 15:42:29,093 - direct_fhir - INFO -   ServiceRequest: 2200 so far...
2026-04-19 15:42:29,265 - direct_fhir - INFO -   ServiceRequest: 2250 so far...
2026-04-19 15:42:29,391 - direct_fhir - INFO -   ServiceRequest: 2300 so far...
2026-04-19 15:42:29,538 - direct_fhir - INFO -   ServiceRequest: 2350 so far...
2026-04-19 15:42:29,688 - direct_fhir - INFO -   ServiceRequest: 2400 so far...
2026-04-19 15:42:29,831 - direct_fhir - INFO -   ServiceRequest: 2450 so far...
2026-04-19 15:42:29,973 - direct_fhir - INFO -   ServiceRequest: 2500 so far...
2026-04-19 15:42:30,120 - direct_fhir - INFO -   ServiceRequest: 2550 so far...
2026-04-19 15:42:30,260 - direct_fhir - INFO -   ServiceRequest: 2600 so far...
2026-04-19 15:42:30,409 - direct_fhir - INFO -   ServiceRequest: 2650 so far...
2026-04-19 15:42:30,566 - direct_fhir - INFO -   ServiceRequest: 2700 so far...
2026-04-19 15:42:30,686 - direct_fhir - INFO -   ServiceRequest: 2750 so far...
2026-04-19 15:42:30,844 - direct_fhir - INFO -   ServiceRequest: 2800 so far...
2026-04-19 15:42:30,988 - direct_fhir - INFO -   ServiceRequest: 2850 so far...
2026-04-19 15:42:31,150 - direct_fhir - INFO -   ServiceRequest: 2900 so far...
2026-04-19 15:42:31,267 - direct_fhir - INFO -   ServiceRequest: 2950 so far...
2026-04-19 15:42:31,424 - direct_fhir - INFO -   ServiceRequest: 3000 so far...
2026-04-19 15:42:31,569 - direct_fhir - INFO -   ServiceRequest: 3050 so far...
2026-04-19 15:42:31,688 - direct_fhir - INFO -   ServiceRequest: 3100 so far...
2026-04-19 15:42:31,831 - direct_fhir - INFO -   ServiceRequest: 3150 so far...
2026-04-19 15:42:31,966 - direct_fhir - INFO -   ServiceRequest: 3200 so far...
2026-04-19 15:42:32,121 - direct_fhir - INFO -   ServiceRequest: 3250 so far...
2026-04-19 15:42:32,264 - direct_fhir - INFO -   ServiceRequest: 3300 so far...
2026-04-19 15:42:32,395 - direct_fhir - INFO -   ServiceRequest: 3350 so far...
2026-04-19 15:42:32,557 - direct_fhir - INFO -   ServiceRequest: 3400 so far...
2026-04-19 15:42:32,782 - direct_fhir - INFO -   ServiceRequest: 3450 so far...
2026-04-19 15:42:32,921 - direct_fhir - INFO -   ServiceRequest: 3500 so far...
2026-04-19 15:42:33,064 - direct_fhir - INFO -   ServiceRequest: 3550 so far...
2026-04-19 15:42:33,218 - direct_fhir - INFO -   ServiceRequest: 3600 so far...
2026-04-19 15:42:33,341 - direct_fhir - INFO -   ServiceRequest: 3650 so far...
2026-04-19 15:42:33,469 - direct_fhir - INFO -   ServiceRequest: 3700 so far...
2026-04-19 15:42:33,609 - direct_fhir - INFO -   ServiceRequest: 3750 so far...
2026-04-19 15:42:33,748 - direct_fhir - INFO -   ServiceRequest: 3800 so far...
2026-04-19 15:42:33,887 - direct_fhir - INFO -   ServiceRequest: 3850 so far...
2026-04-19 15:42:34,036 - direct_fhir - INFO -   ServiceRequest: 3900 so far...
2026-04-19 15:42:34,178 - direct_fhir - INFO -   ServiceRequest: 3950 so far...
2026-04-19 15:42:34,297 - direct_fhir - INFO -   ServiceRequest: 4000 so far...
2026-04-19 15:42:34,435 - direct_fhir - INFO -   ServiceRequest: 4050 so far...
2026-04-19 15:42:34,551 - direct_fhir - INFO -   ServiceRequest: 4100 so far...
2026-04-19 15:42:34,694 - direct_fhir - INFO -   ServiceRequest: 4150 so far...
2026-04-19 15:42:34,829 - direct_fhir - INFO -   ServiceRequest: 4200 so far...
2026-04-19 15:42:34,978 - direct_fhir - INFO -   ServiceRequest: 4250 so far...
2026-04-19 15:42:35,133 - direct_fhir - INFO -   ServiceRequest: 4300 so far...
2026-04-19 15:42:35,257 - direct_fhir - INFO -   ServiceRequest: 4350 so far...
2026-04-19 15:42:35,407 - direct_fhir - INFO -   ServiceRequest: 4400 so far...
2026-04-19 15:42:35,538 - direct_fhir - INFO -   ServiceRequest: 4450 so far...
2026-04-19 15:42:35,704 - direct_fhir - INFO -   ServiceRequest: 4500 so far...
2026-04-19 15:42:35,862 - direct_fhir - INFO -   ServiceRequest: 4550 so far...
2026-04-19 15:42:35,998 - direct_fhir - INFO -   ServiceRequest: 4600 so far...
2026-04-19 15:42:36,151 - direct_fhir - INFO -   ServiceRequest: 4650 so far...
2026-04-19 15:42:36,298 - direct_fhir - INFO -   ServiceRequest: 4700 so far...
2026-04-19 15:42:36,451 - direct_fhir - INFO -   ServiceRequest: 4750 so far...
2026-04-19 15:42:36,589 - direct_fhir - INFO -   ServiceRequest: 4800 so far...
2026-04-19 15:42:36,800 - direct_fhir - INFO -   ServiceRequest: 4850 so far...
2026-04-19 15:42:36,983 - direct_fhir - INFO -   ServiceRequest: 4900 so far...
2026-04-19 15:42:37,131 - direct_fhir - INFO -   ServiceRequest: 4950 so far...
2026-04-19 15:42:37,296 - direct_fhir - INFO -   ServiceRequest: 5000 so far...
2026-04-19 15:42:37,456 - direct_fhir - INFO -   ServiceRequest: 5050 so far...
2026-04-19 15:42:37,602 - direct_fhir - INFO -   ServiceRequest: 5100 so far...
2026-04-19 15:42:37,741 - direct_fhir - INFO -   ServiceRequest: 5150 so far...
2026-04-19 15:42:37,877 - direct_fhir - INFO -   ServiceRequest: 5200 so far...
2026-04-19 15:42:38,021 - direct_fhir - INFO -   ServiceRequest: 5250 so far...
2026-04-19 15:42:38,180 - direct_fhir - INFO -   ServiceRequest: 5294 so far...
[ALL-PATIENTS] ServiceRequest: fetched 5294 records
2026-04-19 15:42:38,317 - direct_fhir - INFO -   Specimen: 0 so far...
[ALL-PATIENTS] Specimen: fetched 0 records
2026-04-19 15:42:38,476 - direct_fhir - INFO -   SupplyDelivery: 0 so far...
[ALL-PATIENTS] SupplyDelivery: fetched 0 records
2026-04-19 15:42:38,607 - direct_fhir - INFO -   SupplyRequest: 0 so far...
[ALL-PATIENTS] SupplyRequest: fetched 0 records
2026-04-19 15:42:38,723 - direct_fhir - INFO -   Task: 0 so far...
[ALL-PATIENTS] Task: fetched 0 records
2026-04-19 15:42:38,841 - direct_fhir - INFO -   VisionPrescription: 0 so far...
[ALL-PATIENTS] VisionPrescription: fetched 0 records
2026-04-19 15:42:38,985 - direct_fhir - INFO -   Observation?category=vital-signs: 50 so far...
2026-04-19 15:42:39,677 - direct_fhir - INFO -   Observation?category=vital-signs: 100 so far...
2026-04-19 15:42:39,835 - direct_fhir - INFO -   Observation?category=vital-signs: 150 so far...
2026-04-19 15:42:39,961 - direct_fhir - INFO -   Observation?category=vital-signs: 200 so far...
2026-04-19 15:42:40,098 - direct_fhir - INFO -   Observation?category=vital-signs: 250 so far...
2026-04-19 15:42:40,226 - direct_fhir - INFO -   Observation?category=vital-signs: 300 so far...
2026-04-19 15:42:40,358 - direct_fhir - INFO -   Observation?category=vital-signs: 350 so far...
2026-04-19 15:42:40,504 - direct_fhir - INFO -   Observation?category=vital-signs: 400 so far...
2026-04-19 15:42:40,640 - direct_fhir - INFO -   Observation?category=vital-signs: 450 so far...
2026-04-19 15:42:40,780 - direct_fhir - INFO -   Observation?category=vital-signs: 500 so far...
2026-04-19 15:42:41,554 - direct_fhir - INFO -   Observation?category=vital-signs: 550 so far...
2026-04-19 15:42:41,712 - direct_fhir - INFO -   Observation?category=vital-signs: 600 so far...
2026-04-19 15:42:41,880 - direct_fhir - INFO -   Observation?category=vital-signs: 650 so far...
2026-04-19 15:42:42,063 - direct_fhir - INFO -   Observation?category=vital-signs: 700 so far...
2026-04-19 15:42:42,244 - direct_fhir - INFO -   Observation?category=vital-signs: 750 so far...
2026-04-19 15:42:42,382 - direct_fhir - INFO -   Observation?category=vital-signs: 800 so far...
2026-04-19 15:42:42,538 - direct_fhir - INFO -   Observation?category=vital-signs: 850 so far...
2026-04-19 15:42:42,669 - direct_fhir - INFO -   Observation?category=vital-signs: 900 so far...
2026-04-19 15:42:42,810 - direct_fhir - INFO -   Observation?category=vital-signs: 950 so far...
2026-04-19 15:42:42,949 - direct_fhir - INFO -   Observation?category=vital-signs: 1000 so far...
2026-04-19 15:42:43,078 - direct_fhir - INFO -   Observation?category=vital-signs: 1050 so far...
2026-04-19 15:42:43,232 - direct_fhir - INFO -   Observation?category=vital-signs: 1100 so far...
2026-04-19 15:42:43,401 - direct_fhir - INFO -   Observation?category=vital-signs: 1150 so far...
2026-04-19 15:42:43,551 - direct_fhir - INFO -   Observation?category=vital-signs: 1200 so far...
2026-04-19 15:42:43,718 - direct_fhir - INFO -   Observation?category=vital-signs: 1250 so far...
2026-04-19 15:42:43,863 - direct_fhir - INFO -   Observation?category=vital-signs: 1300 so far...
2026-04-19 15:42:44,023 - direct_fhir - INFO -   Observation?category=vital-signs: 1350 so far...
2026-04-19 15:42:44,141 - direct_fhir - INFO -   Observation?category=vital-signs: 1400 so far...
2026-04-19 15:42:44,307 - direct_fhir - INFO -   Observation?category=vital-signs: 1450 so far...
2026-04-19 15:42:44,450 - direct_fhir - INFO -   Observation?category=vital-signs: 1500 so far...
2026-04-19 15:42:44,592 - direct_fhir - INFO -   Observation?category=vital-signs: 1550 so far...
2026-04-19 15:42:44,757 - direct_fhir - INFO -   Observation?category=vital-signs: 1600 so far...
2026-04-19 15:42:44,906 - direct_fhir - INFO -   Observation?category=vital-signs: 1650 so far...
2026-04-19 15:42:45,053 - direct_fhir - INFO -   Observation?category=vital-signs: 1700 so far...
2026-04-19 15:42:45,203 - direct_fhir - INFO -   Observation?category=vital-signs: 1750 so far...
2026-04-19 15:42:45,448 - direct_fhir - INFO -   Observation?category=vital-signs: 1800 so far...
2026-04-19 15:42:45,584 - direct_fhir - INFO -   Observation?category=vital-signs: 1850 so far...
2026-04-19 15:42:45,739 - direct_fhir - INFO -   Observation?category=vital-signs: 1900 so far...
2026-04-19 15:42:45,871 - direct_fhir - INFO -   Observation?category=vital-signs: 1950 so far...
2026-04-19 15:42:46,013 - direct_fhir - INFO -   Observation?category=vital-signs: 2000 so far...
2026-04-19 15:42:46,678 - direct_fhir - INFO -   Observation?category=vital-signs: 2050 so far...
2026-04-19 15:42:46,823 - direct_fhir - INFO -   Observation?category=vital-signs: 2100 so far...
2026-04-19 15:42:46,971 - direct_fhir - INFO -   Observation?category=vital-signs: 2150 so far...
2026-04-19 15:42:47,171 - direct_fhir - INFO -   Observation?category=vital-signs: 2200 so far...
2026-04-19 15:42:47,314 - direct_fhir - INFO -   Observation?category=vital-signs: 2250 so far...
2026-04-19 15:42:47,425 - direct_fhir - INFO -   Observation?category=vital-signs: 2259 so far...
[ALL-PATIENTS] vital_signs: fetched 2259 records
[ALL-PATIENTS] patient=fb5b96d1-359f-4324-9b27-53a28585658a data={'allergyintolerance': 2, 'careplan': 1, 'communication': 3, 'condition': 111, 'encounter': 1, 'flag': 1, 'list': 1, 'media': 1, 'observation': 8, 'questionnaireresponse': 41, 'riskassessment': 4, 'vital_signs': 4}
[ALL-PATIENTS] patient=b0c98aff-edfb-4e18-b0f3-449dba8dcfcf data={'allergyintolerance': 1, 'careplan': 1, 'communication': 1, 'condition': 339, 'encounter': 1, 'flag': 1, 'list': 4, 'media': 12, 'observation': 16, 'procedure': 4, 'questionnaireresponse': 123, 'riskassessment': 21, 'servicerequest': 3, 'vital_signs': 5}
[ALL-PATIENTS] patient=e88eea34-5b44-40da-a0d7-4b3c8f4cdc43 data={'careplan': 1, 'condition': 261, 'encounter': 1, 'flag': 1, 'list': 1, 'media': 2, 'observation': 2, 'questionnaireresponse': 67, 'riskassessment': 10, 'servicerequest': 1}
[ALL-PATIENTS] patient=86f0a454-3895-4ce1-9c3d-33e72883cfca data={'flag': 1, 'questionnaireresponse': 2}
[ALL-PATIENTS] patient=99fd6c6d-5040-465c-86ee-40c08db23a7a data={'condition': 17, 'encounter': 1, 'flag': 1, 'media': 1, 'questionnaireresponse': 24, 'riskassessment': 3}
[ALL-PATIENTS] patient=2120a396-d9d2-4f25-ba00-bc7a4600ef04 data={'allergyintolerance': 2, 'careplan': 2, 'communication': 8, 'condition': 146, 'encounter': 1, 'flag': 1, 'list': 2, 'media': 9, 'observation': 63, 'procedure': 7, 'questionnaireresponse': 31, 'riskassessment': 3, 'servicerequest': 10, 'vital_signs': 28}
[ALL-PATIENTS] patient=64433b0c-4df5-40b4-9f0d-de74a5e02d71 data={'allergyintolerance': 1, 'careplan': 1, 'communication': 1, 'condition': 25, 'encounter': 2, 'flag': 2, 'media': 1, 'observation': 14, 'procedure': 7, 'questionnaireresponse': 32, 'riskassessment': 2, 'servicerequest': 7, 'vital_signs': 10}
[ALL-PATIENTS] patient=cb391368-6651-4889-be12-394f9011071a data={'condition': 1, 'encounter': 1, 'flag': 1, 'media': 2, 'observation': 6, 'procedure': 4, 'questionnaireresponse': 1, 'servicerequest': 2}
[ALL-PATIENTS] patient=c0f1f3bc-83c0-4ea3-8a83-88e22a3f19f7 data={'allergyintolerance': 1, 'careplan': 1, 'condition': 22, 'encounter': 1, 'flag': 1, 'list': 1, 'media': 2, 'observation': 3, 'procedure': 1, 'questionnaireresponse': 11, 'riskassessment': 1, 'servicerequest': 4}
[ALL-PATIENTS] patient=8e47a455-0c49-47dc-8640-ce2167b569ef data={'condition': 6, 'encounter': 1, 'flag': 1, 'media': 1, 'observation': 1, 'questionnaireresponse': 10, 'riskassessment': 1}
[ALL-PATIENTS] patient=95ee8c93-2b75-47c0-8ac5-4a9a3efb0eac data={'allergyintolerance': 1, 'careplan': 3, 'communication': 3, 'condition': 132, 'encounter': 1, 'flag': 1, 'list': 2, 'media': 8, 'observation': 22, 'procedure': 1, 'questionnaireresponse': 70, 'riskassessment': 13, 'servicerequest': 8, 'vital_signs': 6}
[ALL-PATIENTS] patient=02da0da3-9f14-4186-9265-cec218c0d6c8 data={'encounter': 1, 'flag': 1, 'questionnaireresponse': 3}
[ALL-PATIENTS] patient=6cc4a856-cd2b-4a62-983d-07d6d9573123 data={'careplan': 1, 'communication': 3, 'condition': 16, 'encounter': 1, 'flag': 1, 'media': 1, 'observation': 32, 'questionnaireresponse': 13, 'riskassessment': 2, 'vital_signs': 26}
[ALL-PATIENTS] patient=955d10c4-fced-4045-9236-926c2d06e9f6 data={'allergyintolerance': 2, 'careplan': 5, 'communication': 5, 'condition': 362, 'encounter': 1, 'flag': 1, 'list': 2, 'media': 8, 'observation': 37, 'procedure': 11, 'questionnaireresponse': 42, 'riskassessment': 9, 'servicerequest': 70, 'vital_signs': 16}
[ALL-PATIENTS] patient=b30cb64b-9f35-45a4-8f71-f2774546ee53 data={'encounter': 1, 'flag': 1, 'questionnaireresponse': 3}
[ALL-PATIENTS] patient=8f5711f4-9d64-41eb-99d3-f642afeaf971 data={'encounter': 2, 'flag': 2, 'media': 1, 'questionnaireresponse': 13, 'riskassessment': 1}
[ALL-PATIENTS] patient=40a9c4e1-a0de-4339-9d78-bc081f579dfe data={'condition': 20, 'encounter': 1, 'flag': 1, 'list': 1, 'media': 2, 'observation': 2, 'questionnaireresponse': 13, 'riskassessment': 1}
[ALL-PATIENTS] patient=d6b91d89-848a-4dab-8dcd-90dc6ed1e62e data={'allergyintolerance': 1, 'careplan': 1, 'condition': 72, 'encounter': 1, 'flag': 1, 'media': 1, 'questionnaireresponse': 30, 'riskassessment': 3}
[ALL-PATIENTS] patient=38070ebd-6458-4b73-b43f-f1cd654dc25f data={'condition': 1, 'encounter': 1, 'flag': 1, 'media': 1, 'questionnaireresponse': 10, 'riskassessment': 1}
[ALL-PATIENTS] patient=28cde7cf-fd48-458e-b8b2-36666e4a091d data={'encounter': 1, 'flag': 1, 'media': 1, 'questionnaireresponse': 15, 'riskassessment': 1}
[ALL-PATIENTS] patient=e71828d5-6a12-4f26-a78b-e56e2ac0aec2 data={'encounter': 1, 'flag': 1, 'media': 1, 'questionnaireresponse': 11, 'riskassessment': 2}
[ALL-PATIENTS] patient=4b840e02-eab5-4d77-8972-5a6347e7e9ee data={'encounter': 1, 'flag': 1, 'questionnaireresponse': 3}
[ALL-PATIENTS] patient=e3b8cf82-19e7-4a3f-99aa-5c8df205056a data={'encounter': 1, 'flag': 1, 'questionnaireresponse': 1}
[ALL-PATIENTS] patient=c17362f3-4ecb-4146-bd8f-872016d5f1b2 data={'encounter': 1, 'flag': 1, 'media': 1, 'questionnaireresponse': 10, 'riskassessment': 1}
[ALL-PATIENTS] patient=05d605aa-6923-4ba7-aa6d-f23576f2b364 data={'condition': 15, 'encounter': 1, 'flag': 1, 'media': 1, 'questionnaireresponse': 22, 'riskassessment': 5}
[ALL-PATIENTS] patient=048f1b2f-4a9c-4faa-8ac5-56d4b3812b54 data={'allergyintolerance': 1, 'careplan': 1, 'condition': 34, 'encounter': 1, 'flag': 1, 'media': 1, 'observation': 2, 'procedure': 5, 'questionnaireresponse': 18, 'riskassessment': 4, 'servicerequest': 4}
[ALL-PATIENTS] patient=a5e464a7-1ff7-4df1-b639-b0e5112155c0 data={'allergyintolerance': 2, 'careplan': 1, 'communication': 1, 'condition': 69, 'encounter': 1, 'flag': 1, 'media': 3, 'observation': 16, 'procedure': 3, 'questionnaireresponse': 12, 'riskassessment': 1, 'servicerequest': 8, 'vital_signs': 10}
[ALL-PATIENTS] patient=3328951d-406b-4d64-ac27-fd0f487578b2 data={'allergyintolerance': 2, 'careplan': 3, 'condition': 120, 'encounter': 1, 'flag': 1, 'list': 2, 'media': 3, 'observation': 9, 'procedure': 20, 'questionnaireresponse': 36, 'riskassessment': 4, 'servicerequest': 53}
[ALL-PATIENTS] patient=f126df8b-88ce-4b0c-baad-6bee7d2097b8 data={'encounter': 1, 'flag': 1, 'list': 1, 'media': 2, 'observation': 10, 'questionnaireresponse': 32, 'riskassessment': 2}
[ALL-PATIENTS] patient=284dde1d-e0f7-4280-abd1-a1b9ba1ebdad data={'allergyintolerance': 2, 'careplan': 3, 'communication': 4, 'condition': 153, 'encounter': 4, 'flag': 4, 'media': 1, 'observation': 29, 'procedure': 11, 'questionnaireresponse': 43, 'riskassessment': 3, 'servicerequest': 20, 'vital_signs': 20}
[ALL-PATIENTS] patient=561b8f07-c7ca-47a8-87f6-98e242318335 data={'allergyintolerance': 2, 'careplan': 1, 'condition': 27, 'encounter': 1, 'flag': 1, 'media': 1, 'observation': 2, 'questionnaireresponse': 63, 'riskassessment': 4}
[ALL-PATIENTS] patient=fe12ebc2-bd3b-4c80-a032-bfb0a77084de data={'careplan': 4, 'communication': 1, 'condition': 139, 'encounter': 1, 'flag': 1, 'list': 1, 'media': 5, 'observation': 9, 'procedure': 17, 'questionnaireresponse': 48, 'riskassessment': 9, 'servicerequest': 11, 'vital_signs': 2}
[ALL-PATIENTS] patient=59f80b34-b72d-4998-b131-78de1512b381 data={'allergyintolerance': 1, 'careplan': 1, 'communication': 3, 'condition': 27, 'encounter': 1, 'flag': 1, 'media': 1, 'observation': 7, 'procedure': 4, 'questionnaireresponse': 16, 'riskassessment': 1, 'servicerequest': 3, 'vital_signs': 4}
[ALL-PATIENTS] patient=5d497096-5cfe-4a05-b719-91ba480d1ced data={'careplan': 1, 'condition': 38, 'encounter': 1, 'flag': 1, 'media': 1, 'observation': 3, 'procedure': 8, 'questionnaireresponse': 10, 'riskassessment': 1, 'servicerequest': 8}
[ALL-PATIENTS] patient=1eec9bfb-78f3-4df7-bd43-ba0b46d29b52 data={'allergyintolerance': 1, 'careplan': 8, 'communication': 11, 'condition': 487, 'encounter': 1, 'flag': 1, 'list': 2, 'media': 2, 'observation': 65, 'procedure': 117, 'questionnaireresponse': 50, 'riskassessment': 12, 'servicerequest': 161, 'vital_signs': 36}
[ALL-PATIENTS] patient=c1810e9d-c2d3-4832-9264-c233f0b2e386 data={'allergyintolerance': 4, 'careplan': 1, 'encounter': 1, 'flag': 1, 'observation': 2, 'questionnaireresponse': 11}
[ALL-PATIENTS] patient=195bf522-635b-4b58-a40e-b64a9ce0cb82 data={'allergyintolerance': 1, 'encounter': 1, 'flag': 1, 'questionnaireresponse': 9}
[ALL-PATIENTS] patient=8ed94367-542c-4cb6-9f3c-197562900e93 data={'encounter': 1, 'flag': 1, 'media': 1, 'observation': 1, 'questionnaireresponse': 3}
[ALL-PATIENTS] patient=778a573a-1927-4815-bb78-59b6658041ab data={'encounter': 1, 'flag': 1, 'questionnaireresponse': 1}
[ALL-PATIENTS] patient=0b2c4c0d-a9ee-407d-964d-641cbf6bcc69 data={'encounter': 1, 'flag': 1, 'observation': 4, 'questionnaireresponse': 7}
[ALL-PATIENTS] patient=ca5a527f-61f3-4dde-b57b-f499107a5c00 data={'careplan': 2, 'communication': 4, 'condition': 92, 'encounter': 1, 'flag': 1, 'list': 1, 'media': 1, 'observation': 35, 'procedure': 16, 'questionnaireresponse': 18, 'riskassessment': 1, 'servicerequest': 17, 'vital_signs': 27}
[ALL-PATIENTS] patient=06d7f392-7d38-411b-b342-3aff89e0e094 data={'encounter': 1, 'flag': 1, 'observation': 1, 'questionnaireresponse': 3}
[ALL-PATIENTS] patient=746e21cd-84fa-48f9-92c3-fdaaea9c237b data={'allergyintolerance': 3, 'careplan': 3, 'communication': 12, 'condition': 139, 'encounter': 1, 'flag': 1, 'list': 2, 'media': 4, 'observation': 93, 'procedure': 44, 'questionnaireresponse': 78, 'riskassessment': 11, 'servicerequest': 45, 'vital_signs': 52}
[ALL-PATIENTS] patient=4691fbe1-3de0-4fcc-92cf-36d0643f423f data={'allergyintolerance': 2, 'careplan': 1, 'communication': 6, 'condition': 58, 'encounter': 1, 'flag': 1, 'list': 2, 'media': 1, 'observation': 18, 'procedure': 3, 'questionnaireresponse': 12, 'riskassessment': 1, 'servicerequest': 10, 'vital_signs': 10}
[ALL-PATIENTS] patient=05b0910c-9df2-435d-9d93-29e16303a3ba data={'allergyintolerance': 1, 'careplan': 2, 'communication': 8, 'condition': 58, 'encounter': 2, 'flag': 2, 'list': 1, 'media': 4, 'observation': 32, 'procedure': 1, 'questionnaireresponse': 37, 'riskassessment': 5, 'servicerequest': 5, 'vital_signs': 26}
[ALL-PATIENTS] patient=6d94c5ec-cdca-4e30-b816-9340ef026137 data={'allergyintolerance': 1, 'careplan': 1, 'communication': 1, 'condition': 64, 'encounter': 1, 'flag': 1, 'media': 1, 'observation': 12, 'procedure': 1, 'questionnaireresponse': 12, 'riskassessment': 1, 'servicerequest': 2, 'vital_signs': 10}
[ALL-PATIENTS] patient=5cf5b1cb-4068-4e62-a7c6-237f45c1e8dd data={'allergyintolerance': 1, 'careplan': 3, 'communication': 6, 'condition': 35, 'encounter': 1, 'flag': 1, 'list': 2, 'media': 3, 'observation': 26, 'procedure': 7, 'questionnaireresponse': 38, 'riskassessment': 7, 'servicerequest': 6, 'vital_signs': 12}
[ALL-PATIENTS] patient=1d25a8ed-cb1c-47b7-b117-d29f2a6a30b8 data={'allergyintolerance': 2, 'careplan': 1, 'communication': 1, 'condition': 45, 'encounter': 1, 'flag': 1, 'list': 1, 'media': 1, 'observation': 13, 'questionnaireresponse': 11, 'riskassessment': 1, 'servicerequest': 14, 'vital_signs': 8}
[ALL-PATIENTS] patient=6f39349c-5b11-4443-a191-9526755a78aa data={'allergyintolerance': 1, 'careplan': 1, 'condition': 40, 'encounter': 1, 'flag': 1, 'list': 1, 'media': 1, 'observation': 3, 'procedure': 1, 'questionnaireresponse': 12, 'riskassessment': 1, 'servicerequest': 2}
[ALL-PATIENTS] patient=3d73b64e-847a-48d8-ae7c-7c2d1da22b01 data={'encounter': 1, 'flag': 1, 'medicationrequest': 1, 'questionnaireresponse': 3}
[ALL-PATIENTS] patient=41b45776-7934-4270-8190-7add4a3f3312 data={'encounter': 1, 'flag': 1, 'observation': 1, 'questionnaireresponse': 3}
[ALL-PATIENTS] patient=3cbb7cbb-5985-4001-984b-337dab7f22f0 data={'encounter': 1, 'flag': 1, 'list': 1, 'media': 2, 'observation': 3, 'questionnaireresponse': 4}
[ALL-PATIENTS] patient=8a729a96-8bb0-41e2-94e6-ef4e0eec146f data={'allergyintolerance': 1, 'encounter': 1, 'flag': 1, 'list': 1, 'media': 1, 'observation': 3, 'questionnaireresponse': 5}
[ALL-PATIENTS] patient=b60e5900-3585-4ee2-828f-25dc2d6c9e6d data={'allergyintolerance': 1, 'encounter': 1, 'flag': 1, 'observation': 1, 'questionnaireresponse': 5}
[ALL-PATIENTS] patient=3499f64e-da5e-4d8b-a663-a0e41d1e0be6 data={'allergyintolerance': 1, 'encounter': 1, 'flag': 1, 'questionnaireresponse': 3}
[ALL-PATIENTS] patient=a60e46a6-f3ff-4903-9e9c-7e5c83a9f10e data={'allergyintolerance': 1, 'careplan': 4, 'communication': 8, 'condition': 225, 'encounter': 5, 'flag': 6, 'list': 6, 'media': 2, 'observation': 65, 'procedure': 54, 'questionnaireresponse': 36, 'riskassessment': 3, 'servicerequest': 155, 'vital_signs': 30}
[ALL-PATIENTS] patient=d2d62f66-f506-437e-a5aa-69cf48ecac55 data={'allergyintolerance': 1, 'careplan': 3, 'condition': 239, 'encounter': 1, 'flag': 1, 'list': 1, 'media': 2, 'observation': 12, 'procedure': 22, 'questionnaireresponse': 41, 'riskassessment': 6, 'servicerequest': 32}
[ALL-PATIENTS] patient=d269164e-c0ee-4cff-ac9e-b92022bd7d1e data={'careplan': 1, 'condition': 29, 'encounter': 1, 'flag': 1, 'media': 2, 'observation': 3, 'procedure': 1, 'questionnaireresponse': 10, 'riskassessment': 1, 'servicerequest': 1}
[ALL-PATIENTS] patient=08f2f336-3037-4c85-8a56-85f429175826 data={'careplan': 1, 'communication': 3, 'condition': 29, 'encounter': 1, 'flag': 1, 'list': 1, 'media': 1, 'observation': 12, 'procedure': 1, 'questionnaireresponse': 19, 'riskassessment': 2, 'servicerequest': 3, 'vital_signs': 9}
[ALL-PATIENTS] patient=94cfce9b-a944-4e75-bc72-75906c379fac data={'encounter': 1, 'flag': 1, 'questionnaireresponse': 1}
[ALL-PATIENTS] patient=ae77ea87-19f5-44ec-a601-cd165abb9012 data={'condition': 69, 'encounter': 1, 'flag': 1, 'list': 1, 'media': 2, 'observation': 10, 'questionnaireresponse': 38, 'riskassessment': 3}
[ALL-PATIENTS] patient=dbaf1718-128d-427d-8284-af0e7e807ae5 data={'careplan': 1, 'condition': 11, 'encounter': 1, 'flag': 1, 'list': 2, 'media': 1, 'observation': 5, 'questionnaireresponse': 13, 'riskassessment': 1}
[ALL-PATIENTS] patient=0deeca53-c951-4c62-9bd7-5b5ab6ae158b data={'encounter': 1, 'flag': 1, 'questionnaireresponse': 5}
[ALL-PATIENTS] patient=9194262a-c768-4901-9d87-0d7ce8a1fd6f data={'encounter': 1, 'flag': 1, 'questionnaireresponse': 9}
[ALL-PATIENTS] patient=b42e6e82-7c1b-4ebd-8dba-edf0525ff386 data={'encounter': 1, 'flag': 1, 'questionnaireresponse': 1}
[ALL-PATIENTS] patient=8ab53206-b6c9-4979-955f-e0641d5a5321 data={'encounter': 1, 'flag': 1, 'questionnaireresponse': 3}
[ALL-PATIENTS] patient=24b07e0e-3942-46c8-9467-f8cb482c07ec data={'encounter': 1, 'flag': 1, 'questionnaireresponse': 1}
[ALL-PATIENTS] patient=a6a70375-b15a-4021-93c8-fa1f0535a0b9 data={'encounter': 1, 'flag': 1, 'questionnaireresponse': 1}
[ALL-PATIENTS] patient=0e20ba57-484a-4ec7-b3b0-603b512647f3 data={'encounter': 1, 'flag': 1, 'questionnaireresponse': 1}
[ALL-PATIENTS] patient=15543f33-949f-426a-a753-d9cd93c26b7d data={'careplan': 1, 'communication': 2, 'condition': 5, 'encounter': 1, 'flag': 1, 'list': 1, 'media': 2, 'observation': 14, 'questionnaireresponse': 10, 'riskassessment': 1, 'servicerequest': 2, 'vital_signs': 10}
[ALL-PATIENTS] patient=d2ac8194-54b3-42ea-aebd-57a00618b32a data={'communication': 1, 'encounter': 1, 'flag': 1, 'media': 1, 'observation': 8, 'questionnaireresponse': 12, 'riskassessment': 1, 'vital_signs': 8}
[ALL-PATIENTS] patient=3c35a3fb-8edd-4d5d-a8f1-2265a3dd9a3f data={'encounter': 1, 'flag': 1, 'media': 1, 'questionnaireresponse': 10, 'riskassessment': 1}
[ALL-PATIENTS] patient=1df10ebf-6315-437b-9b13-15928cc5454f data={'encounter': 1, 'flag': 1, 'questionnaireresponse': 1}
[ALL-PATIENTS] patient=d455d216-1587-4814-bafd-bb3fd0abd32b data={'encounter': 1, 'flag': 1, 'questionnaireresponse': 1}
[ALL-PATIENTS] patient=71b78f98-2a85-4e74-9560-6127324852c6 data={'encounter': 1, 'flag': 2, 'questionnaireresponse': 1}
[ALL-PATIENTS] patient=97b5d019-d18e-465a-829b-38ebf7279d1c data={'encounter': 1, 'flag': 2, 'questionnaireresponse': 1}
[ALL-PATIENTS] patient=30fe1828-8683-44fb-8eb3-f8ab2ee26469 data={'allergyintolerance': 1, 'careplan': 1, 'communication': 1, 'condition': 23, 'encounter': 1, 'flag': 2, 'list': 2, 'media': 4, 'observation': 9, 'procedure': 5, 'questionnaireresponse': 16, 'riskassessment': 1, 'servicerequest': 5, 'vital_signs': 4}
[ALL-PATIENTS] patient=f26a573e-e3f6-418b-92c3-90f43eccf027 data={'communication': 1, 'encounter': 1, 'flag': 1, 'list': 1, 'observation': 2, 'questionnaireresponse': 3, 'servicerequest': 1}
[ALL-PATIENTS] patient=e9dea8de-2435-4f5d-b81e-1300f1a016c8 data={'condition': 40, 'encounter': 1, 'flag': 1, 'list': 2, 'media': 1, 'observation': 10, 'questionnaireresponse': 20, 'riskassessment': 1}
[ALL-PATIENTS] patient=f7db5147-b639-4229-87d3-fd01f0d7e6a1 data={'careplan': 2, 'condition': 61, 'encounter': 1, 'flag': 1, 'list': 4, 'media': 1, 'observation': 8, 'procedure': 72, 'questionnaireresponse': 13, 'riskassessment': 1, 'servicerequest': 121}
[ALL-PATIENTS] patient=84769e45-d7e3-49f3-8e44-c88ae9fcb417 data={'encounter': 1, 'flag': 1, 'media': 1, 'questionnaireresponse': 10, 'riskassessment': 1}
[ALL-PATIENTS] patient=eb4824b8-68a7-4be5-ac3b-3894772defb6 data={'condition': 1, 'encounter': 1, 'flag': 1, 'list': 1, 'media': 2, 'observation': 3, 'questionnaireresponse': 11, 'riskassessment': 1}
[ALL-PATIENTS] patient=730701e5-8cdd-441f-8cce-847d27a8e569 data={'careplan': 4, 'communication': 6, 'condition': 39, 'encounter': 1, 'flag': 1, 'list': 2, 'media': 3, 'observation': 13, 'procedure': 21, 'questionnaireresponse': 54, 'riskassessment': 7, 'servicerequest': 23, 'vital_signs': 6}
[ALL-PATIENTS] patient=d7c0b146-51cc-45bd-9d33-d267149cc298 data={'allergyintolerance': 2, 'careplan': 5, 'communication': 25, 'condition': 207, 'encounter': 1, 'flag': 3, 'goal': 1, 'list': 3, 'media': 17, 'medicationadministration': 5, 'medicationrequest': 6, 'observation': 158, 'procedure': 22, 'questionnaireresponse': 82, 'riskassessment': 7, 'servicerequest': 37, 'vital_signs': 109}
[ALL-PATIENTS] patient=aed2d41f-1049-4c4f-b37f-2d199ac8fe14 data={'careplan': 1, 'communication': 5, 'condition': 7, 'encounter': 1, 'flag': 1, 'list': 2, 'media': 2, 'observation': 26, 'questionnaireresponse': 40, 'riskassessment': 4, 'servicerequest': 2, 'vital_signs': 13}
[ALL-PATIENTS] patient=02af2a87-ba3a-4498-b014-89a209b5d819 data={'allergyintolerance': 1, 'careplan': 2, 'communication': 9, 'condition': 13, 'encounter': 1, 'flag': 1, 'list': 3, 'media': 16, 'observation': 58, 'procedure': 8, 'questionnaireresponse': 49, 'riskassessment': 4, 'servicerequest': 13, 'vital_signs': 18}
[ALL-PATIENTS] patient=8ddce39d-1379-4a94-a44d-c66724db5371 data={'encounter': 1, 'flag': 1, 'questionnaireresponse': 5}
[ALL-PATIENTS] patient=4704c5d8-5df4-43a3-a58c-58bbd5e947f7 data={'communication': 2, 'encounter': 1, 'flag': 1, 'observation': 5, 'questionnaireresponse': 5, 'vital_signs': 4}
[ALL-PATIENTS] patient=1f6803e4-a6b3-4234-809b-909ffab75b6a data={'encounter': 1, 'flag': 1, 'questionnaireresponse': 4}
[ALL-PATIENTS] patient=0bc7c5d5-f2d5-44e4-846e-79b88fa114bd data={'encounter': 1, 'flag': 1, 'list': 2, 'media': 2, 'observation': 6, 'questionnaireresponse': 18}
[ALL-PATIENTS] patient=ffe1b79f-8303-4fc0-8531-2d9911f36f9d data={'encounter': 1, 'flag': 1, 'list': 1, 'media': 7, 'observation': 10, 'questionnaireresponse': 24, 'vital_signs': 1}
[ALL-PATIENTS] patient=7cd0f00b-6895-4fff-969a-7eaa9f2cec39 data={'careplan': 1, 'communication': 2, 'condition': 75, 'encounter': 1, 'flag': 1, 'list': 2, 'media': 1, 'observation': 14, 'questionnaireresponse': 19, 'riskassessment': 2, 'vital_signs': 8}
[ALL-PATIENTS] patient=b925b7b1-4752-4b7b-80b2-6c3982c3dc57 data={'careplan': 1, 'communication': 2, 'condition': 100, 'encounter': 1, 'flag': 1, 'list': 1, 'media': 1, 'observation': 15, 'questionnaireresponse': 44, 'riskassessment': 4, 'servicerequest': 14, 'vital_signs': 9}
[ALL-PATIENTS] patient=7ae5affa-e994-4a9f-b3f6-261d99e23bed data={'careplan': 5, 'communication': 10, 'condition': 642, 'encounter': 1, 'flag': 1, 'list': 6, 'media': 3, 'observation': 85, 'procedure': 331, 'questionnaireresponse': 148, 'riskassessment': 19, 'servicerequest': 411, 'vital_signs': 48}
[ALL-PATIENTS] patient=eb10eba3-39a5-4b87-b512-375e75f8039c data={'careplan': 1, 'condition': 45, 'encounter': 1, 'flag': 1, 'list': 1, 'media': 1, 'observation': 4, 'questionnaireresponse': 11, 'riskassessment': 1}
[ALL-PATIENTS] patient=d2d84ffa-58fd-4c18-bcad-36a0dfbc83db data={'allergyintolerance': 2, 'careplan': 14, 'communication': 46, 'condition': 742, 'encounter': 1, 'flag': 1, 'list': 3, 'media': 13, 'medicationrequest': 4, 'observation': 184, 'procedure': 350, 'questionnaireresponse': 345, 'riskassessment': 31, 'servicerequest': 520, 'vital_signs': 98}
[ALL-PATIENTS] patient=e9165b17-d2d9-4a3b-92d9-2af7e457c8bf data={'communication': 12, 'encounter': 1, 'flag': 1, 'list': 1, 'observation': 38, 'procedure': 2, 'questionnaireresponse': 25, 'servicerequest': 4, 'vital_signs': 12}
[ALL-PATIENTS] patient=272cc302-ea9e-45f2-896b-3f0134ba9a12 data={'allergyintolerance': 1, 'careplan': 3, 'communication': 4, 'condition': 52, 'encounter': 1, 'flag': 1, 'list': 2, 'media': 3, 'observation': 13, 'procedure': 2, 'questionnaireresponse': 73, 'riskassessment': 12, 'servicerequest': 7, 'vital_signs': 7}
[ALL-PATIENTS] patient=97ab74b7-5ac9-43cb-897c-9964a772f8f8 data={'communication': 4, 'encounter': 1, 'flag': 1, 'list': 2, 'media': 1, 'observation': 5, 'questionnaireresponse': 11, 'servicerequest': 1, 'vital_signs': 2}
[ALL-PATIENTS] patient=87a1c22f-1c17-48b7-8456-9efd7a805f20 data={'encounter': 1, 'flag': 1, 'questionnaireresponse': 3}
2026-04-19 15:42:47,438 - direct_fhir - INFO - Done. 100 patients with clinical data attached.
2026-04-19 15:42:48,522 - direct_fhir - INFO -   ActivityDefinition: 0 so far...
[ALL-PATIENTS] ActivityDefinition: fetched 0 records
2026-04-19 15:42:48,612 - direct_fhir - INFO -   Binary: 0 so far...
[ALL-PATIENTS] Binary: fetched 0 records
2026-04-19 15:42:48,854 - direct_fhir - INFO -   BiologicallyDerivedProduct: 0 so far...
[ALL-PATIENTS] BiologicallyDerivedProduct: fetched 0 records
2026-04-19 15:42:49,033 - direct_fhir - INFO -   Bundle: 0 so far...
[ALL-PATIENTS] Bundle: fetched 0 records
2026-04-19 15:42:49,199 - direct_fhir - INFO -   CatalogEntry: 0 so far...
[ALL-PATIENTS] CatalogEntry: fetched 0 records
2026-04-19 15:42:49,389 - direct_fhir - INFO -   ChargeItemDefinition: 0 so far...
[ALL-PATIENTS] ChargeItemDefinition: fetched 0 records
2026-04-19 15:42:49,483 - direct_fhir - INFO -   DeviceDefinition: 0 so far...
[ALL-PATIENTS] DeviceDefinition: fetched 0 records
2026-04-19 15:42:49,571 - direct_fhir - INFO -   DeviceMetric: 0 so far...
[ALL-PATIENTS] DeviceMetric: fetched 0 records
2026-04-19 15:42:49,658 - direct_fhir - INFO -   EffectEvidenceSynthesis: 0 so far...
[ALL-PATIENTS] EffectEvidenceSynthesis: fetched 0 records
2026-04-19 15:42:49,774 - direct_fhir - INFO -   Endpoint: 0 so far...
[ALL-PATIENTS] Endpoint: fetched 0 records
2026-04-19 15:42:49,865 - direct_fhir - INFO -   EnrollmentResponse: 0 so far...
[ALL-PATIENTS] EnrollmentResponse: fetched 0 records
2026-04-19 15:42:49,950 - direct_fhir - INFO -   EventDefinition: 0 so far...
[ALL-PATIENTS] EventDefinition: fetched 0 records
2026-04-19 15:42:50,065 - direct_fhir - INFO -   Evidence: 0 so far...
[ALL-PATIENTS] Evidence: fetched 0 records
2026-04-19 15:42:50,216 - direct_fhir - INFO -   EvidenceVariable: 0 so far...
[ALL-PATIENTS] EvidenceVariable: fetched 0 records
2026-04-19 15:42:50,323 - direct_fhir - INFO -   ExampleScenario: 0 so far...
[ALL-PATIENTS] ExampleScenario: fetched 0 records
2026-04-19 15:42:50,433 - direct_fhir - INFO -   GraphDefinition: 0 so far...
[ALL-PATIENTS] GraphDefinition: fetched 0 records
2026-04-19 15:42:50,560 - direct_fhir - INFO -   Group: 50 so far...
2026-04-19 15:42:51,175 - direct_fhir - INFO -   Group: 54 so far...
[ALL-PATIENTS] Group: fetched 54 records
2026-04-19 15:42:51,332 - direct_fhir - INFO -   HealthcareService: 50 so far...
2026-04-19 15:42:52,005 - direct_fhir - INFO -   HealthcareService: 100 so far...
2026-04-19 15:42:52,143 - direct_fhir - INFO -   HealthcareService: 141 so far...
[ALL-PATIENTS] HealthcareService: fetched 141 records
2026-04-19 15:42:52,282 - direct_fhir - INFO -   InsurancePlan: 0 so far...
[ALL-PATIENTS] InsurancePlan: fetched 0 records
2026-04-19 15:42:52,392 - direct_fhir - INFO -   Library: 0 so far...
[ALL-PATIENTS] Library: fetched 0 records
2026-04-19 15:42:52,509 - direct_fhir - INFO -   Linkage: 0 so far...
[ALL-PATIENTS] Linkage: fetched 0 records
2026-04-19 15:42:52,616 - direct_fhir - INFO -   Location: 33 so far...
[ALL-PATIENTS] Location: fetched 33 records
2026-04-19 15:42:52,706 - direct_fhir - INFO -   Measure: 0 so far...
[ALL-PATIENTS] Measure: fetched 0 records
2026-04-19 15:42:52,828 - direct_fhir - INFO -   Medication: 48 so far...
[ALL-PATIENTS] Medication: fetched 48 records
2026-04-19 15:42:52,938 - direct_fhir - INFO -   MedicationKnowledge: 0 so far...
[ALL-PATIENTS] MedicationKnowledge: fetched 0 records
2026-04-19 15:42:53,030 - direct_fhir - INFO -   MedicinalProduct: 0 so far...
[ALL-PATIENTS] MedicinalProduct: fetched 0 records
2026-04-19 15:42:53,135 - direct_fhir - INFO -   MedicinalProductIngredient: 0 so far...
[ALL-PATIENTS] MedicinalProductIngredient: fetched 0 records
2026-04-19 15:42:53,252 - direct_fhir - INFO -   MedicinalProductManufactured: 0 so far...
[ALL-PATIENTS] MedicinalProductManufactured: fetched 0 records
2026-04-19 15:42:53,371 - direct_fhir - INFO -   MedicinalProductPharmaceutical: 0 so far...
[ALL-PATIENTS] MedicinalProductPharmaceutical: fetched 0 records
2026-04-19 15:42:53,476 - direct_fhir - INFO -   MessageDefinition: 0 so far...
[ALL-PATIENTS] MessageDefinition: fetched 0 records
2026-04-19 15:42:53,656 - direct_fhir - INFO -   MessageHeader: 0 so far...
[ALL-PATIENTS] MessageHeader: fetched 0 records
2026-04-19 15:42:53,778 - direct_fhir - INFO -   ObservationDefinition: 0 so far...
[ALL-PATIENTS] ObservationDefinition: fetched 0 records
2026-04-19 15:42:53,891 - direct_fhir - INFO -   OperationOutcome: 0 so far...
[ALL-PATIENTS] OperationOutcome: fetched 0 records
2026-04-19 15:42:54,012 - direct_fhir - INFO -   Organization: 11 so far...
[ALL-PATIENTS] Organization: fetched 11 records
2026-04-19 15:42:54,119 - direct_fhir - INFO -   OrganizationAffiliation: 0 so far...
[ALL-PATIENTS] OrganizationAffiliation: fetched 0 records
2026-04-19 15:42:54,232 - direct_fhir - INFO -   Parameters: 0 so far...
[ALL-PATIENTS] Parameters: fetched 0 records
2026-04-19 15:42:54,354 - direct_fhir - INFO -   PaymentNotice: 0 so far...
[ALL-PATIENTS] PaymentNotice: fetched 0 records
2026-04-19 15:42:54,457 - direct_fhir - INFO -   PaymentReconciliation: 0 so far...
[ALL-PATIENTS] PaymentReconciliation: fetched 0 records
2026-04-19 15:42:54,564 - direct_fhir - INFO -   PlanDefinition: 0 so far...
[ALL-PATIENTS] PlanDefinition: fetched 0 records
2026-04-19 15:42:54,732 - direct_fhir - INFO -   Practitioner: 48 so far...
[ALL-PATIENTS] Practitioner: fetched 48 records
2026-04-19 15:42:54,855 - direct_fhir - INFO -   PractitionerRole: 48 so far...
[ALL-PATIENTS] PractitionerRole: fetched 48 records
2026-04-19 15:42:55,300 - direct_fhir - INFO -   Questionnaire: 50 so far...
2026-04-19 15:42:56,374 - direct_fhir - INFO -   Questionnaire: 100 so far...
2026-04-19 15:42:56,791 - direct_fhir - INFO -   Questionnaire: 115 so far...
[ALL-PATIENTS] Questionnaire: fetched 115 records
2026-04-19 15:42:56,900 - direct_fhir - INFO -   ResearchDefinition: 0 so far...
[ALL-PATIENTS] ResearchDefinition: fetched 0 records
2026-04-19 15:42:57,011 - direct_fhir - INFO -   ResearchElementDefinition: 0 so far...
[ALL-PATIENTS] ResearchElementDefinition: fetched 0 records
2026-04-19 15:42:57,152 - direct_fhir - INFO -   ResearchStudy: 0 so far...
[ALL-PATIENTS] ResearchStudy: fetched 0 records
2026-04-19 15:42:57,313 - direct_fhir - INFO -   RiskEvidenceSynthesis: 0 so far...
[ALL-PATIENTS] RiskEvidenceSynthesis: fetched 0 records
2026-04-19 15:42:57,441 - direct_fhir - INFO -   Schedule: 0 so far...
[ALL-PATIENTS] Schedule: fetched 0 records
2026-04-19 15:42:57,559 - direct_fhir - INFO -   Slot: 0 so far...
[ALL-PATIENTS] Slot: fetched 0 records
2026-04-19 15:42:57,654 - direct_fhir - INFO -   SpecimenDefinition: 0 so far...
[ALL-PATIENTS] SpecimenDefinition: fetched 0 records
2026-04-19 15:42:57,779 - direct_fhir - INFO -   StructureMap: 0 so far...
[ALL-PATIENTS] StructureMap: fetched 0 records
2026-04-19 15:42:57,928 - direct_fhir - INFO -   Subscription: 50 so far...
2026-04-19 15:42:58,595 - direct_fhir - INFO -   Subscription: 85 so far...
[ALL-PATIENTS] Subscription: fetched 85 records
2026-04-19 15:42:58,690 - direct_fhir - INFO -   Substance: 0 so far...
[ALL-PATIENTS] Substance: fetched 0 records
2026-04-19 15:42:58,786 - direct_fhir - INFO -   SubstanceNucleicAcid: 0 so far...
[ALL-PATIENTS] SubstanceNucleicAcid: fetched 0 records
2026-04-19 15:42:58,896 - direct_fhir - INFO -   SubstancePolymer: 0 so far...
[ALL-PATIENTS] SubstancePolymer: fetched 0 records
2026-04-19 15:42:59,021 - direct_fhir - INFO -   SubstanceProtein: 0 so far...
[ALL-PATIENTS] SubstanceProtein: fetched 0 records
2026-04-19 15:42:59,137 - direct_fhir - INFO -   SubstanceReferenceInformation: 0 so far...
[ALL-PATIENTS] SubstanceReferenceInformation: fetched 0 records
2026-04-19 15:42:59,260 - direct_fhir - INFO -   SubstanceSourceMaterial: 0 so far...
[ALL-PATIENTS] SubstanceSourceMaterial: fetched 0 records
2026-04-19 15:42:59,348 - direct_fhir - INFO -   SubstanceSpecification: 0 so far...
[ALL-PATIENTS] SubstanceSpecification: fetched 0 records
2026-04-19 15:42:59,467 - direct_fhir - INFO -   TerminologyCapabilities: 0 so far...
[ALL-PATIENTS] TerminologyCapabilities: fetched 0 records
2026-04-19 15:42:59,596 - direct_fhir - INFO -   TestReport: 0 so far...
[ALL-PATIENTS] TestReport: fetched 0 records
2026-04-19 15:42:59,717 - direct_fhir - INFO -   TestScript: 0 so far...
[ALL-PATIENTS] TestScript: fetched 0 records
2026-04-19 15:42:59,809 - direct_fhir - INFO -   VerificationResult: 0 so far...
[ALL-PATIENTS] VerificationResult: fetched 0 records
[REFRESH] Completed refresh job e041dbce-54f8-4b84-9998-76ba46f4d98b
2026-04-19 15:44:09,172 - werkzeug - INFO -  * Detected change in '/Users/ebeneyeraggrey-mills/development/CareIT/CareIT_Vibe_Miniapp/routes/misc_api.py', reloading
2026-04-19 15:44:09,261 - werkzeug - INFO -  * Restarting with stat
2026-04-19 15:44:09,769 - werkzeug - WARNING -  * Debugger is active!
2026-04-19 15:44:09,773 - werkzeug - INFO -  * Debugger PIN: 805-155-362
[REFRESH] Request received for patient_id=all, fhir_base_url=http://38.careit.one:8200
[REFRESH] Queued refresh job e78325e7-226d-4ed2-9601-9bd891a879b6
[REFRESH] Starting refresh job e78325e7-226d-4ed2-9601-9bd891a879b6 for patient_id=all
2026-04-19 15:47:20,414 - werkzeug - INFO - 192.168.0.239 - - [19/Apr/2026 15:47:20] "[35m[1mPOST /api/refresh-patient-context HTTP/1.1[0m" 202 -
2026-04-19 15:47:20,414 - direct_fhir - INFO - Fetching all patients
2026-04-19 15:47:20,623 - direct_fhir - INFO - Found 100 patients
2026-04-19 15:47:21,279 - direct_fhir - INFO -   Account: 0 so far...
[ALL-PATIENTS] Account: fetched 0 records
2026-04-19 15:47:21,370 - direct_fhir - INFO -   AdverseEvent: 0 so far...
[ALL-PATIENTS] AdverseEvent: fetched 0 records
2026-04-19 15:47:21,508 - direct_fhir - INFO -   AllergyIntolerance: 50 so far...
2026-04-19 15:47:22,145 - direct_fhir - INFO -   AllergyIntolerance: 87 so far...
[ALL-PATIENTS] AllergyIntolerance: fetched 87 records
2026-04-19 15:47:22,253 - direct_fhir - INFO -   Appointment: 0 so far...
[ALL-PATIENTS] Appointment: fetched 0 records
2026-04-19 15:47:22,358 - direct_fhir - INFO -   AppointmentResponse: 0 so far...
[ALL-PATIENTS] AppointmentResponse: fetched 0 records
2026-04-19 15:47:22,482 - direct_fhir - INFO -   AuditEvent: 50 so far...
2026-04-19 15:47:23,146 - direct_fhir - INFO -   AuditEvent: 96 so far...
[ALL-PATIENTS] AuditEvent: fetched 96 records
2026-04-19 15:47:23,239 - direct_fhir - INFO -   Basic: 0 so far...
[ALL-PATIENTS] Basic: fetched 0 records
2026-04-19 15:47:23,331 - direct_fhir - INFO -   BodyStructure: 0 so far...
[ALL-PATIENTS] BodyStructure: fetched 0 records
2026-04-19 15:47:23,523 - direct_fhir - INFO -   CarePlan: 50 so far...
2026-04-19 15:47:24,715 - direct_fhir - INFO -   CarePlan: 100 so far...
2026-04-19 15:47:24,899 - direct_fhir - INFO -   CarePlan: 150 so far...
2026-04-19 15:47:25,089 - direct_fhir - INFO -   CarePlan: 200 so far...
2026-04-19 15:47:25,290 - direct_fhir - INFO -   CarePlan: 250 so far...
2026-04-19 15:47:25,513 - direct_fhir - INFO -   CarePlan: 300 so far...
2026-04-19 15:47:25,623 - direct_fhir - INFO -   CarePlan: 304 so far...
[ALL-PATIENTS] CarePlan: fetched 304 records
2026-04-19 15:47:25,744 - direct_fhir - INFO -   CareTeam: 0 so far...
[ALL-PATIENTS] CareTeam: fetched 0 records
2026-04-19 15:47:25,864 - direct_fhir - INFO -   ChargeItem: 0 so far...
[ALL-PATIENTS] ChargeItem: fetched 0 records
2026-04-19 15:47:25,977 - direct_fhir - INFO -   Claim: 0 so far...
[ALL-PATIENTS] Claim: fetched 0 records
2026-04-19 15:47:26,067 - direct_fhir - INFO -   ClaimResponse: 0 so far...
[ALL-PATIENTS] ClaimResponse: fetched 0 records
2026-04-19 15:47:26,197 - direct_fhir - INFO -   ClinicalImpression: 0 so far...
[ALL-PATIENTS] ClinicalImpression: fetched 0 records
2026-04-19 15:47:26,363 - direct_fhir - INFO -   Communication: 50 so far...
2026-04-19 15:47:27,068 - direct_fhir - INFO -   Communication: 100 so far...
2026-04-19 15:47:27,295 - direct_fhir - INFO -   Communication: 150 so far...
2026-04-19 15:47:27,422 - direct_fhir - INFO -   Communication: 200 so far...
2026-04-19 15:47:27,570 - direct_fhir - INFO -   Communication: 250 so far...
2026-04-19 15:47:27,786 - direct_fhir - INFO -   Communication: 300 so far...
2026-04-19 15:47:27,932 - direct_fhir - INFO -   Communication: 350 so far...
2026-04-19 15:47:28,091 - direct_fhir - INFO -   Communication: 400 so far...
2026-04-19 15:47:28,344 - direct_fhir - INFO -   Communication: 450 so far...
2026-04-19 15:47:28,468 - direct_fhir - INFO -   Communication: 500 so far...
2026-04-19 15:47:29,125 - direct_fhir - INFO -   Communication: 550 so far...
2026-04-19 15:47:29,263 - direct_fhir - INFO -   Communication: 600 so far...
2026-04-19 15:47:29,377 - direct_fhir - INFO -   Communication: 650 so far...
2026-04-19 15:47:29,480 - direct_fhir - INFO -   Communication: 655 so far...
[ALL-PATIENTS] Communication: fetched 655 records
2026-04-19 15:47:29,581 - direct_fhir - INFO -   CommunicationRequest: 0 so far...
[ALL-PATIENTS] CommunicationRequest: fetched 0 records
2026-04-19 15:47:29,719 - direct_fhir - INFO -   Composition: 0 so far...
[ALL-PATIENTS] Composition: fetched 0 records
2026-04-19 15:47:29,851 - direct_fhir - INFO -   Condition: 50 so far...
2026-04-19 15:47:30,605 - direct_fhir - INFO -   Condition: 100 so far...
2026-04-19 15:47:30,839 - direct_fhir - INFO -   Condition: 150 so far...
2026-04-19 15:47:31,021 - direct_fhir - INFO -   Condition: 200 so far...
2026-04-19 15:47:31,206 - direct_fhir - INFO -   Condition: 250 so far...
2026-04-19 15:47:31,421 - direct_fhir - INFO -   Condition: 300 so far...
2026-04-19 15:47:31,617 - direct_fhir - INFO -   Condition: 350 so far...
2026-04-19 15:47:31,815 - direct_fhir - INFO -   Condition: 400 so far...
2026-04-19 15:47:32,022 - direct_fhir - INFO -   Condition: 450 so far...
2026-04-19 15:47:32,262 - direct_fhir - INFO -   Condition: 500 so far...
2026-04-19 15:47:33,778 - direct_fhir - INFO -   Condition: 550 so far...
2026-04-19 15:47:34,764 - direct_fhir - INFO -   Condition: 600 so far...
2026-04-19 15:47:35,787 - direct_fhir - INFO -   Condition: 650 so far...
2026-04-19 15:47:36,714 - direct_fhir - INFO -   Condition: 700 so far...
2026-04-19 15:47:37,436 - direct_fhir - INFO -   Condition: 750 so far...
2026-04-19 15:47:37,665 - direct_fhir - INFO -   Condition: 800 so far...
2026-04-19 15:47:37,845 - direct_fhir - INFO -   Condition: 850 so far...
2026-04-19 15:47:38,000 - direct_fhir - INFO -   Condition: 900 so far...
2026-04-19 15:47:38,135 - direct_fhir - INFO -   Condition: 950 so far...
2026-04-19 15:47:38,292 - direct_fhir - INFO -   Condition: 1000 so far...
2026-04-19 15:47:38,456 - direct_fhir - INFO -   Condition: 1050 so far...
2026-04-19 15:47:38,603 - direct_fhir - INFO -   Condition: 1100 so far...
2026-04-19 15:47:38,743 - direct_fhir - INFO -   Condition: 1150 so far...
2026-04-19 15:47:38,960 - direct_fhir - INFO -   Condition: 1200 so far...
2026-04-19 15:47:39,082 - direct_fhir - INFO -   Condition: 1250 so far...
2026-04-19 15:47:39,237 - direct_fhir - INFO -   Condition: 1300 so far...
2026-04-19 15:47:39,393 - direct_fhir - INFO -   Condition: 1350 so far...
2026-04-19 15:47:39,554 - direct_fhir - INFO -   Condition: 1400 so far...
2026-04-19 15:47:39,708 - direct_fhir - INFO -   Condition: 1450 so far...
2026-04-19 15:47:39,859 - direct_fhir - INFO -   Condition: 1500 so far...
2026-04-19 15:47:40,022 - direct_fhir - INFO -   Condition: 1550 so far...
2026-04-19 15:47:40,211 - direct_fhir - INFO -   Condition: 1600 so far...
2026-04-19 15:47:40,353 - direct_fhir - INFO -   Condition: 1650 so far...
2026-04-19 15:47:40,582 - direct_fhir - INFO -   Condition: 1700 so far...
2026-04-19 15:47:40,796 - direct_fhir - INFO -   Condition: 1750 so far...
2026-04-19 15:47:41,018 - direct_fhir - INFO -   Condition: 1800 so far...
2026-04-19 15:47:41,170 - direct_fhir - INFO -   Condition: 1850 so far...
2026-04-19 15:47:41,303 - direct_fhir - INFO -   Condition: 1900 so far...
2026-04-19 15:47:41,449 - direct_fhir - INFO -   Condition: 1950 so far...
2026-04-19 15:47:41,631 - direct_fhir - INFO -   Condition: 2000 so far...
2026-04-19 15:47:43,279 - direct_fhir - INFO -   Condition: 2050 so far...
2026-04-19 15:47:43,458 - direct_fhir - INFO -   Condition: 2100 so far...
2026-04-19 15:47:43,595 - direct_fhir - INFO -   Condition: 2150 so far...
2026-04-19 15:47:43,733 - direct_fhir - INFO -   Condition: 2200 so far...
2026-04-19 15:47:43,858 - direct_fhir - INFO -   Condition: 2250 so far...
2026-04-19 15:47:44,048 - direct_fhir - INFO -   Condition: 2300 so far...
2026-04-19 15:47:44,228 - direct_fhir - INFO -   Condition: 2350 so far...
2026-04-19 15:47:44,375 - direct_fhir - INFO -   Condition: 2400 so far...
2026-04-19 15:47:44,550 - direct_fhir - INFO -   Condition: 2450 so far...
2026-04-19 15:47:44,717 - direct_fhir - INFO -   Condition: 2500 so far...
2026-04-19 15:47:44,894 - direct_fhir - INFO -   Condition: 2550 so far...
2026-04-19 15:47:45,058 - direct_fhir - INFO -   Condition: 2600 so far...
2026-04-19 15:47:45,190 - direct_fhir - INFO -   Condition: 2650 so far...
2026-04-19 15:47:45,343 - direct_fhir - INFO -   Condition: 2700 so far...
2026-04-19 15:47:45,519 - direct_fhir - INFO -   Condition: 2750 so far...
2026-04-19 15:47:45,650 - direct_fhir - INFO -   Condition: 2800 so far...
2026-04-19 15:47:45,791 - direct_fhir - INFO -   Condition: 2850 so far...
2026-04-19 15:47:45,941 - direct_fhir - INFO -   Condition: 2900 so far...
2026-04-19 15:47:46,087 - direct_fhir - INFO -   Condition: 2950 so far...
2026-04-19 15:47:46,236 - direct_fhir - INFO -   Condition: 3000 so far...
2026-04-19 15:47:46,396 - direct_fhir - INFO -   Condition: 3050 so far...
2026-04-19 15:47:46,532 - direct_fhir - INFO -   Condition: 3100 so far...
2026-04-19 15:47:46,699 - direct_fhir - INFO -   Condition: 3150 so far...
2026-04-19 15:47:46,752 - werkzeug - INFO -  * Detected change in '/Users/ebeneyeraggrey-mills/development/CareIT/CareIT_Vibe_Miniapp/routes/misc_api.py', reloading
2026-04-19 15:47:46,840 - werkzeug - INFO -  * Restarting with stat
2026-04-19 15:47:47,367 - werkzeug - WARNING -  * Debugger is active!
2026-04-19 15:47:47,372 - werkzeug - INFO -  * Debugger PIN: 805-155-362
2026-04-19 15:47:52,490 - werkzeug - INFO -  * Detected change in '/Users/ebeneyeraggrey-mills/development/CareIT/CareIT_Vibe_Miniapp/routes/misc_api.py', reloading
2026-04-19 15:47:52,537 - werkzeug - INFO -  * Restarting with stat
2026-04-19 15:47:52,860 - werkzeug - WARNING -  * Debugger is active!
2026-04-19 15:47:52,864 - werkzeug - INFO -  * Debugger PIN: 805-155-362
 * Serving Flask app 'app'
 * Debug mode: on
2026-04-19 15:47:55,376 - werkzeug - INFO - [31m[1mWARNING: This is a development server. Do not use it in a production deployment. Use a production WSGI server instead.[0m
 * Running on all addresses (0.0.0.0)
 * Running on http://127.0.0.1:2000
 * Running on http://192.168.0.211:2000
2026-04-19 15:47:55,376 - werkzeug - INFO - [33mPress CTRL+C to quit[0m
2026-04-19 15:47:55,376 - werkzeug - INFO -  * Restarting with stat
2026-04-19 15:47:55,700 - werkzeug - WARNING -  * Debugger is active!
2026-04-19 15:47:55,704 - werkzeug - INFO -  * Debugger PIN: 805-155-362
2026-04-19 15:48:03,914 - werkzeug - INFO -  * Detected change in '/Users/ebeneyeraggrey-mills/development/CareIT/CareIT_Vibe_Miniapp/routes/misc_api.py', reloading
2026-04-19 15:48:03,981 - werkzeug - INFO -  * Restarting with stat
2026-04-19 15:48:04,305 - werkzeug - WARNING -  * Debugger is active!
2026-04-19 15:48:04,309 - werkzeug - INFO -  * Debugger PIN: 805-155-362
2026-04-19 15:48:05,342 - werkzeug - INFO -  * Detected change in '/Users/ebeneyeraggrey-mills/development/CareIT/CareIT_Vibe_Miniapp/routes/misc_api.py', reloading
2026-04-19 15:48:05,397 - werkzeug - INFO -  * Restarting with stat
2026-04-19 15:48:05,723 - werkzeug - WARNING -  * Debugger is active!
2026-04-19 15:48:05,726 - werkzeug - INFO -  * Debugger PIN: 805-155-362
[REFRESH] Request received for patient_id=all, fhir_base_url=http://38.careit.one:8200
[REFRESH] Queued refresh job ae63346b-d12d-4469-8d6e-774fb232abed
[REFRESH] Starting refresh job ae63346b-d12d-4469-8d6e-774fb232abed for patient_id=all2026-04-19 15:48:16,734 - werkzeug - INFO - 192.168.0.239 - - [19/Apr/2026 15:48:16] "[35m[1mPOST /api/refresh-patient-context HTTP/1.1[0m" 202 -

2026-04-19 15:48:16,734 - direct_fhir - INFO - Fetching all patients
2026-04-19 15:48:16,928 - direct_fhir - INFO - Found 100 patients
2026-04-19 15:48:17,851 - direct_fhir - INFO -   Account: 0 so far...
[ALL-PATIENTS] Account: fetched 0 records
2026-04-19 15:48:18,099 - direct_fhir - INFO -   AdverseEvent: 0 so far...
[ALL-PATIENTS] AdverseEvent: fetched 0 records
2026-04-19 15:48:18,887 - direct_fhir - INFO -   AllergyIntolerance: 50 so far...
2026-04-19 15:48:19,444 - direct_fhir - INFO -   AllergyIntolerance: 87 so far...
[ALL-PATIENTS] AllergyIntolerance: fetched 87 records
2026-04-19 15:48:19,547 - direct_fhir - INFO -   Appointment: 0 so far...
[ALL-PATIENTS] Appointment: fetched 0 records
2026-04-19 15:48:19,637 - direct_fhir - INFO -   AppointmentResponse: 0 so far...
[ALL-PATIENTS] AppointmentResponse: fetched 0 records
2026-04-19 15:48:19,791 - direct_fhir - INFO -   AuditEvent: 50 so far...
2026-04-19 15:48:19,941 - direct_fhir - INFO -   AuditEvent: 96 so far...
[ALL-PATIENTS] AuditEvent: fetched 96 records
2026-04-19 15:48:20,110 - direct_fhir - INFO -   Basic: 0 so far...
[ALL-PATIENTS] Basic: fetched 0 records
2026-04-19 15:48:20,224 - direct_fhir - INFO -   BodyStructure: 0 so far...
[ALL-PATIENTS] BodyStructure: fetched 0 records
2026-04-19 15:48:20,421 - direct_fhir - INFO -   CarePlan: 50 so far...
2026-04-19 15:48:20,589 - direct_fhir - INFO -   CarePlan: 100 so far...
 * Serving Flask app 'app'
 * Debug mode: on
2026-04-19 15:48:22,296 - werkzeug - INFO - [31m[1mWARNING: This is a development server. Do not use it in a production deployment. Use a production WSGI server instead.[0m
 * Running on all addresses (0.0.0.0)
 * Running on http://127.0.0.1:2000
 * Running on http://192.168.0.211:2000
2026-04-19 15:48:22,296 - werkzeug - INFO - [33mPress CTRL+C to quit[0m
2026-04-19 15:48:22,297 - werkzeug - INFO -  * Restarting with stat
2026-04-19 15:48:22,617 - werkzeug - WARNING -  * Debugger is active!
2026-04-19 15:48:22,620 - werkzeug - INFO -  * Debugger PIN: 805-155-362
[REFRESH] Request received for patient_id=all, fhir_base_url=http://38.careit.one:8200
[REFRESH] Queued refresh job 2d25532f-25f3-4b82-aab5-82fbf5199b74
[REFRESH] Starting refresh job 2d25532f-25f3-4b82-aab5-82fbf5199b74 for patient_id=all
2026-04-19 15:53:08,706 - werkzeug - INFO - 192.168.0.239 - - [19/Apr/2026 15:53:08] "[35m[1mPOST /api/refresh-patient-context HTTP/1.1[0m" 202 -
2026-04-19 15:53:08,707 - direct_fhir - INFO - Fetching all patients
2026-04-19 15:53:08,990 - direct_fhir - INFO - Found 100 patients
2026-04-19 15:53:09,702 - direct_fhir - INFO -   Account: 0 so far...
[ALL-PATIENTS] Account: fetched 0 records
2026-04-19 15:53:09,802 - direct_fhir - INFO -   AdverseEvent: 0 so far...
[ALL-PATIENTS] AdverseEvent: fetched 0 records
2026-04-19 15:53:09,968 - direct_fhir - INFO -   AllergyIntolerance: 50 so far...
2026-04-19 15:53:10,623 - direct_fhir - INFO -   AllergyIntolerance: 87 so far...
[ALL-PATIENTS] AllergyIntolerance: fetched 87 records
2026-04-19 15:53:10,723 - direct_fhir - INFO -   Appointment: 0 so far...
[ALL-PATIENTS] Appointment: fetched 0 records
2026-04-19 15:53:10,870 - direct_fhir - INFO -   AppointmentResponse: 0 so far...
[ALL-PATIENTS] AppointmentResponse: fetched 0 records
2026-04-19 15:53:11,046 - direct_fhir - INFO -   AuditEvent: 50 so far...
2026-04-19 15:53:11,700 - direct_fhir - INFO -   AuditEvent: 96 so far...
[ALL-PATIENTS] AuditEvent: fetched 96 records
2026-04-19 15:53:11,808 - direct_fhir - INFO -   Basic: 0 so far...
[ALL-PATIENTS] Basic: fetched 0 records
2026-04-19 15:53:11,921 - direct_fhir - INFO -   BodyStructure: 0 so far...
[ALL-PATIENTS] BodyStructure: fetched 0 records
2026-04-19 15:53:12,168 - direct_fhir - INFO -   CarePlan: 50 so far...
2026-04-19 15:53:12,942 - direct_fhir - INFO -   CarePlan: 100 so far...
2026-04-19 15:53:13,199 - direct_fhir - INFO -   CarePlan: 150 so far...
2026-04-19 15:53:13,404 - direct_fhir - INFO -   CarePlan: 200 so far...
2026-04-19 15:53:13,683 - direct_fhir - INFO -   CarePlan: 250 so far...
2026-04-19 15:53:13,969 - direct_fhir - INFO -   CarePlan: 300 so far...
2026-04-19 15:53:14,116 - direct_fhir - INFO -   CarePlan: 304 so far...
[ALL-PATIENTS] CarePlan: fetched 304 records
2026-04-19 15:53:14,229 - direct_fhir - INFO -   CareTeam: 0 so far...
[ALL-PATIENTS] CareTeam: fetched 0 records
2026-04-19 15:53:14,333 - direct_fhir - INFO -   ChargeItem: 0 so far...
[ALL-PATIENTS] ChargeItem: fetched 0 records
2026-04-19 15:53:14,463 - direct_fhir - INFO -   Claim: 0 so far...
[ALL-PATIENTS] Claim: fetched 0 records
2026-04-19 15:53:14,590 - direct_fhir - INFO -   ClaimResponse: 0 so far...
[ALL-PATIENTS] ClaimResponse: fetched 0 records
2026-04-19 15:53:14,708 - direct_fhir - INFO -   ClinicalImpression: 0 so far...
[ALL-PATIENTS] ClinicalImpression: fetched 0 records
2026-04-19 15:53:14,879 - direct_fhir - INFO -   Communication: 50 so far...
2026-04-19 15:53:15,624 - direct_fhir - INFO -   Communication: 100 so far...
2026-04-19 15:53:15,783 - direct_fhir - INFO -   Communication: 150 so far...
2026-04-19 15:53:15,951 - direct_fhir - INFO -   Communication: 200 so far...
2026-04-19 15:53:16,109 - direct_fhir - INFO -   Communication: 250 so far...
2026-04-19 15:53:16,258 - direct_fhir - INFO -   Communication: 300 so far...
2026-04-19 15:53:16,408 - direct_fhir - INFO -   Communication: 350 so far...
2026-04-19 15:53:16,592 - direct_fhir - INFO -   Communication: 400 so far...
2026-04-19 15:53:16,728 - direct_fhir - INFO -   Communication: 450 so far...
2026-04-19 15:53:16,872 - direct_fhir - INFO -   Communication: 500 so far...
2026-04-19 15:53:17,567 - direct_fhir - INFO -   Communication: 550 so far...
2026-04-19 15:53:17,715 - direct_fhir - INFO -   Communication: 600 so far...
2026-04-19 15:53:17,854 - direct_fhir - INFO -   Communication: 650 so far...
2026-04-19 15:53:17,965 - direct_fhir - INFO -   Communication: 655 so far...
[ALL-PATIENTS] Communication: fetched 655 records
2026-04-19 15:53:18,122 - direct_fhir - INFO -   CommunicationRequest: 0 so far...
[ALL-PATIENTS] CommunicationRequest: fetched 0 records
2026-04-19 15:53:18,248 - direct_fhir - INFO -   Composition: 0 so far...
[ALL-PATIENTS] Composition: fetched 0 records
2026-04-19 15:53:18,437 - direct_fhir - INFO -   Condition: 50 so far...
2026-04-19 15:53:19,227 - direct_fhir - INFO -   Condition: 100 so far...
2026-04-19 15:53:19,397 - direct_fhir - INFO -   Condition: 150 so far...
2026-04-19 15:53:19,555 - direct_fhir - INFO -   Condition: 200 so far...
2026-04-19 15:53:19,647 - direct_fhir - ERROR - FHIR request failed while fetching all [Condition] at [http://38.careit.one:8200?_getpages=9a73806a-5fc6-46e1-916e-985f32c8d6e8&_getpagesoffset=200&_count=50&_pretty=true&_bundletype=searchset]: 401 Client Error: Unauthorized for url: http://38.careit.one:8200/?_getpages=9a73806a-5fc6-46e1-916e-985f32c8d6e8&_getpagesoffset=200&_count=50&_pretty=true&_bundletype=searchset
[ALL-PATIENTS] Condition: fetched 200 records
[REFRESH] Request received for patient_id=all, fhir_base_url=http://38.careit.one:8200
[REFRESH] Refresh already running: 2d25532f-25f3-4b82-aab5-82fbf5199b74
2026-04-19 15:53:19,723 - werkzeug - INFO - 192.168.0.239 - - [19/Apr/2026 15:53:19] "[35m[1mPOST /api/refresh-patient-context HTTP/1.1[0m" 202 -
2026-04-19 15:53:19,744 - direct_fhir - ERROR - FHIR request failed while fetching all [Consent] at [http://38.careit.one:8200/Consent]: 401 Client Error: Unauthorized for url: http://38.careit.one:8200/Consent
[ALL-PATIENTS] Consent: fetched 0 records
2026-04-19 15:53:19,830 - direct_fhir - ERROR - FHIR request failed while fetching all [Contract] at [http://38.careit.one:8200/Contract]: 401 Client Error: Unauthorized for url: http://38.careit.one:8200/Contract
[ALL-PATIENTS] Contract: fetched 0 records
2026-04-19 15:53:19,911 - direct_fhir - ERROR - FHIR request failed while fetching all [Coverage] at [http://38.careit.one:8200/Coverage]: 401 Client Error: Unauthorized for url: http://38.careit.one:8200/Coverage
[ALL-PATIENTS] Coverage: fetched 0 records
2026-04-19 15:53:19,992 - direct_fhir - ERROR - FHIR request failed while fetching all [CoverageEligibilityRequest] at [http://38.careit.one:8200/CoverageEligibilityRequest]: 401 Client Error: Unauthorized for url: http://38.careit.one:8200/CoverageEligibilityRequest
[ALL-PATIENTS] CoverageEligibilityRequest: fetched 0 records
2026-04-19 15:53:20,072 - direct_fhir - ERROR - FHIR request failed while fetching all [CoverageEligibilityResponse] at [http://38.careit.one:8200/CoverageEligibilityResponse]: 401 Client Error: Unauthorized for url: http://38.careit.one:8200/CoverageEligibilityResponse
[ALL-PATIENTS] CoverageEligibilityResponse: fetched 0 records
2026-04-19 15:53:20,180 - direct_fhir - ERROR - FHIR request failed while fetching all [DetectedIssue] at [http://38.careit.one:8200/DetectedIssue]: 401 Client Error: Unauthorized for url: http://38.careit.one:8200/DetectedIssue
[ALL-PATIENTS] DetectedIssue: fetched 0 records
2026-04-19 15:53:20,263 - direct_fhir - ERROR - FHIR request failed while fetching all [Device] at [http://38.careit.one:8200/Device]: 401 Client Error: Unauthorized for url: http://38.careit.one:8200/Device
[ALL-PATIENTS] Device: fetched 0 records
2026-04-19 15:53:20,363 - direct_fhir - ERROR - FHIR request failed while fetching all [DeviceRequest] at [http://38.careit.one:8200/DeviceRequest]: 401 Client Error: Unauthorized for url: http://38.careit.one:8200/DeviceRequest
[ALL-PATIENTS] DeviceRequest: fetched 0 records
2026-04-19 15:53:20,455 - direct_fhir - ERROR - FHIR request failed while fetching all [DeviceUseStatement] at [http://38.careit.one:8200/DeviceUseStatement]: 401 Client Error: Unauthorized for url: http://38.careit.one:8200/DeviceUseStatement
[ALL-PATIENTS] DeviceUseStatement: fetched 0 records
2026-04-19 15:53:20,535 - direct_fhir - ERROR - FHIR request failed while fetching all [DiagnosticReport] at [http://38.careit.one:8200/DiagnosticReport]: 401 Client Error: Unauthorized for url: http://38.careit.one:8200/DiagnosticReport
[ALL-PATIENTS] DiagnosticReport: fetched 0 records
2026-04-19 15:53:20,636 - direct_fhir - ERROR - FHIR request failed while fetching all [DocumentManifest] at [http://38.careit.one:8200/DocumentManifest]: 401 Client Error: Unauthorized for url: http://38.careit.one:8200/DocumentManifest
[ALL-PATIENTS] DocumentManifest: fetched 0 records
2026-04-19 15:53:20,723 - direct_fhir - ERROR - FHIR request failed while fetching all [DocumentReference] at [http://38.careit.one:8200/DocumentReference]: 401 Client Error: Unauthorized for url: http://38.careit.one:8200/DocumentReference
[ALL-PATIENTS] DocumentReference: fetched 0 records
2026-04-19 15:53:20,802 - direct_fhir - ERROR - FHIR request failed while fetching all [Encounter] at [http://38.careit.one:8200/Encounter]: 401 Client Error: Unauthorized for url: http://38.careit.one:8200/Encounter
[ALL-PATIENTS] Encounter: fetched 0 records
2026-04-19 15:53:20,889 - direct_fhir - ERROR - FHIR request failed while fetching all [EnrollmentRequest] at [http://38.careit.one:8200/EnrollmentRequest]: 401 Client Error: Unauthorized for url: http://38.careit.one:8200/EnrollmentRequest
[ALL-PATIENTS] EnrollmentRequest: fetched 0 records
2026-04-19 15:53:20,982 - direct_fhir - ERROR - FHIR request failed while fetching all [EpisodeOfCare] at [http://38.careit.one:8200/EpisodeOfCare]: 401 Client Error: Unauthorized for url: http://38.careit.one:8200/EpisodeOfCare
[ALL-PATIENTS] EpisodeOfCare: fetched 0 records
2026-04-19 15:53:21,100 - direct_fhir - ERROR - FHIR request failed while fetching all [ExplanationOfBenefit] at [http://38.careit.one:8200/ExplanationOfBenefit]: 401 Client Error: Unauthorized for url: http://38.careit.one:8200/ExplanationOfBenefit
[ALL-PATIENTS] ExplanationOfBenefit: fetched 0 records
2026-04-19 15:53:21,176 - direct_fhir - ERROR - FHIR request failed while fetching all [FamilyMemberHistory] at [http://38.careit.one:8200/FamilyMemberHistory]: 401 Client Error: Unauthorized for url: http://38.careit.one:8200/FamilyMemberHistory
[ALL-PATIENTS] FamilyMemberHistory: fetched 0 records
2026-04-19 15:53:21,300 - direct_fhir - ERROR - FHIR request failed while fetching all [Flag] at [http://38.careit.one:8200/Flag]: 401 Client Error: Unauthorized for url: http://38.careit.one:8200/Flag
[ALL-PATIENTS] Flag: fetched 0 records
2026-04-19 15:53:21,389 - direct_fhir - ERROR - FHIR request failed while fetching all [Goal] at [http://38.careit.one:8200/Goal]: 401 Client Error: Unauthorized for url: http://38.careit.one:8200/Goal
[ALL-PATIENTS] Goal: fetched 0 records
2026-04-19 15:53:21,490 - direct_fhir - ERROR - FHIR request failed while fetching all [GuidanceResponse] at [http://38.careit.one:8200/GuidanceResponse]: 401 Client Error: Unauthorized for url: http://38.careit.one:8200/GuidanceResponse
[ALL-PATIENTS] GuidanceResponse: fetched 0 records
2026-04-19 15:53:21,571 - direct_fhir - ERROR - FHIR request failed while fetching all [ImagingStudy] at [http://38.careit.one:8200/ImagingStudy]: 401 Client Error: Unauthorized for url: http://38.careit.one:8200/ImagingStudy
[ALL-PATIENTS] ImagingStudy: fetched 0 records
2026-04-19 15:53:21,646 - direct_fhir - ERROR - FHIR request failed while fetching all [Immunization] at [http://38.careit.one:8200/Immunization]: 401 Client Error: Unauthorized for url: http://38.careit.one:8200/Immunization
[ALL-PATIENTS] Immunization: fetched 0 records
2026-04-19 15:53:21,734 - direct_fhir - ERROR - FHIR request failed while fetching all [ImmunizationEvaluation] at [http://38.careit.one:8200/ImmunizationEvaluation]: 401 Client Error: Unauthorized for url: http://38.careit.one:8200/ImmunizationEvaluation
[ALL-PATIENTS] ImmunizationEvaluation: fetched 0 records
2026-04-19 15:53:21,831 - direct_fhir - ERROR - FHIR request failed while fetching all [ImmunizationRecommendation] at [http://38.careit.one:8200/ImmunizationRecommendation]: 401 Client Error: Unauthorized for url: http://38.careit.one:8200/ImmunizationRecommendation
[ALL-PATIENTS] ImmunizationRecommendation: fetched 0 records
2026-04-19 15:53:21,932 - direct_fhir - ERROR - FHIR request failed while fetching all [Invoice] at [http://38.careit.one:8200/Invoice]: 401 Client Error: Unauthorized for url: http://38.careit.one:8200/Invoice
[ALL-PATIENTS] Invoice: fetched 0 records
2026-04-19 15:53:22,036 - direct_fhir - ERROR - FHIR request failed while fetching all [List] at [http://38.careit.one:8200/List]: 401 Client Error: Unauthorized for url: http://38.careit.one:8200/List
[ALL-PATIENTS] List: fetched 0 records
2026-04-19 15:53:22,147 - direct_fhir - ERROR - FHIR request failed while fetching all [MeasureReport] at [http://38.careit.one:8200/MeasureReport]: 401 Client Error: Unauthorized for url: http://38.careit.one:8200/MeasureReport
[ALL-PATIENTS] MeasureReport: fetched 0 records
2026-04-19 15:53:22,245 - direct_fhir - ERROR - FHIR request failed while fetching all [Media] at [http://38.careit.one:8200/Media]: 401 Client Error: Unauthorized for url: http://38.careit.one:8200/Media
[ALL-PATIENTS] Media: fetched 0 records
2026-04-19 15:53:22,347 - direct_fhir - ERROR - FHIR request failed while fetching all [MedicationAdministration] at [http://38.careit.one:8200/MedicationAdministration]: 401 Client Error: Unauthorized for url: http://38.careit.one:8200/MedicationAdministration
[ALL-PATIENTS] MedicationAdministration: fetched 0 records
2026-04-19 15:53:22,439 - direct_fhir - ERROR - FHIR request failed while fetching all [MedicationDispense] at [http://38.careit.one:8200/MedicationDispense]: 401 Client Error: Unauthorized for url: http://38.careit.one:8200/MedicationDispense
[ALL-PATIENTS] MedicationDispense: fetched 0 records
2026-04-19 15:53:22,532 - direct_fhir - ERROR - FHIR request failed while fetching all [MedicationRequest] at [http://38.careit.one:8200/MedicationRequest]: 401 Client Error: Unauthorized for url: http://38.careit.one:8200/MedicationRequest
[ALL-PATIENTS] MedicationRequest: fetched 0 records
2026-04-19 15:53:22,613 - direct_fhir - ERROR - FHIR request failed while fetching all [MedicationStatement] at [http://38.careit.one:8200/MedicationStatement]: 401 Client Error: Unauthorized for url: http://38.careit.one:8200/MedicationStatement
[ALL-PATIENTS] MedicationStatement: fetched 0 records
2026-04-19 15:53:22,695 - direct_fhir - ERROR - FHIR request failed while fetching all [MedicinalProductAuthorization] at [http://38.careit.one:8200/MedicinalProductAuthorization]: 401 Client Error: Unauthorized for url: http://38.careit.one:8200/MedicinalProductAuthorization
[ALL-PATIENTS] MedicinalProductAuthorization: fetched 0 records
2026-04-19 15:53:22,789 - direct_fhir - ERROR - FHIR request failed while fetching all [MedicinalProductContraindication] at [http://38.careit.one:8200/MedicinalProductContraindication]: 401 Client Error: Unauthorized for url: http://38.careit.one:8200/MedicinalProductContraindication
[ALL-PATIENTS] MedicinalProductContraindication: fetched 0 records
2026-04-19 15:53:22,895 - direct_fhir - ERROR - FHIR request failed while fetching all [MedicinalProductIndication] at [http://38.careit.one:8200/MedicinalProductIndication]: 401 Client Error: Unauthorized for url: http://38.careit.one:8200/MedicinalProductIndication
[ALL-PATIENTS] MedicinalProductIndication: fetched 0 records
2026-04-19 15:53:22,982 - direct_fhir - ERROR - FHIR request failed while fetching all [MedicinalProductInteraction] at [http://38.careit.one:8200/MedicinalProductInteraction]: 401 Client Error: Unauthorized for url: http://38.careit.one:8200/MedicinalProductInteraction
[ALL-PATIENTS] MedicinalProductInteraction: fetched 0 records
2026-04-19 15:53:23,089 - direct_fhir - ERROR - FHIR request failed while fetching all [MedicinalProductPackaged] at [http://38.careit.one:8200/MedicinalProductPackaged]: 401 Client Error: Unauthorized for url: http://38.careit.one:8200/MedicinalProductPackaged
[ALL-PATIENTS] MedicinalProductPackaged: fetched 0 records
2026-04-19 15:53:23,190 - direct_fhir - ERROR - FHIR request failed while fetching all [MedicinalProductUndesirableEffect] at [http://38.careit.one:8200/MedicinalProductUndesirableEffect]: 401 Client Error: Unauthorized for url: http://38.careit.one:8200/MedicinalProductUndesirableEffect
[ALL-PATIENTS] MedicinalProductUndesirableEffect: fetched 0 records
2026-04-19 15:53:23,294 - direct_fhir - ERROR - FHIR request failed while fetching all [MolecularSequence] at [http://38.careit.one:8200/MolecularSequence]: 401 Client Error: Unauthorized for url: http://38.careit.one:8200/MolecularSequence
[ALL-PATIENTS] MolecularSequence: fetched 0 records
2026-04-19 15:53:23,384 - direct_fhir - ERROR - FHIR request failed while fetching all [NutritionOrder] at [http://38.careit.one:8200/NutritionOrder]: 401 Client Error: Unauthorized for url: http://38.careit.one:8200/NutritionOrder
[ALL-PATIENTS] NutritionOrder: fetched 0 records
2026-04-19 15:53:23,482 - direct_fhir - ERROR - FHIR request failed while fetching all [Observation] at [http://38.careit.one:8200/Observation]: 401 Client Error: Unauthorized for url: http://38.careit.one:8200/Observation
[ALL-PATIENTS] Observation: fetched 0 records
2026-04-19 15:53:23,597 - direct_fhir - ERROR - FHIR request failed while fetching all [Person] at [http://38.careit.one:8200/Person]: 401 Client Error: Unauthorized for url: http://38.careit.one:8200/Person
[ALL-PATIENTS] Person: fetched 0 records
2026-04-19 15:53:23,709 - direct_fhir - ERROR - FHIR request failed while fetching all [Procedure] at [http://38.careit.one:8200/Procedure]: 401 Client Error: Unauthorized for url: http://38.careit.one:8200/Procedure
[ALL-PATIENTS] Procedure: fetched 0 records
2026-04-19 15:53:23,814 - direct_fhir - ERROR - FHIR request failed while fetching all [Provenance] at [http://38.careit.one:8200/Provenance]: 401 Client Error: Unauthorized for url: http://38.careit.one:8200/Provenance
[ALL-PATIENTS] Provenance: fetched 0 records
2026-04-19 15:53:23,918 - direct_fhir - ERROR - FHIR request failed while fetching all [QuestionnaireResponse] at [http://38.careit.one:8200/QuestionnaireResponse]: 401 Client Error: Unauthorized for url: http://38.careit.one:8200/QuestionnaireResponse
[ALL-PATIENTS] QuestionnaireResponse: fetched 0 records
2026-04-19 15:53:24,021 - direct_fhir - ERROR - FHIR request failed while fetching all [RelatedPerson] at [http://38.careit.one:8200/RelatedPerson]: 401 Client Error: Unauthorized for url: http://38.careit.one:8200/RelatedPerson
[ALL-PATIENTS] RelatedPerson: fetched 0 records
2026-04-19 15:53:24,141 - direct_fhir - ERROR - FHIR request failed while fetching all [RequestGroup] at [http://38.careit.one:8200/RequestGroup]: 401 Client Error: Unauthorized for url: http://38.careit.one:8200/RequestGroup
[ALL-PATIENTS] RequestGroup: fetched 0 records
2026-04-19 15:53:24,235 - direct_fhir - ERROR - FHIR request failed while fetching all [ResearchSubject] at [http://38.careit.one:8200/ResearchSubject]: 401 Client Error: Unauthorized for url: http://38.careit.one:8200/ResearchSubject
[ALL-PATIENTS] ResearchSubject: fetched 0 records
2026-04-19 15:53:24,334 - direct_fhir - ERROR - FHIR request failed while fetching all [RiskAssessment] at [http://38.careit.one:8200/RiskAssessment]: 401 Client Error: Unauthorized for url: http://38.careit.one:8200/RiskAssessment
[ALL-PATIENTS] RiskAssessment: fetched 0 records
2026-04-19 15:53:24,430 - direct_fhir - ERROR - FHIR request failed while fetching all [ServiceRequest] at [http://38.careit.one:8200/ServiceRequest]: 401 Client Error: Unauthorized for url: http://38.careit.one:8200/ServiceRequest
[ALL-PATIENTS] ServiceRequest: fetched 0 records
2026-04-19 15:53:24,516 - direct_fhir - ERROR - FHIR request failed while fetching all [Specimen] at [http://38.careit.one:8200/Specimen]: 401 Client Error: Unauthorized for url: http://38.careit.one:8200/Specimen
[ALL-PATIENTS] Specimen: fetched 0 records
2026-04-19 15:53:24,614 - direct_fhir - ERROR - FHIR request failed while fetching all [SupplyDelivery] at [http://38.careit.one:8200/SupplyDelivery]: 401 Client Error: Unauthorized for url: http://38.careit.one:8200/SupplyDelivery
[ALL-PATIENTS] SupplyDelivery: fetched 0 records
2026-04-19 15:53:24,711 - direct_fhir - ERROR - FHIR request failed while fetching all [SupplyRequest] at [http://38.careit.one:8200/SupplyRequest]: 401 Client Error: Unauthorized for url: http://38.careit.one:8200/SupplyRequest
[ALL-PATIENTS] SupplyRequest: fetched 0 records
2026-04-19 15:53:24,797 - direct_fhir - ERROR - FHIR request failed while fetching all [Task] at [http://38.careit.one:8200/Task]: 401 Client Error: Unauthorized for url: http://38.careit.one:8200/Task
[ALL-PATIENTS] Task: fetched 0 records
2026-04-19 15:53:24,890 - direct_fhir - ERROR - FHIR request failed while fetching all [VisionPrescription] at [http://38.careit.one:8200/VisionPrescription]: 401 Client Error: Unauthorized for url: http://38.careit.one:8200/VisionPrescription
[ALL-PATIENTS] VisionPrescription: fetched 0 records
2026-04-19 15:53:24,972 - direct_fhir - ERROR - FHIR request failed while fetching all [Observation?category=vital-signs] at [http://38.careit.one:8200/Observation?category=vital-signs]: 401 Client Error: Unauthorized for url: http://38.careit.one:8200/Observation?category=vital-signs
[ALL-PATIENTS] vital_signs: fetched 0 records
[ALL-PATIENTS] patient=fb5b96d1-359f-4324-9b27-53a28585658a data={'allergyintolerance': 2, 'careplan': 1, 'communication': 3, 'condition': 92}
[ALL-PATIENTS] patient=b0c98aff-edfb-4e18-b0f3-449dba8dcfcf data={'allergyintolerance': 1, 'careplan': 1, 'communication': 1, 'condition': 108}
[ALL-PATIENTS] patient=e88eea34-5b44-40da-a0d7-4b3c8f4cdc43 data={'careplan': 1}
[ALL-PATIENTS] patient=86f0a454-3895-4ce1-9c3d-33e72883cfca data={}
[ALL-PATIENTS] patient=99fd6c6d-5040-465c-86ee-40c08db23a7a data={}
[ALL-PATIENTS] patient=2120a396-d9d2-4f25-ba00-bc7a4600ef04 data={'allergyintolerance': 2, 'careplan': 2, 'communication': 8}
[ALL-PATIENTS] patient=64433b0c-4df5-40b4-9f0d-de74a5e02d71 data={'allergyintolerance': 1, 'careplan': 1, 'communication': 1}
[ALL-PATIENTS] patient=cb391368-6651-4889-be12-394f9011071a data={}
[ALL-PATIENTS] patient=c0f1f3bc-83c0-4ea3-8a83-88e22a3f19f7 data={'allergyintolerance': 1, 'careplan': 1}
[ALL-PATIENTS] patient=8e47a455-0c49-47dc-8640-ce2167b569ef data={}
[ALL-PATIENTS] patient=95ee8c93-2b75-47c0-8ac5-4a9a3efb0eac data={'allergyintolerance': 1, 'careplan': 3, 'communication': 3}
[ALL-PATIENTS] patient=02da0da3-9f14-4186-9265-cec218c0d6c8 data={}
[ALL-PATIENTS] patient=6cc4a856-cd2b-4a62-983d-07d6d9573123 data={'careplan': 1, 'communication': 3}
[ALL-PATIENTS] patient=955d10c4-fced-4045-9236-926c2d06e9f6 data={'allergyintolerance': 2, 'careplan': 5, 'communication': 5}
[ALL-PATIENTS] patient=b30cb64b-9f35-45a4-8f71-f2774546ee53 data={}
[ALL-PATIENTS] patient=8f5711f4-9d64-41eb-99d3-f642afeaf971 data={}
[ALL-PATIENTS] patient=40a9c4e1-a0de-4339-9d78-bc081f579dfe data={}
[ALL-PATIENTS] patient=d6b91d89-848a-4dab-8dcd-90dc6ed1e62e data={'allergyintolerance': 1, 'careplan': 1}
[ALL-PATIENTS] patient=38070ebd-6458-4b73-b43f-f1cd654dc25f data={}
[ALL-PATIENTS] patient=28cde7cf-fd48-458e-b8b2-36666e4a091d data={}
[ALL-PATIENTS] patient=e71828d5-6a12-4f26-a78b-e56e2ac0aec2 data={}
[ALL-PATIENTS] patient=4b840e02-eab5-4d77-8972-5a6347e7e9ee data={}
[ALL-PATIENTS] patient=e3b8cf82-19e7-4a3f-99aa-5c8df205056a data={}
[ALL-PATIENTS] patient=c17362f3-4ecb-4146-bd8f-872016d5f1b2 data={}
[ALL-PATIENTS] patient=05d605aa-6923-4ba7-aa6d-f23576f2b364 data={}
[ALL-PATIENTS] patient=048f1b2f-4a9c-4faa-8ac5-56d4b3812b54 data={'allergyintolerance': 1, 'careplan': 1}
[ALL-PATIENTS] patient=a5e464a7-1ff7-4df1-b639-b0e5112155c0 data={'allergyintolerance': 2, 'careplan': 1, 'communication': 1}
[ALL-PATIENTS] patient=3328951d-406b-4d64-ac27-fd0f487578b2 data={'allergyintolerance': 2, 'careplan': 3}
[ALL-PATIENTS] patient=f126df8b-88ce-4b0c-baad-6bee7d2097b8 data={}
[ALL-PATIENTS] patient=284dde1d-e0f7-4280-abd1-a1b9ba1ebdad data={'allergyintolerance': 2, 'careplan': 3, 'communication': 4}
[ALL-PATIENTS] patient=561b8f07-c7ca-47a8-87f6-98e242318335 data={'allergyintolerance': 2, 'careplan': 1}
[ALL-PATIENTS] patient=fe12ebc2-bd3b-4c80-a032-bfb0a77084de data={'careplan': 4, 'communication': 1}
[ALL-PATIENTS] patient=59f80b34-b72d-4998-b131-78de1512b381 data={'allergyintolerance': 1, 'careplan': 1, 'communication': 3}
[ALL-PATIENTS] patient=5d497096-5cfe-4a05-b719-91ba480d1ced data={'careplan': 1}
[ALL-PATIENTS] patient=1eec9bfb-78f3-4df7-bd43-ba0b46d29b52 data={'allergyintolerance': 1, 'careplan': 8, 'communication': 11}
[ALL-PATIENTS] patient=c1810e9d-c2d3-4832-9264-c233f0b2e386 data={'allergyintolerance': 4, 'careplan': 1}
[ALL-PATIENTS] patient=195bf522-635b-4b58-a40e-b64a9ce0cb82 data={'allergyintolerance': 1}
[ALL-PATIENTS] patient=8ed94367-542c-4cb6-9f3c-197562900e93 data={}
[ALL-PATIENTS] patient=778a573a-1927-4815-bb78-59b6658041ab data={}
[ALL-PATIENTS] patient=0b2c4c0d-a9ee-407d-964d-641cbf6bcc69 data={}
[ALL-PATIENTS] patient=ca5a527f-61f3-4dde-b57b-f499107a5c00 data={'careplan': 2, 'communication': 4}
[ALL-PATIENTS] patient=06d7f392-7d38-411b-b342-3aff89e0e094 data={}
[ALL-PATIENTS] patient=746e21cd-84fa-48f9-92c3-fdaaea9c237b data={'allergyintolerance': 3, 'careplan': 3, 'communication': 12}
[ALL-PATIENTS] patient=4691fbe1-3de0-4fcc-92cf-36d0643f423f data={'allergyintolerance': 2, 'careplan': 1, 'communication': 6}
[ALL-PATIENTS] patient=05b0910c-9df2-435d-9d93-29e16303a3ba data={'allergyintolerance': 1, 'careplan': 2, 'communication': 8}
[ALL-PATIENTS] patient=6d94c5ec-cdca-4e30-b816-9340ef026137 data={'allergyintolerance': 1, 'careplan': 1, 'communication': 1}
[ALL-PATIENTS] patient=5cf5b1cb-4068-4e62-a7c6-237f45c1e8dd data={'allergyintolerance': 1, 'careplan': 3, 'communication': 6}
[ALL-PATIENTS] patient=1d25a8ed-cb1c-47b7-b117-d29f2a6a30b8 data={'allergyintolerance': 2, 'careplan': 1, 'communication': 1}
[ALL-PATIENTS] patient=6f39349c-5b11-4443-a191-9526755a78aa data={'allergyintolerance': 1, 'careplan': 1}
[ALL-PATIENTS] patient=3d73b64e-847a-48d8-ae7c-7c2d1da22b01 data={}
[ALL-PATIENTS] patient=41b45776-7934-4270-8190-7add4a3f3312 data={}
[ALL-PATIENTS] patient=3cbb7cbb-5985-4001-984b-337dab7f22f0 data={}
[ALL-PATIENTS] patient=8a729a96-8bb0-41e2-94e6-ef4e0eec146f data={'allergyintolerance': 1}
[ALL-PATIENTS] patient=b60e5900-3585-4ee2-828f-25dc2d6c9e6d data={'allergyintolerance': 1}
[ALL-PATIENTS] patient=3499f64e-da5e-4d8b-a663-a0e41d1e0be6 data={'allergyintolerance': 1}
[ALL-PATIENTS] patient=a60e46a6-f3ff-4903-9e9c-7e5c83a9f10e data={'allergyintolerance': 1, 'careplan': 4, 'communication': 8}
[ALL-PATIENTS] patient=d2d62f66-f506-437e-a5aa-69cf48ecac55 data={'allergyintolerance': 1, 'careplan': 3}
[ALL-PATIENTS] patient=d269164e-c0ee-4cff-ac9e-b92022bd7d1e data={'careplan': 1}
[ALL-PATIENTS] patient=08f2f336-3037-4c85-8a56-85f429175826 data={'careplan': 1, 'communication': 3}
[ALL-PATIENTS] patient=94cfce9b-a944-4e75-bc72-75906c379fac data={}
[ALL-PATIENTS] patient=ae77ea87-19f5-44ec-a601-cd165abb9012 data={}
[ALL-PATIENTS] patient=dbaf1718-128d-427d-8284-af0e7e807ae5 data={'careplan': 1}
[ALL-PATIENTS] patient=0deeca53-c951-4c62-9bd7-5b5ab6ae158b data={}
[ALL-PATIENTS] patient=9194262a-c768-4901-9d87-0d7ce8a1fd6f data={}
[ALL-PATIENTS] patient=b42e6e82-7c1b-4ebd-8dba-edf0525ff386 data={}
[ALL-PATIENTS] patient=8ab53206-b6c9-4979-955f-e0641d5a5321 data={}
[ALL-PATIENTS] patient=24b07e0e-3942-46c8-9467-f8cb482c07ec data={}
[ALL-PATIENTS] patient=a6a70375-b15a-4021-93c8-fa1f0535a0b9 data={}
[ALL-PATIENTS] patient=0e20ba57-484a-4ec7-b3b0-603b512647f3 data={}
[ALL-PATIENTS] patient=15543f33-949f-426a-a753-d9cd93c26b7d data={'careplan': 1, 'communication': 2}
[ALL-PATIENTS] patient=d2ac8194-54b3-42ea-aebd-57a00618b32a data={'communication': 1}
[ALL-PATIENTS] patient=3c35a3fb-8edd-4d5d-a8f1-2265a3dd9a3f data={}
[ALL-PATIENTS] patient=1df10ebf-6315-437b-9b13-15928cc5454f data={}
[ALL-PATIENTS] patient=d455d216-1587-4814-bafd-bb3fd0abd32b data={}
[ALL-PATIENTS] patient=71b78f98-2a85-4e74-9560-6127324852c6 data={}
[ALL-PATIENTS] patient=97b5d019-d18e-465a-829b-38ebf7279d1c data={}
[ALL-PATIENTS] patient=30fe1828-8683-44fb-8eb3-f8ab2ee26469 data={'allergyintolerance': 1, 'careplan': 1, 'communication': 1}
[ALL-PATIENTS] patient=f26a573e-e3f6-418b-92c3-90f43eccf027 data={'communication': 1}
[ALL-PATIENTS] patient=e9dea8de-2435-4f5d-b81e-1300f1a016c8 data={}
[ALL-PATIENTS] patient=f7db5147-b639-4229-87d3-fd01f0d7e6a1 data={'careplan': 2}
[ALL-PATIENTS] patient=84769e45-d7e3-49f3-8e44-c88ae9fcb417 data={}
[ALL-PATIENTS] patient=eb4824b8-68a7-4be5-ac3b-3894772defb6 data={}
[ALL-PATIENTS] patient=730701e5-8cdd-441f-8cce-847d27a8e569 data={'careplan': 4, 'communication': 6}
[ALL-PATIENTS] patient=d7c0b146-51cc-45bd-9d33-d267149cc298 data={'allergyintolerance': 2, 'careplan': 5, 'communication': 25}
[ALL-PATIENTS] patient=aed2d41f-1049-4c4f-b37f-2d199ac8fe14 data={'careplan': 1, 'communication': 5}
[ALL-PATIENTS] patient=02af2a87-ba3a-4498-b014-89a209b5d819 data={'allergyintolerance': 1, 'careplan': 2, 'communication': 9}
[ALL-PATIENTS] patient=8ddce39d-1379-4a94-a44d-c66724db5371 data={}
[ALL-PATIENTS] patient=4704c5d8-5df4-43a3-a58c-58bbd5e947f7 data={'communication': 2}
[ALL-PATIENTS] patient=1f6803e4-a6b3-4234-809b-909ffab75b6a data={}
[ALL-PATIENTS] patient=0bc7c5d5-f2d5-44e4-846e-79b88fa114bd data={}
[ALL-PATIENTS] patient=ffe1b79f-8303-4fc0-8531-2d9911f36f9d data={}
[ALL-PATIENTS] patient=7cd0f00b-6895-4fff-969a-7eaa9f2cec39 data={'careplan': 1, 'communication': 2}
[ALL-PATIENTS] patient=b925b7b1-4752-4b7b-80b2-6c3982c3dc57 data={'careplan': 1, 'communication': 2}
[ALL-PATIENTS] patient=7ae5affa-e994-4a9f-b3f6-261d99e23bed data={'careplan': 5, 'communication': 10}
[ALL-PATIENTS] patient=eb10eba3-39a5-4b87-b512-375e75f8039c data={'careplan': 1}
[ALL-PATIENTS] patient=d2d84ffa-58fd-4c18-bcad-36a0dfbc83db data={'allergyintolerance': 2, 'careplan': 14, 'communication': 46}
[ALL-PATIENTS] patient=e9165b17-d2d9-4a3b-92d9-2af7e457c8bf data={'communication': 12}
[ALL-PATIENTS] patient=272cc302-ea9e-45f2-896b-3f0134ba9a12 data={'allergyintolerance': 1, 'careplan': 3, 'communication': 4}
[ALL-PATIENTS] patient=97ab74b7-5ac9-43cb-897c-9964a772f8f8 data={'communication': 4}
[ALL-PATIENTS] patient=87a1c22f-1c17-48b7-8456-9efd7a805f20 data={}
2026-04-19 15:53:24,974 - direct_fhir - INFO - Done. 100 patients with clinical data attached.
2026-04-19 15:53:25,062 - direct_fhir - ERROR - FHIR request failed [metadata]: 401 Client Error: Unauthorized for url: http://38.careit.one:8200/metadata
[REFRESH] Completed refresh job 2d25532f-25f3-4b82-aab5-82fbf5199b74
2026-04-19 15:55:09,627 - werkzeug - INFO -  * Detected change in '/Users/ebeneyeraggrey-mills/development/CareIT/CareIT_Vibe_Miniapp/routes/misc_api.py', reloading
2026-04-19 15:55:09,694 - werkzeug - INFO -  * Restarting with stat
2026-04-19 15:55:10,185 - werkzeug - WARNING -  * Debugger is active!
2026-04-19 15:55:10,189 - werkzeug - INFO -  * Debugger PIN: 805-155-362
2026-04-19 15:55:26,548 - werkzeug - INFO -  * Detected change in '/Users/ebeneyeraggrey-mills/development/CareIT/CareIT_Vibe_Miniapp/routes/misc_api.py', reloading
2026-04-19 15:55:26,598 - werkzeug - INFO -  * Restarting with stat
2026-04-19 15:55:27,031 - werkzeug - WARNING -  * Debugger is active!
2026-04-19 15:55:27,035 - werkzeug - INFO -  * Debugger PIN: 805-155-362
2026-04-19 15:55:33,194 - werkzeug - INFO -  * Detected change in '/Users/ebeneyeraggrey-mills/development/CareIT/CareIT_Vibe_Miniapp/routes/misc_api.py', reloading
2026-04-19 15:55:33,259 - werkzeug - INFO -  * Restarting with stat
2026-04-19 15:55:33,579 - werkzeug - WARNING -  * Debugger is active!
2026-04-19 15:55:33,582 - werkzeug - INFO -  * Debugger PIN: 805-155-362
2026-04-19 16:04:10,495 - werkzeug - INFO -  * Detected change in '/Users/ebeneyeraggrey-mills/development/CareIT/CareIT_Vibe_Miniapp/routes/misc_api.py', reloading
2026-04-19 16:04:10,581 - werkzeug - INFO -  * Restarting with stat
2026-04-19 16:04:11,143 - werkzeug - WARNING -  * Debugger is active!
2026-04-19 16:04:11,149 - werkzeug - INFO -  * Debugger PIN: 805-155-362
2026-04-19 16:04:21,410 - werkzeug - INFO -  * Detected change in '/Users/ebeneyeraggrey-mills/development/CareIT/CareIT_Vibe_Miniapp/routes/misc_api.py', reloading
2026-04-19 16:04:21,468 - werkzeug - INFO -  * Restarting with stat
2026-04-19 16:04:21,906 - werkzeug - WARNING -  * Debugger is active!
2026-04-19 16:04:21,914 - werkzeug - INFO -  * Debugger PIN: 805-155-362
[REFRESH] Request received for patient_id=all, fhir_base_url=http://38.careit.one:8200
[REFRESH] Queued refresh job 7678701b-ebd4-4371-8b5b-ac78bac29c6d
[REFRESH] Starting refresh job 7678701b-ebd4-4371-8b5b-ac78bac29c6d for patient_id=all2026-04-19 16:04:29,353 - werkzeug - INFO - 192.168.0.239 - - [19/Apr/2026 16:04:29] "[35m[1mPOST /api/refresh-patient-context HTTP/1.1[0m" 202 -

2026-04-19 16:04:29,354 - direct_fhir - INFO - Fetching all patients
2026-04-19 16:04:29,606 - direct_fhir - INFO - Found 100 patients
2026-04-19 16:04:30,752 - direct_fhir - INFO -   Account: 0 so far...
[ALL-PATIENTS] Account: fetched 0 records
2026-04-19 16:04:31,096 - direct_fhir - INFO -   AdverseEvent: 0 so far...
[ALL-PATIENTS] AdverseEvent: fetched 0 records
2026-04-19 16:04:31,713 - direct_fhir - INFO -   AllergyIntolerance: 50 so far...
2026-04-19 16:04:32,367 - direct_fhir - INFO -   AllergyIntolerance: 87 so far...
[ALL-PATIENTS] AllergyIntolerance: fetched 87 records
2026-04-19 16:04:32,466 - direct_fhir - INFO -   Appointment: 0 so far...
[ALL-PATIENTS] Appointment: fetched 0 records
2026-04-19 16:04:32,569 - direct_fhir - INFO -   AppointmentResponse: 0 so far...
[ALL-PATIENTS] AppointmentResponse: fetched 0 records
2026-04-19 16:04:32,719 - direct_fhir - INFO -   AuditEvent: 50 so far...
2026-04-19 16:04:33,375 - direct_fhir - INFO -   AuditEvent: 96 so far...
[ALL-PATIENTS] AuditEvent: fetched 96 records
2026-04-19 16:04:33,506 - direct_fhir - INFO -   Basic: 0 so far...
[ALL-PATIENTS] Basic: fetched 0 records
2026-04-19 16:04:33,630 - direct_fhir - INFO -   BodyStructure: 0 so far...
[ALL-PATIENTS] BodyStructure: fetched 0 records
2026-04-19 16:04:33,837 - direct_fhir - INFO -   CarePlan: 50 so far...
2026-04-19 16:04:34,557 - direct_fhir - INFO -   CarePlan: 100 so far...
2026-04-19 16:04:34,736 - direct_fhir - INFO -   CarePlan: 150 so far...
2026-04-19 16:04:34,917 - direct_fhir - INFO -   CarePlan: 200 so far...
2026-04-19 16:04:35,077 - direct_fhir - INFO -   CarePlan: 250 so far...
2026-04-19 16:04:35,296 - direct_fhir - INFO -   CarePlan: 300 so far...
2026-04-19 16:04:35,401 - direct_fhir - INFO -   CarePlan: 304 so far...
[ALL-PATIENTS] CarePlan: fetched 304 records
2026-04-19 16:04:35,503 - direct_fhir - INFO -   CareTeam: 0 so far...
[ALL-PATIENTS] CareTeam: fetched 0 records
2026-04-19 16:04:35,615 - direct_fhir - INFO -   ChargeItem: 0 so far...
[ALL-PATIENTS] ChargeItem: fetched 0 records
2026-04-19 16:04:35,732 - direct_fhir - INFO -   Claim: 0 so far...
[ALL-PATIENTS] Claim: fetched 0 records
2026-04-19 16:04:35,849 - direct_fhir - INFO -   ClaimResponse: 0 so far...
[ALL-PATIENTS] ClaimResponse: fetched 0 records
2026-04-19 16:04:35,954 - direct_fhir - INFO -   ClinicalImpression: 0 so far...
[ALL-PATIENTS] ClinicalImpression: fetched 0 records
2026-04-19 16:04:36,107 - direct_fhir - INFO -   Communication: 50 so far...
2026-04-19 16:04:36,828 - direct_fhir - INFO -   Communication: 100 so far...
2026-04-19 16:04:36,974 - direct_fhir - INFO -   Communication: 150 so far...
2026-04-19 16:04:37,122 - direct_fhir - INFO -   Communication: 200 so far...
2026-04-19 16:04:37,257 - direct_fhir - INFO -   Communication: 250 so far...
2026-04-19 16:04:37,412 - direct_fhir - INFO -   Communication: 300 so far...
2026-04-19 16:04:37,543 - direct_fhir - INFO -   Communication: 350 so far...
2026-04-19 16:04:37,689 - direct_fhir - INFO -   Communication: 400 so far...
2026-04-19 16:04:37,823 - direct_fhir - INFO -   Communication: 450 so far...
2026-04-19 16:04:37,960 - direct_fhir - INFO -   Communication: 500 so far...
2026-04-19 16:04:38,611 - direct_fhir - INFO -   Communication: 550 so far...
2026-04-19 16:04:38,760 - direct_fhir - INFO -   Communication: 600 so far...
2026-04-19 16:04:38,900 - direct_fhir - INFO -   Communication: 650 so far...
2026-04-19 16:04:39,064 - direct_fhir - INFO -   Communication: 655 so far...
[ALL-PATIENTS] Communication: fetched 655 records
2026-04-19 16:04:39,181 - direct_fhir - INFO -   CommunicationRequest: 0 so far...
[ALL-PATIENTS] CommunicationRequest: fetched 0 records
2026-04-19 16:04:39,303 - direct_fhir - INFO -   Composition: 0 so far...
[ALL-PATIENTS] Composition: fetched 0 records
2026-04-19 16:04:39,485 - direct_fhir - INFO -   Condition: 50 so far...
2026-04-19 16:04:40,174 - direct_fhir - INFO -   Condition: 100 so far...
2026-04-19 16:04:40,340 - direct_fhir - INFO -   Condition: 150 so far...
2026-04-19 16:04:40,497 - direct_fhir - INFO -   Condition: 200 so far...
2026-04-19 16:04:40,662 - direct_fhir - INFO -   Condition: 250 so far...
2026-04-19 16:04:40,827 - direct_fhir - INFO -   Condition: 300 so far...
2026-04-19 16:04:40,943 - direct_fhir - INFO -   Condition: 350 so far...
2026-04-19 16:04:41,096 - direct_fhir - INFO -   Condition: 400 so far...
2026-04-19 16:04:41,245 - direct_fhir - INFO -   Condition: 450 so far...
2026-04-19 16:04:41,373 - direct_fhir - INFO -   Condition: 500 so far...
2026-04-19 16:04:42,167 - direct_fhir - INFO -   Condition: 550 so far...
2026-04-19 16:04:42,329 - direct_fhir - INFO -   Condition: 600 so far...
2026-04-19 16:04:42,504 - direct_fhir - INFO -   Condition: 650 so far...
2026-04-19 16:04:42,675 - direct_fhir - INFO -   Condition: 700 so far...
2026-04-19 16:04:42,818 - direct_fhir - INFO -   Condition: 750 so far...
2026-04-19 16:04:42,979 - direct_fhir - INFO -   Condition: 800 so far...
2026-04-19 16:04:43,166 - direct_fhir - INFO -   Condition: 850 so far...
2026-04-19 16:04:43,324 - direct_fhir - INFO -   Condition: 900 so far...
2026-04-19 16:04:43,497 - direct_fhir - INFO -   Condition: 950 so far...
2026-04-19 16:04:43,699 - direct_fhir - INFO -   Condition: 1000 so far...
2026-04-19 16:04:43,873 - direct_fhir - INFO -   Condition: 1050 so far...
2026-04-19 16:04:44,089 - direct_fhir - INFO -   Condition: 1100 so far...
2026-04-19 16:04:44,276 - direct_fhir - INFO -   Condition: 1150 so far...
2026-04-19 16:04:44,425 - direct_fhir - ERROR - FHIR request failed while fetching all [Condition] at [http://38.careit.one:8200?_getpages=d33cc0dd-8d87-41ba-af5b-ff5faf5d6275&_getpagesoffset=1150&_count=50&_pretty=true&_bundletype=searchset]: 401 Client Error: Unauthorized for url: http://38.careit.one:8200/?_getpages=d33cc0dd-8d87-41ba-af5b-ff5faf5d6275&_getpagesoffset=1150&_count=50&_pretty=true&_bundletype=searchset
[ALL-PATIENTS] Condition: fetched 1150 records
2026-04-19 16:04:44,524 - direct_fhir - ERROR - FHIR request failed while fetching all [Consent] at [http://38.careit.one:8200/Consent]: 401 Client Error: Unauthorized for url: http://38.careit.one:8200/Consent
[REFRESH] Refresh already running: 7678701b-ebd4-4371-8b5b-ac78bac29c6d
2026-04-19 16:04:44,526 - werkzeug - INFO - 192.168.0.239 - - [19/Apr/2026 16:04:44] "[35m[1mPOST /api/refresh-patient-context HTTP/1.1[0m" 202 -
[ALL-PATIENTS] Consent: fetched 0 records
2026-04-19 16:04:44,620 - direct_fhir - ERROR - FHIR request failed while fetching all [Contract] at [http://38.careit.one:8200/Contract]: 401 Client Error: Unauthorized for url: http://38.careit.one:8200/Contract
[ALL-PATIENTS] Contract: fetched 0 records
2026-04-19 16:04:44,711 - direct_fhir - ERROR - FHIR request failed while fetching all [Coverage] at [http://38.careit.one:8200/Coverage]: 401 Client Error: Unauthorized for url: http://38.careit.one:8200/Coverage
[ALL-PATIENTS] Coverage: fetched 0 records
2026-04-19 16:04:44,803 - direct_fhir - ERROR - FHIR request failed while fetching all [CoverageEligibilityRequest] at [http://38.careit.one:8200/CoverageEligibilityRequest]: 401 Client Error: Unauthorized for url: http://38.careit.one:8200/CoverageEligibilityRequest
[ALL-PATIENTS] CoverageEligibilityRequest: fetched 0 records
2026-04-19 16:04:44,896 - direct_fhir - ERROR - FHIR request failed while fetching all [CoverageEligibilityResponse] at [http://38.careit.one:8200/CoverageEligibilityResponse]: 401 Client Error: Unauthorized for url: http://38.careit.one:8200/CoverageEligibilityResponse
[ALL-PATIENTS] CoverageEligibilityResponse: fetched 0 records
2026-04-19 16:04:44,994 - direct_fhir - ERROR - FHIR request failed while fetching all [DetectedIssue] at [http://38.careit.one:8200/DetectedIssue]: 401 Client Error: Unauthorized for url: http://38.careit.one:8200/DetectedIssue
[ALL-PATIENTS] DetectedIssue: fetched 0 records
2026-04-19 16:04:45,085 - direct_fhir - ERROR - FHIR request failed while fetching all [Device] at [http://38.careit.one:8200/Device]: 401 Client Error: Unauthorized for url: http://38.careit.one:8200/Device
[ALL-PATIENTS] Device: fetched 0 records
2026-04-19 16:04:45,204 - direct_fhir - ERROR - FHIR request failed while fetching all [DeviceRequest] at [http://38.careit.one:8200/DeviceRequest]: 401 Client Error: Unauthorized for url: http://38.careit.one:8200/DeviceRequest
[ALL-PATIENTS] DeviceRequest: fetched 0 records
2026-04-19 16:04:45,297 - direct_fhir - ERROR - FHIR request failed while fetching all [DeviceUseStatement] at [http://38.careit.one:8200/DeviceUseStatement]: 401 Client Error: Unauthorized for url: http://38.careit.one:8200/DeviceUseStatement
[ALL-PATIENTS] DeviceUseStatement: fetched 0 records
2026-04-19 16:04:45,411 - direct_fhir - ERROR - FHIR request failed while fetching all [DiagnosticReport] at [http://38.careit.one:8200/DiagnosticReport]: 401 Client Error: Unauthorized for url: http://38.careit.one:8200/DiagnosticReport
[ALL-PATIENTS] DiagnosticReport: fetched 0 records
2026-04-19 16:04:45,517 - direct_fhir - ERROR - FHIR request failed while fetching all [DocumentManifest] at [http://38.careit.one:8200/DocumentManifest]: 401 Client Error: Unauthorized for url: http://38.careit.one:8200/DocumentManifest
[ALL-PATIENTS] DocumentManifest: fetched 0 records
2026-04-19 16:04:45,600 - direct_fhir - ERROR - FHIR request failed while fetching all [DocumentReference] at [http://38.careit.one:8200/DocumentReference]: 401 Client Error: Unauthorized for url: http://38.careit.one:8200/DocumentReference
[ALL-PATIENTS] DocumentReference: fetched 0 records
2026-04-19 16:04:45,698 - direct_fhir - ERROR - FHIR request failed while fetching all [Encounter] at [http://38.careit.one:8200/Encounter]: 401 Client Error: Unauthorized for url: http://38.careit.one:8200/Encounter
[ALL-PATIENTS] Encounter: fetched 0 records
2026-04-19 16:04:45,801 - direct_fhir - ERROR - FHIR request failed while fetching all [EnrollmentRequest] at [http://38.careit.one:8200/EnrollmentRequest]: 401 Client Error: Unauthorized for url: http://38.careit.one:8200/EnrollmentRequest
[ALL-PATIENTS] EnrollmentRequest: fetched 0 records
2026-04-19 16:04:45,890 - direct_fhir - ERROR - FHIR request failed while fetching all [EpisodeOfCare] at [http://38.careit.one:8200/EpisodeOfCare]: 401 Client Error: Unauthorized for url: http://38.careit.one:8200/EpisodeOfCare
[ALL-PATIENTS] EpisodeOfCare: fetched 0 records
2026-04-19 16:04:45,995 - direct_fhir - ERROR - FHIR request failed while fetching all [ExplanationOfBenefit] at [http://38.careit.one:8200/ExplanationOfBenefit]: 401 Client Error: Unauthorized for url: http://38.careit.one:8200/ExplanationOfBenefit
[ALL-PATIENTS] ExplanationOfBenefit: fetched 0 records
2026-04-19 16:04:46,086 - direct_fhir - ERROR - FHIR request failed while fetching all [FamilyMemberHistory] at [http://38.careit.one:8200/FamilyMemberHistory]: 401 Client Error: Unauthorized for url: http://38.careit.one:8200/FamilyMemberHistory
[ALL-PATIENTS] FamilyMemberHistory: fetched 0 records
2026-04-19 16:04:46,179 - direct_fhir - ERROR - FHIR request failed while fetching all [Flag] at [http://38.careit.one:8200/Flag]: 401 Client Error: Unauthorized for url: http://38.careit.one:8200/Flag
[ALL-PATIENTS] Flag: fetched 0 records
2026-04-19 16:04:46,295 - direct_fhir - ERROR - FHIR request failed while fetching all [Goal] at [http://38.careit.one:8200/Goal]: 401 Client Error: Unauthorized for url: http://38.careit.one:8200/Goal
[ALL-PATIENTS] Goal: fetched 0 records
2026-04-19 16:04:46,398 - direct_fhir - ERROR - FHIR request failed while fetching all [GuidanceResponse] at [http://38.careit.one:8200/GuidanceResponse]: 401 Client Error: Unauthorized for url: http://38.careit.one:8200/GuidanceResponse
[ALL-PATIENTS] GuidanceResponse: fetched 0 records
2026-04-19 16:04:46,487 - direct_fhir - ERROR - FHIR request failed while fetching all [ImagingStudy] at [http://38.careit.one:8200/ImagingStudy]: 401 Client Error: Unauthorized for url: http://38.careit.one:8200/ImagingStudy
[ALL-PATIENTS] ImagingStudy: fetched 0 records
2026-04-19 16:04:46,595 - direct_fhir - ERROR - FHIR request failed while fetching all [Immunization] at [http://38.careit.one:8200/Immunization]: 401 Client Error: Unauthorized for url: http://38.careit.one:8200/Immunization
[ALL-PATIENTS] Immunization: fetched 0 records
2026-04-19 16:04:46,709 - direct_fhir - ERROR - FHIR request failed while fetching all [ImmunizationEvaluation] at [http://38.careit.one:8200/ImmunizationEvaluation]: 401 Client Error: Unauthorized for url: http://38.careit.one:8200/ImmunizationEvaluation
[ALL-PATIENTS] ImmunizationEvaluation: fetched 0 records
2026-04-19 16:04:46,807 - direct_fhir - ERROR - FHIR request failed while fetching all [ImmunizationRecommendation] at [http://38.careit.one:8200/ImmunizationRecommendation]: 401 Client Error: Unauthorized for url: http://38.careit.one:8200/ImmunizationRecommendation
[ALL-PATIENTS] ImmunizationRecommendation: fetched 0 records
2026-04-19 16:04:46,916 - direct_fhir - ERROR - FHIR request failed while fetching all [Invoice] at [http://38.careit.one:8200/Invoice]: 401 Client Error: Unauthorized for url: http://38.careit.one:8200/Invoice
[ALL-PATIENTS] Invoice: fetched 0 records
2026-04-19 16:04:47,016 - direct_fhir - ERROR - FHIR request failed while fetching all [List] at [http://38.careit.one:8200/List]: 401 Client Error: Unauthorized for url: http://38.careit.one:8200/List
[ALL-PATIENTS] List: fetched 0 records
2026-04-19 16:04:47,109 - direct_fhir - ERROR - FHIR request failed while fetching all [MeasureReport] at [http://38.careit.one:8200/MeasureReport]: 401 Client Error: Unauthorized for url: http://38.careit.one:8200/MeasureReport
[ALL-PATIENTS] MeasureReport: fetched 0 records
2026-04-19 16:04:47,216 - direct_fhir - ERROR - FHIR request failed while fetching all [Media] at [http://38.careit.one:8200/Media]: 401 Client Error: Unauthorized for url: http://38.careit.one:8200/Media
[ALL-PATIENTS] Media: fetched 0 records
2026-04-19 16:04:47,301 - direct_fhir - ERROR - FHIR request failed while fetching all [MedicationAdministration] at [http://38.careit.one:8200/MedicationAdministration]: 401 Client Error: Unauthorized for url: http://38.careit.one:8200/MedicationAdministration
[ALL-PATIENTS] MedicationAdministration: fetched 0 records
2026-04-19 16:04:47,405 - direct_fhir - ERROR - FHIR request failed while fetching all [MedicationDispense] at [http://38.careit.one:8200/MedicationDispense]: 401 Client Error: Unauthorized for url: http://38.careit.one:8200/MedicationDispense
[ALL-PATIENTS] MedicationDispense: fetched 0 records
2026-04-19 16:04:47,488 - direct_fhir - ERROR - FHIR request failed while fetching all [MedicationRequest] at [http://38.careit.one:8200/MedicationRequest]: 401 Client Error: Unauthorized for url: http://38.careit.one:8200/MedicationRequest
[ALL-PATIENTS] MedicationRequest: fetched 0 records
2026-04-19 16:04:47,606 - direct_fhir - ERROR - FHIR request failed while fetching all [MedicationStatement] at [http://38.careit.one:8200/MedicationStatement]: 401 Client Error: Unauthorized for url: http://38.careit.one:8200/MedicationStatement
[ALL-PATIENTS] MedicationStatement: fetched 0 records
2026-04-19 16:04:47,733 - direct_fhir - ERROR - FHIR request failed while fetching all [MedicinalProductAuthorization] at [http://38.careit.one:8200/MedicinalProductAuthorization]: 401 Client Error: Unauthorized for url: http://38.careit.one:8200/MedicinalProductAuthorization
[ALL-PATIENTS] MedicinalProductAuthorization: fetched 0 records
2026-04-19 16:04:47,846 - direct_fhir - ERROR - FHIR request failed while fetching all [MedicinalProductContraindication] at [http://38.careit.one:8200/MedicinalProductContraindication]: 401 Client Error: Unauthorized for url: http://38.careit.one:8200/MedicinalProductContraindication
[ALL-PATIENTS] MedicinalProductContraindication: fetched 0 records
2026-04-19 16:04:47,926 - direct_fhir - ERROR - FHIR request failed while fetching all [MedicinalProductIndication] at [http://38.careit.one:8200/MedicinalProductIndication]: 401 Client Error: Unauthorized for url: http://38.careit.one:8200/MedicinalProductIndication
[ALL-PATIENTS] MedicinalProductIndication: fetched 0 records
2026-04-19 16:04:48,031 - direct_fhir - ERROR - FHIR request failed while fetching all [MedicinalProductInteraction] at [http://38.careit.one:8200/MedicinalProductInteraction]: 401 Client Error: Unauthorized for url: http://38.careit.one:8200/MedicinalProductInteraction
[ALL-PATIENTS] MedicinalProductInteraction: fetched 0 records
2026-04-19 16:04:48,118 - direct_fhir - ERROR - FHIR request failed while fetching all [MedicinalProductPackaged] at [http://38.careit.one:8200/MedicinalProductPackaged]: 401 Client Error: Unauthorized for url: http://38.careit.one:8200/MedicinalProductPackaged
[ALL-PATIENTS] MedicinalProductPackaged: fetched 0 records
2026-04-19 16:04:48,204 - direct_fhir - ERROR - FHIR request failed while fetching all [MedicinalProductUndesirableEffect] at [http://38.careit.one:8200/MedicinalProductUndesirableEffect]: 401 Client Error: Unauthorized for url: http://38.careit.one:8200/MedicinalProductUndesirableEffect
[ALL-PATIENTS] MedicinalProductUndesirableEffect: fetched 0 records
2026-04-19 16:04:48,281 - direct_fhir - ERROR - FHIR request failed while fetching all [MolecularSequence] at [http://38.careit.one:8200/MolecularSequence]: 401 Client Error: Unauthorized for url: http://38.careit.one:8200/MolecularSequence
[ALL-PATIENTS] MolecularSequence: fetched 0 records
2026-04-19 16:04:48,369 - direct_fhir - ERROR - FHIR request failed while fetching all [NutritionOrder] at [http://38.careit.one:8200/NutritionOrder]: 401 Client Error: Unauthorized for url: http://38.careit.one:8200/NutritionOrder
[ALL-PATIENTS] NutritionOrder: fetched 0 records
2026-04-19 16:04:48,463 - direct_fhir - ERROR - FHIR request failed while fetching all [Observation] at [http://38.careit.one:8200/Observation]: 401 Client Error: Unauthorized for url: http://38.careit.one:8200/Observation
[ALL-PATIENTS] Observation: fetched 0 records
2026-04-19 16:04:48,575 - direct_fhir - ERROR - FHIR request failed while fetching all [Person] at [http://38.careit.one:8200/Person]: 401 Client Error: Unauthorized for url: http://38.careit.one:8200/Person
[ALL-PATIENTS] Person: fetched 0 records
2026-04-19 16:04:48,656 - direct_fhir - ERROR - FHIR request failed while fetching all [Procedure] at [http://38.careit.one:8200/Procedure]: 401 Client Error: Unauthorized for url: http://38.careit.one:8200/Procedure
[ALL-PATIENTS] Procedure: fetched 0 records
2026-04-19 16:04:48,742 - direct_fhir - ERROR - FHIR request failed while fetching all [Provenance] at [http://38.careit.one:8200/Provenance]: 401 Client Error: Unauthorized for url: http://38.careit.one:8200/Provenance
[ALL-PATIENTS] Provenance: fetched 0 records
2026-04-19 16:04:48,838 - direct_fhir - ERROR - FHIR request failed while fetching all [QuestionnaireResponse] at [http://38.careit.one:8200/QuestionnaireResponse]: 401 Client Error: Unauthorized for url: http://38.careit.one:8200/QuestionnaireResponse
[ALL-PATIENTS] QuestionnaireResponse: fetched 0 records
2026-04-19 16:04:48,918 - direct_fhir - ERROR - FHIR request failed while fetching all [RelatedPerson] at [http://38.careit.one:8200/RelatedPerson]: 401 Client Error: Unauthorized for url: http://38.careit.one:8200/RelatedPerson
[ALL-PATIENTS] RelatedPerson: fetched 0 records
2026-04-19 16:04:49,008 - direct_fhir - ERROR - FHIR request failed while fetching all [RequestGroup] at [http://38.careit.one:8200/RequestGroup]: 401 Client Error: Unauthorized for url: http://38.careit.one:8200/RequestGroup
[ALL-PATIENTS] RequestGroup: fetched 0 records
2026-04-19 16:04:49,087 - direct_fhir - ERROR - FHIR request failed while fetching all [ResearchSubject] at [http://38.careit.one:8200/ResearchSubject]: 401 Client Error: Unauthorized for url: http://38.careit.one:8200/ResearchSubject
[ALL-PATIENTS] ResearchSubject: fetched 0 records
2026-04-19 16:04:49,202 - direct_fhir - ERROR - FHIR request failed while fetching all [RiskAssessment] at [http://38.careit.one:8200/RiskAssessment]: 401 Client Error: Unauthorized for url: http://38.careit.one:8200/RiskAssessment
[ALL-PATIENTS] RiskAssessment: fetched 0 records
2026-04-19 16:04:49,286 - direct_fhir - ERROR - FHIR request failed while fetching all [ServiceRequest] at [http://38.careit.one:8200/ServiceRequest]: 401 Client Error: Unauthorized for url: http://38.careit.one:8200/ServiceRequest
[ALL-PATIENTS] ServiceRequest: fetched 0 records
2026-04-19 16:04:49,368 - direct_fhir - ERROR - FHIR request failed while fetching all [Specimen] at [http://38.careit.one:8200/Specimen]: 401 Client Error: Unauthorized for url: http://38.careit.one:8200/Specimen
[ALL-PATIENTS] Specimen: fetched 0 records
2026-04-19 16:04:49,468 - direct_fhir - ERROR - FHIR request failed while fetching all [SupplyDelivery] at [http://38.careit.one:8200/SupplyDelivery]: 401 Client Error: Unauthorized for url: http://38.careit.one:8200/SupplyDelivery
[ALL-PATIENTS] SupplyDelivery: fetched 0 records
2026-04-19 16:04:49,567 - direct_fhir - ERROR - FHIR request failed while fetching all [SupplyRequest] at [http://38.careit.one:8200/SupplyRequest]: 401 Client Error: Unauthorized for url: http://38.careit.one:8200/SupplyRequest
[ALL-PATIENTS] SupplyRequest: fetched 0 records
2026-04-19 16:04:49,653 - direct_fhir - ERROR - FHIR request failed while fetching all [Task] at [http://38.careit.one:8200/Task]: 401 Client Error: Unauthorized for url: http://38.careit.one:8200/Task
[ALL-PATIENTS] Task: fetched 0 records
2026-04-19 16:04:49,734 - direct_fhir - ERROR - FHIR request failed while fetching all [VisionPrescription] at [http://38.careit.one:8200/VisionPrescription]: 401 Client Error: Unauthorized for url: http://38.careit.one:8200/VisionPrescription
[ALL-PATIENTS] VisionPrescription: fetched 0 records
2026-04-19 16:04:49,822 - direct_fhir - ERROR - FHIR request failed while fetching all [Observation?category=vital-signs] at [http://38.careit.one:8200/Observation?category=vital-signs]: 401 Client Error: Unauthorized for url: http://38.careit.one:8200/Observation?category=vital-signs
[ALL-PATIENTS] vital_signs: fetched 0 records
[ALL-PATIENTS] patient=fb5b96d1-359f-4324-9b27-53a28585658a data={'allergyintolerance': 2, 'careplan': 1, 'communication': 3, 'condition': 111}
[ALL-PATIENTS] patient=b0c98aff-edfb-4e18-b0f3-449dba8dcfcf data={'allergyintolerance': 1, 'careplan': 1, 'communication': 1, 'condition': 339}
[ALL-PATIENTS] patient=e88eea34-5b44-40da-a0d7-4b3c8f4cdc43 data={'careplan': 1, 'condition': 261}
[ALL-PATIENTS] patient=86f0a454-3895-4ce1-9c3d-33e72883cfca data={}
[ALL-PATIENTS] patient=99fd6c6d-5040-465c-86ee-40c08db23a7a data={'condition': 17}
[ALL-PATIENTS] patient=2120a396-d9d2-4f25-ba00-bc7a4600ef04 data={'allergyintolerance': 2, 'careplan': 2, 'communication': 8, 'condition': 146}
[ALL-PATIENTS] patient=64433b0c-4df5-40b4-9f0d-de74a5e02d71 data={'allergyintolerance': 1, 'careplan': 1, 'communication': 1, 'condition': 24}
[ALL-PATIENTS] patient=cb391368-6651-4889-be12-394f9011071a data={}
[ALL-PATIENTS] patient=c0f1f3bc-83c0-4ea3-8a83-88e22a3f19f7 data={'allergyintolerance': 1, 'careplan': 1, 'condition': 22}
[ALL-PATIENTS] patient=8e47a455-0c49-47dc-8640-ce2167b569ef data={'condition': 6}
[ALL-PATIENTS] patient=95ee8c93-2b75-47c0-8ac5-4a9a3efb0eac data={'allergyintolerance': 1, 'careplan': 3, 'communication': 3, 'condition': 8}
[ALL-PATIENTS] patient=02da0da3-9f14-4186-9265-cec218c0d6c8 data={}
[ALL-PATIENTS] patient=6cc4a856-cd2b-4a62-983d-07d6d9573123 data={'careplan': 1, 'communication': 3, 'condition': 16}
[ALL-PATIENTS] patient=955d10c4-fced-4045-9236-926c2d06e9f6 data={'allergyintolerance': 2, 'careplan': 5, 'communication': 5, 'condition': 36}
[ALL-PATIENTS] patient=b30cb64b-9f35-45a4-8f71-f2774546ee53 data={}
[ALL-PATIENTS] patient=8f5711f4-9d64-41eb-99d3-f642afeaf971 data={}
[ALL-PATIENTS] patient=40a9c4e1-a0de-4339-9d78-bc081f579dfe data={'condition': 20}
[ALL-PATIENTS] patient=d6b91d89-848a-4dab-8dcd-90dc6ed1e62e data={'allergyintolerance': 1, 'careplan': 1, 'condition': 72}
[ALL-PATIENTS] patient=38070ebd-6458-4b73-b43f-f1cd654dc25f data={'condition': 1}
[ALL-PATIENTS] patient=28cde7cf-fd48-458e-b8b2-36666e4a091d data={}
[ALL-PATIENTS] patient=e71828d5-6a12-4f26-a78b-e56e2ac0aec2 data={}
[ALL-PATIENTS] patient=4b840e02-eab5-4d77-8972-5a6347e7e9ee data={}
[ALL-PATIENTS] patient=e3b8cf82-19e7-4a3f-99aa-5c8df205056a data={}
[ALL-PATIENTS] patient=c17362f3-4ecb-4146-bd8f-872016d5f1b2 data={}
[ALL-PATIENTS] patient=05d605aa-6923-4ba7-aa6d-f23576f2b364 data={'condition': 15}
[ALL-PATIENTS] patient=048f1b2f-4a9c-4faa-8ac5-56d4b3812b54 data={'allergyintolerance': 1, 'careplan': 1, 'condition': 23}
[ALL-PATIENTS] patient=a5e464a7-1ff7-4df1-b639-b0e5112155c0 data={'allergyintolerance': 2, 'careplan': 1, 'communication': 1, 'condition': 33}
[ALL-PATIENTS] patient=3328951d-406b-4d64-ac27-fd0f487578b2 data={'allergyintolerance': 2, 'careplan': 3}
[ALL-PATIENTS] patient=f126df8b-88ce-4b0c-baad-6bee7d2097b8 data={}
[ALL-PATIENTS] patient=284dde1d-e0f7-4280-abd1-a1b9ba1ebdad data={'allergyintolerance': 2, 'careplan': 3, 'communication': 4}
[ALL-PATIENTS] patient=561b8f07-c7ca-47a8-87f6-98e242318335 data={'allergyintolerance': 2, 'careplan': 1}
[ALL-PATIENTS] patient=fe12ebc2-bd3b-4c80-a032-bfb0a77084de data={'careplan': 4, 'communication': 1}
[ALL-PATIENTS] patient=59f80b34-b72d-4998-b131-78de1512b381 data={'allergyintolerance': 1, 'careplan': 1, 'communication': 3}
[ALL-PATIENTS] patient=5d497096-5cfe-4a05-b719-91ba480d1ced data={'careplan': 1}
[ALL-PATIENTS] patient=1eec9bfb-78f3-4df7-bd43-ba0b46d29b52 data={'allergyintolerance': 1, 'careplan': 8, 'communication': 11}
[ALL-PATIENTS] patient=c1810e9d-c2d3-4832-9264-c233f0b2e386 data={'allergyintolerance': 4, 'careplan': 1}
[ALL-PATIENTS] patient=195bf522-635b-4b58-a40e-b64a9ce0cb82 data={'allergyintolerance': 1}
[ALL-PATIENTS] patient=8ed94367-542c-4cb6-9f3c-197562900e93 data={}
[ALL-PATIENTS] patient=778a573a-1927-4815-bb78-59b6658041ab data={}
[ALL-PATIENTS] patient=0b2c4c0d-a9ee-407d-964d-641cbf6bcc69 data={}
[ALL-PATIENTS] patient=ca5a527f-61f3-4dde-b57b-f499107a5c00 data={'careplan': 2, 'communication': 4}
[ALL-PATIENTS] patient=06d7f392-7d38-411b-b342-3aff89e0e094 data={}
[ALL-PATIENTS] patient=746e21cd-84fa-48f9-92c3-fdaaea9c237b data={'allergyintolerance': 3, 'careplan': 3, 'communication': 12}
[ALL-PATIENTS] patient=4691fbe1-3de0-4fcc-92cf-36d0643f423f data={'allergyintolerance': 2, 'careplan': 1, 'communication': 6}
[ALL-PATIENTS] patient=05b0910c-9df2-435d-9d93-29e16303a3ba data={'allergyintolerance': 1, 'careplan': 2, 'communication': 8}
[ALL-PATIENTS] patient=6d94c5ec-cdca-4e30-b816-9340ef026137 data={'allergyintolerance': 1, 'careplan': 1, 'communication': 1}
[ALL-PATIENTS] patient=5cf5b1cb-4068-4e62-a7c6-237f45c1e8dd data={'allergyintolerance': 1, 'careplan': 3, 'communication': 6}
[ALL-PATIENTS] patient=1d25a8ed-cb1c-47b7-b117-d29f2a6a30b8 data={'allergyintolerance': 2, 'careplan': 1, 'communication': 1}
[ALL-PATIENTS] patient=6f39349c-5b11-4443-a191-9526755a78aa data={'allergyintolerance': 1, 'careplan': 1}
[ALL-PATIENTS] patient=3d73b64e-847a-48d8-ae7c-7c2d1da22b01 data={}
[ALL-PATIENTS] patient=41b45776-7934-4270-8190-7add4a3f3312 data={}
[ALL-PATIENTS] patient=3cbb7cbb-5985-4001-984b-337dab7f22f0 data={}
[ALL-PATIENTS] patient=8a729a96-8bb0-41e2-94e6-ef4e0eec146f data={'allergyintolerance': 1}
[ALL-PATIENTS] patient=b60e5900-3585-4ee2-828f-25dc2d6c9e6d data={'allergyintolerance': 1}
[ALL-PATIENTS] patient=3499f64e-da5e-4d8b-a663-a0e41d1e0be6 data={'allergyintolerance': 1}
[ALL-PATIENTS] patient=a60e46a6-f3ff-4903-9e9c-7e5c83a9f10e data={'allergyintolerance': 1, 'careplan': 4, 'communication': 8}
[ALL-PATIENTS] patient=d2d62f66-f506-437e-a5aa-69cf48ecac55 data={'allergyintolerance': 1, 'careplan': 3}
[ALL-PATIENTS] patient=d269164e-c0ee-4cff-ac9e-b92022bd7d1e data={'careplan': 1}
[ALL-PATIENTS] patient=08f2f336-3037-4c85-8a56-85f429175826 data={'careplan': 1, 'communication': 3}
[ALL-PATIENTS] patient=94cfce9b-a944-4e75-bc72-75906c379fac data={}
[ALL-PATIENTS] patient=ae77ea87-19f5-44ec-a601-cd165abb9012 data={}
[ALL-PATIENTS] patient=dbaf1718-128d-427d-8284-af0e7e807ae5 data={'careplan': 1}
[ALL-PATIENTS] patient=0deeca53-c951-4c62-9bd7-5b5ab6ae158b data={}
[ALL-PATIENTS] patient=9194262a-c768-4901-9d87-0d7ce8a1fd6f data={}
[ALL-PATIENTS] patient=b42e6e82-7c1b-4ebd-8dba-edf0525ff386 data={}
[ALL-PATIENTS] patient=8ab53206-b6c9-4979-955f-e0641d5a5321 data={}
[ALL-PATIENTS] patient=24b07e0e-3942-46c8-9467-f8cb482c07ec data={}
[ALL-PATIENTS] patient=a6a70375-b15a-4021-93c8-fa1f0535a0b9 data={}
[ALL-PATIENTS] patient=0e20ba57-484a-4ec7-b3b0-603b512647f3 data={}
[ALL-PATIENTS] patient=15543f33-949f-426a-a753-d9cd93c26b7d data={'careplan': 1, 'communication': 2}
[ALL-PATIENTS] patient=d2ac8194-54b3-42ea-aebd-57a00618b32a data={'communication': 1}
[ALL-PATIENTS] patient=3c35a3fb-8edd-4d5d-a8f1-2265a3dd9a3f data={}
[ALL-PATIENTS] patient=1df10ebf-6315-437b-9b13-15928cc5454f data={}
[ALL-PATIENTS] patient=d455d216-1587-4814-bafd-bb3fd0abd32b data={}
[ALL-PATIENTS] patient=71b78f98-2a85-4e74-9560-6127324852c6 data={}
[ALL-PATIENTS] patient=97b5d019-d18e-465a-829b-38ebf7279d1c data={}
[ALL-PATIENTS] patient=30fe1828-8683-44fb-8eb3-f8ab2ee26469 data={'allergyintolerance': 1, 'careplan': 1, 'communication': 1}
[ALL-PATIENTS] patient=f26a573e-e3f6-418b-92c3-90f43eccf027 data={'communication': 1}
[ALL-PATIENTS] patient=e9dea8de-2435-4f5d-b81e-1300f1a016c8 data={}
[ALL-PATIENTS] patient=f7db5147-b639-4229-87d3-fd01f0d7e6a1 data={'careplan': 2}
[ALL-PATIENTS] patient=84769e45-d7e3-49f3-8e44-c88ae9fcb417 data={}
[ALL-PATIENTS] patient=eb4824b8-68a7-4be5-ac3b-3894772defb6 data={}
[ALL-PATIENTS] patient=730701e5-8cdd-441f-8cce-847d27a8e569 data={'careplan': 4, 'communication': 6}
[ALL-PATIENTS] patient=d7c0b146-51cc-45bd-9d33-d267149cc298 data={'allergyintolerance': 2, 'careplan': 5, 'communication': 25}
[ALL-PATIENTS] patient=aed2d41f-1049-4c4f-b37f-2d199ac8fe14 data={'careplan': 1, 'communication': 5}
[ALL-PATIENTS] patient=02af2a87-ba3a-4498-b014-89a209b5d819 data={'allergyintolerance': 1, 'careplan': 2, 'communication': 9}
[ALL-PATIENTS] patient=8ddce39d-1379-4a94-a44d-c66724db5371 data={}
[ALL-PATIENTS] patient=4704c5d8-5df4-43a3-a58c-58bbd5e947f7 data={'communication': 2}
[ALL-PATIENTS] patient=1f6803e4-a6b3-4234-809b-909ffab75b6a data={}
[ALL-PATIENTS] patient=0bc7c5d5-f2d5-44e4-846e-79b88fa114bd data={}
[ALL-PATIENTS] patient=ffe1b79f-8303-4fc0-8531-2d9911f36f9d data={}
[ALL-PATIENTS] patient=7cd0f00b-6895-4fff-969a-7eaa9f2cec39 data={'careplan': 1, 'communication': 2}
[ALL-PATIENTS] patient=b925b7b1-4752-4b7b-80b2-6c3982c3dc57 data={'careplan': 1, 'communication': 2}
[ALL-PATIENTS] patient=7ae5affa-e994-4a9f-b3f6-261d99e23bed data={'careplan': 5, 'communication': 10}
[ALL-PATIENTS] patient=eb10eba3-39a5-4b87-b512-375e75f8039c data={'careplan': 1}
[ALL-PATIENTS] patient=d2d84ffa-58fd-4c18-bcad-36a0dfbc83db data={'allergyintolerance': 2, 'careplan': 14, 'communication': 46}
[ALL-PATIENTS] patient=e9165b17-d2d9-4a3b-92d9-2af7e457c8bf data={'communication': 12}
[ALL-PATIENTS] patient=272cc302-ea9e-45f2-896b-3f0134ba9a12 data={'allergyintolerance': 1, 'careplan': 3, 'communication': 4}
[ALL-PATIENTS] patient=97ab74b7-5ac9-43cb-897c-9964a772f8f8 data={'communication': 4}
[ALL-PATIENTS] patient=87a1c22f-1c17-48b7-8456-9efd7a805f20 data={}
2026-04-19 16:04:49,826 - direct_fhir - INFO - Done. 100 patients with clinical data attached.
2026-04-19 16:04:49,911 - direct_fhir - ERROR - FHIR request failed [metadata]: 401 Client Error: Unauthorized for url: http://38.careit.one:8200/metadata
[REFRESH] Completed refresh job 7678701b-ebd4-4371-8b5b-ac78bac29c6d
